no,code,year,scale,subs_mn,author,title,pages,lang,pct_of_aoi,in_gts_archive,base_data_path,base_data_folder_id,base_data_url,working_copy_folder,working_copy_id,text_L1L2_status,rag_markdown
2,0002,1936,1:500 000,1:500 000 геологийн зураглал · Гидрогеологийн судалгаа,в.н.бородько,Дг.аймгийн нутагт хийсэн газар доорх усны эрлийн тайлан,47,орос,0.9,тийм,G:/My Drive/JG GeoHub/04_Base_Data/01_GTS_Reports_Raw/0000-0999/0002,1NNlZkX0CVrDHCFyrlyEEpajFImNf4wwd,https://drive.google.com/drive/folders/1NNlZkX0CVrDHCFyrlyEEpajFImNf4wwd,0002_1936_Mapping500K,1hqcbj-_wIMYDh-t8VweL3Zac1Vy8GJo5,,0000-0999\0002_1936_StudyReport_Dornogov_aimgiin_nutagt_khiisen_gazar_doorkh_usny_erliin.md
57,0057,1932-1936,,"Сэдэвчилсэн, эрдэм шинжилгээ, мэдээлэл","н.к.кудрявцева,н.в.глазов,а.д.данилевский бусад",монголын ашигт малтмалын ба үйлдвэрлэлийн хэтийн төлвийн товч мэдээлэл,112,орос,100.0,тийм,G:/My Drive/JG GeoHub/04_Base_Data/01_GTS_Reports_Raw/0000-0999/0057,1q3SjTFxgiFXWKAnTIu7bEU4XWRU3D5lV,https://drive.google.com/drive/folders/1q3SjTFxgiFXWKAnTIu7bEU4XWRU3D5lV,0057_1932-1936_Thematic,1vK4H4hGYlRaKBKO-gf3TNpweyXLQy7pi,L2 done (бүрэн),0000-0999\0057_1975_StudyReport_Tsagaansuvarga_Mantakh_Metallogeny.md
397,0397,1943,,Гидрогеологийн судалгаа,в.чеховский,егүзөрийн ордын усан хангамжийн дүгнэлт,4,орос,34.68,тийм,G:/My Drive/JG GeoHub/04_Base_Data/01_GTS_Reports_Raw/0000-0999/0397,1HS9xzf4zQBdt-DCdo7W6nHYEGM8Qarab,https://drive.google.com/drive/folders/1HS9xzf4zQBdt-DCdo7W6nHYEGM8Qarab,0397_1943_Hydrogeology,19XaRUm_SxUY3V1hY_1mLICMTLENBHifU,,0000-0999\0397_1943_StudyReport_Yeguzer_Borehole110_Water_Conclusion.md
412,0412,1943,,Хайгуулын ажил,"н.а.маринова,н.е.невзоров",геол.гидрогеол.ба хөрсний судалгааны тайлан,454,орос,100.0,тийм,G:/My Drive/JG GeoHub/04_Base_Data/01_GTS_Reports_Raw/0000-0999/0412,1Ct4SACQ1fVOvHDLyDe3mqRB4YLHDnRJv,https://drive.google.com/drive/folders/1Ct4SACQ1fVOvHDLyDe3mqRB4YLHDnRJv,0412_1943_Exploration,1IR9ibbooU2g6OAd_9jPPzpkTz30Ms2Bz,,0000-0999\0412_1943_StudyReport_1000kList_Marinov_Nevzorov_DornodSukhbaatar_GeologyHydrogeologySoil.md
623,0623,1953,1:200 000,1:200 000 геологийн зураглал,"н.г.гражданцев, т.а.макурин",сайхан уулын районд хийсэн 1:200000 геол.зурагл.тайлан,570,орос,16.43,тийм,G:/My Drive/JG GeoHub/04_Base_Data/01_GTS_Reports_Raw/0000-0999/0623,1iuKzvJGWTQlBYPdQWxTv5ItQUrisMUmr,https://drive.google.com/drive/folders/1iuKzvJGWTQlBYPdQWxTv5ItQUrisMUmr,0623_1953_Mapping200K,1Wy0W5ettSvdlVEYk3_L56Ds4iEFnV1xi,,0000-0999\0623_1954_StudyReport_Saikhan_Uul_Rare_Metal_Geology.md
645,0645,1954,1:200 000,1:200 000 геологийн зураглал · Эрэл-үнэлгээний ажил,"в.ф.климов, е.л.спиридонов, м.а.пантюхина",тамсагийн хотост хийсэн эрлийн ажлын тайлан,196,орос,6.07,тийм,G:/My Drive/JG GeoHub/04_Base_Data/01_GTS_Reports_Raw/0000-0999/0645,1AjJssMF9zkOkSMklScBGi-doh7nCoxCx,https://drive.google.com/drive/folders/1AjJssMF9zkOkSMklScBGi-doh7nCoxCx,0645_1954_Mapping200K,17fDRiEI-6U0656bmJDbChM5K05-demIR,L2 done (бүрэн),0000-0999\0645_1954_StudyReport_50kList_Klimov_Spiridonov_Tamsag_210_211Unit.md
826,0826,1955-1956,1:25 000,Хайгуулын ажил,"д.и.федорович, т.к.кречетович",югзөрийн W-Мо-ны ордын хайгуулын тайлан,671,орос,34.68,тийм,G:/My Drive/JG GeoHub/04_Base_Data/01_GTS_Reports_Raw/0000-0999/0826,1GBcbZha1jO0XKV4mDpVw4KI8WKXjnwc9,https://drive.google.com/drive/folders/1GBcbZha1jO0XKV4mDpVw4KI8WKXjnwc9,0826_1955-1956_Exploration,1EHIckkbglJf6GyrXauBagYxDvSI1nod5,,0000-0999\0826_1956_StudyReport_Yeguzer_MolybdenumTungsten_Unit231.md
1278,1278,1953,,1:200 000 геологийн зураглал,"ю.а.шипков, б.а.балашов",халх голын районд хийсэн 1:200000 геол.зурагл.тайлан,163,орос,45.35,тийм,G:/My Drive/JG GeoHub/04_Base_Data/01_GTS_Reports_Raw/1000-1999/1278,1uJqAlhpu_3unEvnApqLLtHMS7N78boYS,https://drive.google.com/drive/folders/1uJqAlhpu_3unEvnApqLLtHMS7N78boYS,1278_1953_Mapping200K,1Jgoppj942G0nVaHEDvxbdi6OAhqOkzBn,,1000-1999\1278_1953_StudyReport_1_200_000_scale_geological_mapping.md
1303,1303,1954,1:200 000,1:200 000 геологийн зураглал,ю.а.шипков,бяруу-тамсагийн районд хийсэн 1:200000 геол.зурагл.тайлан,344,орос,47.65,тийм,G:/My Drive/JG GeoHub/04_Base_Data/01_GTS_Reports_Raw/1000-1999/1303,1SBGPdvU2Lf8p1xvZsO6MGU16OC58-9m3,https://drive.google.com/drive/folders/1SBGPdvU2Lf8p1xvZsO6MGU16OC58-9m3,1303_1954_Mapping200K,1IIUbGefyl7KWTCUpDxexZ5Mujk8Gse_r,blocked — эх скан алга (1663 PDF-д 4 х.),1000-1999\1303_1954_StudyReport_1_200_000_scale_geological_mapping.md
1323,1323,1956,1:100 000,1:100 000 геологийн зураглал,"м.с.шлейфер, а.г.гумеров",бяруутын районд хийсэн 1:100000 геол.зурагл.тайлан,117,орос,9.38,тийм,G:/My Drive/JG GeoHub/04_Base_Data/01_GTS_Reports_Raw/1000-1999/1323,1X1wLFHEjyDF2ustFJW7s8iTDXkHraZX7,https://drive.google.com/drive/folders/1X1wLFHEjyDF2ustFJW7s8iTDXkHraZX7,1323_1956_Mapping100K,1JzEvnchXOB32bZVHKuQz3QrQDqV5rZeF,,1000-1999\1323_1956_StudyReport_1_100_000_scale_geological_mapping.md
1324,1324,1956,1:100 000,1:100 000 геологийн зураглал,а.а.толмачевский,бяруутын районд хийсэн 1:100000 геол.зурагл.тайлан,150,орос,38.99,тийм,G:/My Drive/JG GeoHub/04_Base_Data/01_GTS_Reports_Raw/1000-1999/1324,1RbGuw0uvXodM3feUyWEOi3UhQ25xUZM9,https://drive.google.com/drive/folders/1RbGuw0uvXodM3feUyWEOi3UhQ25xUZM9,1324_1956_Mapping100K,1D2ZTenzTlQbJvAzF5TmM3yy_oqoDVTOQ,,1000-1999\1324_1956_StudyReport_1_100_000_scale_geological_mapping.md
1446,1446,1959,1:500 000,Геофизикийн судалгаа,"а.и.бутахин, с.н.кондаков, э.д.ларкин",зүүн монголын нутагт хийсэн уран агаарын геофиз.иж бүрэн судалгааны тайлан,340,орос,57.75,тийм,G:/My Drive/JG GeoHub/04_Base_Data/01_GTS_Reports_Raw/1000-1999/1446,10KHQC3Q9koaTiLphgITI74nOrcvpvA3A,https://drive.google.com/drive/folders/10KHQC3Q9koaTiLphgITI74nOrcvpvA3A,1446_1959_Geophysics,1VLxL33yz6AtMGdbwHlT3iC77hvM9VGGy,,1000-1999\1446_1957_StudyReport_airborne_geophysical_prospecting_uranium_other_minerals.md
1663,1663,1966,,Эрэл (эрлийн ажил),"э.в.окунев, н.с.окунева",до аймгийн нутагт хийсэн давсны эрэл-хайгуулын тайлан,545,орос,100.0,тийм,G:/My Drive/JG GeoHub/04_Base_Data/01_GTS_Reports_Raw/1000-1999/1663,1AIDqaB6LUEsZiUI1-48cfpFPoUAjUYdl,https://drive.google.com/drive/folders/1AIDqaB6LUEsZiUI1-48cfpFPoUAjUYdl,1663_1966_Prospecting,1_xbn8otVKbfclWnSyVIeIj3eqVuWt2qb,L2 done х.001–077; дутуу хуудас hold (Jak шийднэ),1000-1999\1663_1966_StudyReport_Dornod_Salt_Lakes_Sharaburdiinur.md
1708,1708,1959,,Геофизикийн судалгаа,"с.н.кондакав, а.и.бутахин, а.г.политов",зүүн монголын ураны ордуудад хийсэн агаарын геофиз.зурагл.тайлангийн мэдээлэл,41,орос,93.32,тийм,G:/My Drive/JG GeoHub/04_Base_Data/01_GTS_Reports_Raw/1000-1999/1708,1ZHOZoq5rKmmGhCmh37sSBbiLwAwSIeC9,https://drive.google.com/drive/folders/1ZHOZoq5rKmmGhCmh37sSBbiLwAwSIeC9,1708_1959_Geophysics,1b3H-dV2KbrllrPbFA20jYhHeaNU-n-xJ,,1000-1999\1708_1959_StudyReport_Informational_airborne_geophysical_prospecting_work_uranium.md
1762,1762,1966-1967,1:200 000,1:200 000 геологийн зураглал · Геофизикийн судалгаа,"в.и.блюменцвайг, а.и.попов",зүүн монголд хийсэн 1:200000 агаарын соронзон зурагл.тайлан,269,орос,100.0,тийм,G:/My Drive/JG GeoHub/04_Base_Data/01_GTS_Reports_Raw/1000-1999/1762,1ClhZsQCsUQdWIHzPBizhgLGK7Ojp7t2d,https://drive.google.com/drive/folders/1ClhZsQCsUQdWIHzPBizhgLGK7Ojp7t2d,1762_1966-1967_Mapping200K,1xK9cmNTd-zmQ4Cupofv0ggqZkTgKgIlZ,,1000-1999\1762_1966_StudyReport_1_200_000_scale_airborne_magnetic.md
1853,1853,1970,1:200 000,1:200 000 геологийн зураглал,"а.с.амгаа, б.гандулам, д.маам",хэрлэн голын тохойд чойбалсан хотоос зүүн ба өмнөт хэсэгт хийсэн 1:200000 геол.зурагл.тайлан,352,орос,100.0,тийм,G:/My Drive/JG GeoHub/04_Base_Data/01_GTS_Reports_Raw/1000-1999/1853,16kGl-70kVAgMc9TtKfwowZOw87sYbN59,https://drive.google.com/drive/folders/16kGl-70kVAgMc9TtKfwowZOw87sYbN59,1853_1970_Mapping200K,1g29GpGs-vg8f64KgK8xxw34JprzzfNCa,"L2 done ихэнх; х.218–219, 220–232, 243–252, 253–269 L2 явагдаж байна",1000-1999\1853_1970_StudyReport_Kherlen_Minor_Bend_West_Bank_Choibalsan_Party7.md
1889,1889,1970,1:200 000,1:200 000 геологийн зураглал,"и.хорват, а.ямбар, г.часар",чойбалсан хотоос баруун урагш орших хандар уулын районд хийсэн 1:200000геол.зурагл.тайлан,313,орос,100.0,тийм,G:/My Drive/JG GeoHub/04_Base_Data/01_GTS_Reports_Raw/1000-1999/1889,1Vmq3GTNNfgznUIvhUuOYGaO6V4rCYRMq,https://drive.google.com/drive/folders/1Vmq3GTNNfgznUIvhUuOYGaO6V4rCYRMq,1889_1970_Mapping200K,1N2l0_Qxt0FEmmEFfp_MPubDqJT-NS85U,L2 done (фрагмент),1000-1999\1889_1970_StudyReport_Choibalsan_SW_200K_Mapping_Khadato_Cu_Fragment.md
2025,2025,1971-1972,1:50 000,1:50 000 геологийн зураглал · Эрэл (эрлийн ажил),"д.аюуш, ц.өндөрнасан, г.редченко","егүзөр ордын эрэл, хайгуулын тайлан",570,орос,34.68,тийм,G:/My Drive/JG GeoHub/04_Base_Data/01_GTS_Reports_Raw/2000-2999/2025,1xrnptHlbSNS6knnHK2qPzZLep8uomblB,https://drive.google.com/drive/folders/1xrnptHlbSNS6knnHK2qPzZLep8uomblB,2025_1971-1972_Mapping50K,1aUxRV4ZdXQcwsR-ylRAfEq3_k4CD-bN8,,2000-2999\2025_1971_StudyReport_Sukhbaatar_Mineral_Resources.md
2149,2149,1974,1:25 000,Эрэл (эрлийн ажил),"д.пунцагдэлэг, а.я.гааз, в.я.беспалов","егүзөрийн ордын эрэл,хайгуулын тайлан",87,орос,100.0,тийм,G:/My Drive/JG GeoHub/04_Base_Data/01_GTS_Reports_Raw/2000-2999/2149,1FLcrnP3I2hfLSv0cwikwisv_8VjIvrvU,https://drive.google.com/drive/folders/1FLcrnP3I2hfLSv0cwikwisv_8VjIvrvU,2149_1974_Prospecting,1s1tjoypz1VfLz7Ms1nvDmUNhyVtn2vWZ,,2000-2999\2149_1974_StudyReport_Tungsten.md
2153,2153,1973-1974,,Хайгуулын ажил,"а.дамиран, в.а.коробкин, б.найдан","тамсагийн хотосын өмнөт хэсэгт хийсэн эрэл,нүүрсний хөөт ордын хайгуулын тайлан",89,орос,100.0,тийм,G:/My Drive/JG GeoHub/04_Base_Data/01_GTS_Reports_Raw/2000-2999/2153,1YGj_liQtLcMmFxwUmprbYNWuk1pnALKL,https://drive.google.com/drive/folders/1YGj_liQtLcMmFxwUmprbYNWuk1pnALKL,2153_1973-1974_Exploration,1Uc85FoMVZ5U33bOeQDnsiFVafE7Kqskh,,
2348,2348,1975,1:100 000,1:50 000 геологийн зураглал,"в.беспалов, ч.жадамба",егүзөр ба төв ордын районд хийсэн 1:50000 эрлийн тайлан,164,орос,2.36,тийм,G:/My Drive/JG GeoHub/04_Base_Data/01_GTS_Reports_Raw/2000-2999/2348,1xZH_c81aOvS5WMM62ZSmH84tzH5duB_s,https://drive.google.com/drive/folders/1xZH_c81aOvS5WMM62ZSmH84tzH5duB_s,2348_1975_Mapping50K,1W2qfNE2IwsvrKvDvQRH3OC1bEU1onPcg,,2000-2999\2348_1976_StudyReport_Sukhbaatar_Prospecting.md
2409,2409,1971,1:200 000,Эрэл-үнэлгээний ажил,"л.д.чирцов, г.г.ильин, в.к.полетаев",зүүн монголд хийсэн U-ны эрлийн тайлан,466,орос,54.65,тийм,G:/My Drive/JG GeoHub/04_Base_Data/01_GTS_Reports_Raw/2000-2999/2409,1g_f-oJ__K3dKVIJ-SjBqwfh5LTYJuJKZ,https://drive.google.com/drive/folders/1g_f-oJ__K3dKVIJ-SjBqwfh5LTYJuJKZ,2409_1971_Evaluation,1Nx_s-jIs2BOkAnE-KMkvQf0b4o00iGLP,,2000-2999\2409_1971_StudyReport_Dornod_Prospecting.md
2411,2411,1972,1:200 000,Геофизикийн судалгаа,"д.а.самович, а.и.марков, в.а.чернышев",зүүн монголд хийсэн агаарын гаммаспектрометрийн эрлийн тайлан,148,орос,100.0,тийм,G:/My Drive/JG GeoHub/04_Base_Data/01_GTS_Reports_Raw/2000-2999/2411,1w8pmpz-ReX-22JR0AyMGv4Sx1irfCh9F,https://drive.google.com/drive/folders/1w8pmpz-ReX-22JR0AyMGv4Sx1irfCh9F,2411_1972_Geophysics,1zkgmazkS0iSqudH4lOdXNmzzZSKTPI1g,,2000-2999\2411_1972_StudyReport_Dornod_Geophysics_Survey.md
2452,2452,1981,,Геофизикийн судалгаа,"д.а.самович, а.и.марков, б.м.ефимов","сб,хэ аймгийн нутагт хийсэн агаарын геофиз.1:200000 комплекс судалгааны тайлан",543,орос,55.95,тийм,G:/My Drive/JG GeoHub/04_Base_Data/01_GTS_Reports_Raw/2000-2999/2452,18oOOU_crQCQTFzFOF7qJFA-Wh0njsqHl,https://drive.google.com/drive/folders/18oOOU_crQCQTFzFOF7qJFA-Wh0njsqHl,2452_1981_Geophysics,1UjlDLAGs24FB7XNRMlnRnq3nMoXHh_VW,,2000-2999\2452_1981_StudyReport_Dornod_Geophysics_Survey.md
2576,2576,1974-1976,1:25 000,Хайгуулын ажил,"и.н.бабкин, ю.и.максименко, н.н.бабкина",Мо-W-ын егүзөр ордын урьд.хайгуулын тайлан,561,орос,34.68,тийм,G:/My Drive/JG GeoHub/04_Base_Data/01_GTS_Reports_Raw/2000-2999/2576,1Vq2imvdzC0xuLhmH9cOyxSnTh0HLKWLH,https://drive.google.com/drive/folders/1Vq2imvdzC0xuLhmH9cOyxSnTh0HLKWLH,2576_1974-1976_Exploration,1TcVuaQLkcbKGHaIDF2e9fGSGajaDqlrc,,2000-2999\2576_1974_StudyReport_Sukhbaatar_Exploration.md
2704,2704,1976,,Эрэл-үнэлгээний ажил,"л.мөнхтогоо, с.жагар","сб аймгийн өмнөт хэсэгт хийсэн нүүрсний эрэл,хайгуулын тайлан",101,монгол,34.68,тийм,G:/My Drive/JG GeoHub/04_Base_Data/01_GTS_Reports_Raw/2000-2999/2704,14gOXLlFh8Cx88hDaZB-CSBu_CoJCKerx,https://drive.google.com/drive/folders/14gOXLlFh8Cx88hDaZB-CSBu_CoJCKerx,2704_1976_Evaluation,1z2iD3mxMuE9oo2ZTlBEAq21v9SB1BuYN,,2000-2999\2704_1976_StudyReport_Sukhbaatar_Prospecting.md
2739,2739,1947-1977,1:25 000,Эрэл (эрлийн ажил),"р.жарантай, и.н.бабкин, ю.и.максименко",төв ордын районд хийсэн 1:10000 эрлийн тайлан,287,орос,34.68,тийм,G:/My Drive/JG GeoHub/04_Base_Data/01_GTS_Reports_Raw/2000-2999/2739,1bGffo6yRsH9EzVRveq2gDIdi1NoSDIBe,https://drive.google.com/drive/folders/1bGffo6yRsH9EzVRveq2gDIdi1NoSDIBe,2739_1947-1977_Prospecting,1XEDb0XaXK7N28y43nd8lZZ4X2OB5olCr,,2000-2999\2739_1974_StudyReport_Sukhbaatar_Prospecting.md
2992,2992,1976-1977,1:50 000,Эрэл-үнэлгээний ажил,"ч.жадамба, д.пунцагдэлэг",егүзэрийн хүдрийн районы баян-уул-нүхтийн ба уртын талбайд хийсэн ерөнхий ба нарийв.эрлийн тайлан,96,орос,34.68,тийм,G:/My Drive/JG GeoHub/04_Base_Data/01_GTS_Reports_Raw/2000-2999/2992,1swA3ESXoxZL-ESYCbV0Dd0wAbEP9aGBv,https://drive.google.com/drive/folders/1swA3ESXoxZL-ESYCbV0Dd0wAbEP9aGBv,2992_1976-1977_Evaluation,1m7P-2YI_4BxZOpiFMqTt9K2awjwEmCZV,,2000-2999\2992_1976_StudyReport_Prospecting.md
3562,3562,1978-1980,1:100 000,Эрэл (эрлийн ажил),"р.жарантай, д.арслан","төв,егүзөрийн орд, арван сар, уртын илрэлд хийсэн эрэл,хайгуулын тайлан",450,орос,100.0,тийм,G:/My Drive/JG GeoHub/04_Base_Data/01_GTS_Reports_Raw/3000-3999/3562,1F4HXyAnS615Rjh-iMytYCMNvk3D-tlMs,https://drive.google.com/drive/folders/1F4HXyAnS615Rjh-iMytYCMNvk3D-tlMs,3562_1978-1980_Prospecting,1Ss7Batff6oPv-s42WYobwZKLqCZfk3yK,,3000-3999\3562_1983_Study_Report_1978-1980.md
3651,3651,1983,,Гидрогеологийн судалгаа,"ц.иванов, о.мангалсүрэн, м.рэнцэнтогтох",сб аймгийн нутагт 1983 онд хийсэн гидрогеол.геофиз.судалгааны тайлан,142,орос,48.58,тийм,G:/My Drive/JG GeoHub/04_Base_Data/01_GTS_Reports_Raw/3000-3999/3651,1z3U_GApyfg7ygvWrTUy4htyZWn6SOoDy,https://drive.google.com/drive/folders/1z3U_GApyfg7ygvWrTUy4htyZWn6SOoDy,3651_1983_Hydrogeology,1_tTXBgOr-X8wf692mE-vrPwcZmX1x7TY,,3000-3999\3651_1984_Hydrogeology_Report_1983.md
4772,4772,1994,1:500 000,1:200 000 геологийн зураглал,Д.Батэрдэнэ,Монголын шатдаг занар түүний хэтийн төлөв,53,монгол,100.0,тийм,G:/My Drive/JG GeoHub/04_Base_Data/01_GTS_Reports_Raw/4000-4999/4772,1ikX71F-NIc1S8iZKOoHhBcTBQ3DbaMjE,https://drive.google.com/drive/folders/1ikX71F-NIc1S8iZKOoHhBcTBQ3DbaMjE,4772_1994_Mapping200K,13lcyFxcZPmU7i0vbhC6DVdrzYA7i9GWe,,4000-4999\4772_0000_Study_Report_Report.md
5000,5000,1991-95,1:200 000,1:200 000 геологийн зураглал,"Д.Ганбат, Б.Бямбаа","Дорнот, Сүхбаатар аймгийн нутагт хийсэн 1:200000-ны геологийн бүлэгчилсэн зураглалын тайлан",575,монгол,80.18,тийм,G:/My Drive/JG GeoHub/04_Base_Data/01_GTS_Reports_Raw/5000-5999/5000,1YQ-kNMaA06WKXfPPxq_FkTBnXI84DjrD,https://drive.google.com/drive/folders/1YQ-kNMaA06WKXfPPxq_FkTBnXI84DjrD,5000_1991-95_Mapping200K,1e9sYls54Mp5HRDy26ygXxXh-YHunY96T,L2 done х.001–030; L1 done х.031–111; х.112–517 + zzz/listiii todo,5000-5999\5000_1995_StudyReport_Dornod_Sukhbaatar_aimgiin_nutagt_khiisen_1_200_000.md
5020,5020,1993-95,1:200 000,1:200 000 геологийн зураглал,"Д.Лхагдорж, П.Хосбаяр_ Б.Дамдинжав_ З.Гансүх","L-48-XXIII, XXVI, XXIX, XXX, L-50-XIX, XXV хавтгайд хийсэн 1:200000-ны геологийн бүлэгчилсэг зураглалын тайлан",534,монгол,10.38,тийм,G:/My Drive/JG GeoHub/04_Base_Data/01_GTS_Reports_Raw/5000-5999/5020,1SlV8C9YraNLdoGCSHhlekLi4Ml1TiwxW,https://drive.google.com/drive/folders/1SlV8C9YraNLdoGCSHhlekLi4Ml1TiwxW,5020_1993-95_Mapping200K,1Uwuhku0XwaygkaU5yZbeY1Okzsnv8vb9,todo — Jak-ын go хүлээж байна,5000-5999\5020_1996_StudyReport_Dariganga_200K_Geological_Mapping.md
5172,5172,1996-98,1:200 000,1:200 000 геологийн зураглал,"Ш.Лхүндэв,Ч.Төмөрчөдөр.","Дорнод аймгийн Матад,Сүхбаатар аймгийн Сүхбаатар сумын нутагт 1996-1998 ондхийсэн 1:200000-ны масштабтай геологийн зураглалын ажлын үр дүнгийн тайлан",489,монгол,9.59,тийм,G:/My Drive/JG GeoHub/04_Base_Data/01_GTS_Reports_Raw/5000-5999/5172,1-ETP8H7N-aEocKOurfAIFsCKlcutzI2r,https://drive.google.com/drive/folders/1-ETP8H7N-aEocKOurfAIFsCKlcutzI2r,5172_1996-98_Mapping200K,12Zo6eKIZcAHscfNz9NWOIE4f5RMgsilC,todo — Jak-ын go хүлээж байна,5000-5999\5172_1998_StudyReport_Matad_200K_Geological_Mapping.md
5600,5600,,,1:50 000 геологийн зураглал,,,,,10.03,тийм,G:/My Drive/JG GeoHub/04_Base_Data/01_GTS_Reports_Raw/5000-5999/5600,1OrO8gS1oaiD942qv_cZVZ4ICKd5kPx86,https://drive.google.com/drive/folders/1OrO8gS1oaiD942qv_cZVZ4ICKd5kPx86,5600_nd_Mapping50K,1H_HOxz1p0xWQu6EM6ry5bNbKdiS_ot3w,hold — жинхэнэ тайлан эсэхийг Jak баталгаажуулна,5000-5999\5600_0000_StudyReport_Sukhbaatar_Erdenetsagaan_Khukhtei_50K_Geological_Mapping.md
6160,6160,,,1:50 000 геологийн зураглал,,,,,24.5,тийм,G:/My Drive/JG GeoHub/04_Base_Data/01_GTS_Reports_Raw/6000-6999/6160,1AQt5Fk7PjbshQr1nKHgwIsW1Nx_2Nwbi,https://drive.google.com/drive/folders/1AQt5Fk7PjbshQr1nKHgwIsW1Nx_2Nwbi,6160_nd_Mapping50K,1AB-pxd0OCvPhkqrBtl956iXxDX5UHsE3,"blocked — эх скан алга (PDF 0, 44 native doc)",6000-6999\6160_2009_StudyReport_Arbulagiin_Talbaid_Guitsetgesen_Zuraglal_Erunkhii_Erel.md
6180,6180,,,1:50 000 геологийн зураглал,,,,,6.68,тийм,G:/My Drive/JG GeoHub/04_Base_Data/01_GTS_Reports_Raw/6000-6999/6180,1Sg8F4eQ7L3dAW1A5UcIej4-utRcBZPtX,https://drive.google.com/drive/folders/1Sg8F4eQ7L3dAW1A5UcIej4-utRcBZPtX,6180_nd_Mapping50K,1mhH9gB5k6tDkozcwTn-cXPRRLu6LKLeA,hold — жинхэнэ тайлан эсэхийг Jak баталгаажуулна,6000-6999\6180_2009_StudyReport_Khaltaryn_Gov_Talbaid_Guitsetgesen_Zuraglal_Erunkhii_Erel.md
6314,6314,,,Хайгуулын ажил,О. Гомбобаатар Д. Доржготов О. Цэвэгсүрэн Н. Батдорж,Сүхбаатар аймгийн Эрдэнэцагаан сумын нутагт орших Билүүт уул нэртэй хайгуулын 15301Х тусгай зөвшөөрлийн талбай дахь Егүзэрийн гянтболд-молибдений ордын зүүн хэсэгт 2009-2010 онд гүйцэтгэсэн хайгуулын ажлын үр дүнгийн тайлан. Лиценз №1530IX,,,0.47,тийм,G:/My Drive/JG GeoHub/04_Base_Data/01_GTS_Reports_Raw/6000-6999/6314,1oAx3C79mYXzEdxuROi0XR1MYiDZ1iQWs,https://drive.google.com/drive/folders/1oAx3C79mYXzEdxuROi0XR1MYiDZ1iQWs,6314_nd_Exploration,1Z72wqBS3ozg6TlO7cudbJNpxf02Yrva5,,6000-6999\6314_2010_StudyReport_Sukhbaatar_Erdenetsagaan_Orshikh_Biluut_Uul_Nertei_Talbai_Dakh.md
6443,6443,,,Хайгуулын ажил,Ч. Батцэнгэл Р. Жарантай О. Бямбацогт Э. Цогтбаатар,Сүхбаатар аймгийн Эрдэнэцагаан сумын нутагт орших Өвөрбаянгийн молибдений ордод 2006-2010 онуудад гуйцэтгэсэн нарийвчилсан хайгуулын ажлын үр дүнгийн тайлан. Лиценз 11123А,,,0.01,тийм,G:/My Drive/JG GeoHub/04_Base_Data/01_GTS_Reports_Raw/6000-6999/6443,1_Bl7iSDkccE56W_kOeIgYDTAvycbZabk,https://drive.google.com/drive/folders/1_Bl7iSDkccE56W_kOeIgYDTAvycbZabk,6443_nd_Exploration,1K1hMEqI2r64E5M-U_v7nhovjhpV45otT,,6000-6999\6443_2010_StudyReport_Sukhbaatar_Erdenetsagaan_Orshikh_Uvurbayangiin_Molibdenii_Ordod_Guitse.md
0,0000,1975,1:200 000,1:50 000 геологийн зураглал,"V.I.Blimenshvaig, A.I.Popov","Report on results of 1:50,000 Scale general prospecting carried out in the area of the Eguuzer and the Central Deposits",,,100.0,үгүй,,,,,,,
1,0001,1975,,1:50 000 геологийн зураглал,V.Bespalov and Ch.Jadamba,"Report on results of 1:50,000 Scale general prospecting carried out in the area of the Eguuzer and the Central Deposits",,,1.46,үгүй,,,,,,,0000-0999\0001_1935_StudyReport_1935_ond_gidrogeologiin_angiin_Dundgov_Dornogov_Khentii_aimguudyn.md
12,0012,1938,,Эрэл-үнэлгээний ажил,в.и.жерехов,"Дорнод,Сүхбаатар аймгийн нутагт хийсэн нүүрсний эрлийн тайлан",7,орос,34.68,үгүй,,,,,,,0000-0999\0012_1938_StudyReport_Dornod_Sukhbaatar_aimgiin_nutagt_khiisen_nuursnii_erliin_tailan.md
14,0014,1939,,Гидрогеологийн судалгаа · Эрэл-үнэлгээний ажил,в.и.жерехов,Егүзөрийн хийдийн районы нүүрсний эрлийн тайлан,66,орос,44.74,үгүй,,,,,,,0000-0999\0014_1937_StudyReport_Eguzor_khiidiin_duuregt_1938_ond_khiisen_nuursnii_erliin.md
20,0020,1937-1938,,Гидрогеологийн судалгаа,"в.ф.ковалев, и.а.намедов",Зүүн монголын зарим районы усан хангамжийн судалгааны тайлан,269,орос,100.0,үгүй,,,,,,,0000-0999\0020_1939_StudyReport_Zuun_Mongolyn_zarim_raiony_usan_khangamjiin_sudalgaany_tailan.md
31,0031,1934,,Гидрогеологийн судалгаа,в.н.попов,Дорнод аймгийн нутагт хийсэн газар дооорх усны эрлийн тайлан.,469,орос,45.35,үгүй,,,,,,,0000-0999\0031_1937_StudyReport_Usny_1_r_angiin_1934_ond_Dornod_aimagt.md
49,0049,1938,,Гидрогеологийн судалгаа,"грастаньянц,егоров,васин",зүүн монголын газар доорх усны горимын судалгааны тайлан,63,орос,73.67,үгүй,,,,,,,0000-0999\0049_1938_StudyReport_1938_1939_ony_khoorond_guitsetgesen_Zuun_Mongolyn_gazar.md
64,0064,1939,,Гидрогеологийн судалгаа,ю.ф.ковалев,зүүн монголын районд хийсэн нүүрсний эрлийн урьдчилсан тайлан,31,орос,34.68,үгүй,,,,,,,0000-0999\0064_1939_StudyReport_Zuun_Mongolyn_raiond_khiisen_usny_erliin_ajlyn_urdchilsan.md
65,0065,1939,,Хайгуулын ажил,п.н.шпанов,баянцогтын ордын хайгуулын тайлан,30,орос,34.68,үгүй,,,,,,,0000-0999\0065_1939_StudyReport_Bayantsogtyn_ordyn_khaiguulyn_tailan.md
72,0072,1939,,Гидрогеологийн судалгаа,п.а.панкратов,до.хэ.аймгийн нутагт хийсэн газар доорх усны эрлийн тайлан,167,орос,34.68,үгүй,,,,,,,0000-0999\0072_1939_StudyReport_Dornod_Khentii_aimgiin_nutagt_khiisen_gazar_doorkh_usny.md
114,0114,1942,,Гидрогеологийн судалгаа,чеховский,егүзөр хийдийн W-ын үйлдвэрийн усан хангамжийн тухай дүгнэлт,1,орос,34.68,үгүй,,,,,,,0000-0999\0114_1942_StudyReport_Eguzeriin_khiidiin_gyantboldyn_uildveriin_usan_khangamjiin_tukhai.md
117,0117,1942,,"Ордын нөөцийн тооцоо, үнэлгээ",ю.с.желубовский,зүүн хойд монголын нефтийн тухай мэдээлэл,3,орос,34.68,үгүй,,,,,,,0000-0999\0117_1942_StudyReport_Mongol_orny_zuun_khoid_khesgiin_gazryn_tosny_shine.md
118,0118,1941,,"Ордын нөөцийн тооцоо, үнэлгээ",в.ф.ковалев,монголын шаврын ордны мэдээлэл,2,орос,9.59,үгүй,,,,,,,0000-0999\0118_1941_StudyReport_Mongol_orny_shavryn_ordyn_tukhai_medeelel.md
289,0289,1941,,"Ордын нөөцийн тооцоо, үнэлгээ",в.ковалев,W-ын егүзөрийн ордын товч дүгнэлт,2,орос,34.68,үгүй,,,,,,,0000-0999\0289_1941_StudyReport_Gyantboldyn_Eguzoriin_ordyn_tovch_dugnelt.md
290,0290,1941,,"Ордын нөөцийн тооцоо, үнэлгээ","в.ф.ковалев,н.ф.соловьев",егүзөрийн W-ын ордын районы талаарх мэдээлэл,31,орос,34.68,үгүй,,,,,,,0000-0999\0290_1941_StudyReport_Eguzoriin_gyantboldyn_ordyn_raiony_talaarkh_medeelel.md
293,0293,1941,,"Сэдэвчилсэн, эрдэм шинжилгээ, мэдээлэл",к.г.вовк,до.аймагт хийсэн эрэл шалгуурын ажлын дун,32,орос,45.35,үгүй,,,,,,,0000-0999\0293_1941_StudyReport_Dornod_aimagt_khiisen_erel_shalgaltyn_ajlyn_dungiin_tailan.md
294,0294,1939,,1:200 000 геологийн зураглал · Гидрогеологийн судалгаа,"в.ф.ковалев, н.ф.соловьев",до.хэ.аймагт хийсэн 1:200000 геол.гидрогеол.зурагл.тайлан,175,орос,73.67,үгүй,,,,,,,0000-0999\0294_1939_StudyReport_Gidro_geologiin_2_r_angiin_1939_ond_BNMAU.md
327,0327,1941,,"Гидрогеологийн судалгаа · Сэдэвчилсэн, эрдэм шинжилгээ, мэдээлэл",сорокин,зүүн монголын гадаргуугийн болон гүний усны тухай мэдээлэл,27,орос,100.0,үгүй,,,,,,,0000-0999\0327_1938_StudyReport_BNMAU_n_zuun_busiin_gadargiin_bolon_gazryn_doorkh.md
332,0332,1938-1942,,1:1 000 000 ба түүнээс жижиг зураглал,"н.л.кудрявцева, в.н.попов, а.л.данилевский",зүүн монголын геол.гидрогеол.болон ашигт малтмалын талаархи нэгдсэн дүгнэлт,749,орос,100.0,үгүй,,,,,,,0000-0999\0332_1941_StudyReport_Zuun_Mongolyn_geologi_gidrogeologi_bolon_ashigt_maltmalyn_tukhai.md
356,0356,1942,,"Ордын нөөцийн тооцоо, үнэлгээ",с.смирнов,егүзөрийн W-ын ордын тухай дүгнэлт,27,орос,34.68,үгүй,,,,,,,0000-0999\0356_1941_StudyReport_Eguzeriin_gyantboldyn_ordyn_tukhai_dugnelt.md
376,0376,1942,,Гидрогеологийн судалгаа,в.чеховский,егүзөрийн ордын усан хангамжийн зориулалтаар өрөмдсөн 107-р цооногийн дүугнэлт,11,орос,34.68,үгүй,,,,,,,0000-0999\0376_1942_StudyReport_Eguzoriin_ordyn_usan_khangamjiin_zoriulaltaar_oromdson_107_r.md
377,0377,1942,,Гидрогеологийн судалгаа,чеховский,егүзөрийн 4-р тусгай эксп. талбайн усан хангамжийн зориулалттай өрөмдсөн 108-р цооногийн дүгнэлт,9,орос,34.68,үгүй,,,,,,,0000-0999\0377_1942_StudyReport_Eguzeriin_bayajuulakh_uildveriin_usan_khangamjind_zoriulj_oromdson_108.md
378,0378,1942,,Гидрогеологийн судалгаа,чеховский,егүзөрийн 4-р тусгай эксп.талбайн усан хангамжийн зориулалттай өрөмдсөн 109-р цооногийн дүгнэлт,12,орос,34.68,үгүй,,,,,,,0000-0999\0378_1942_StudyReport_Eguzoriin_talbaid_usan_khangamjiin_zoriulalttai_oromdson_109_r.md
386,0386,1943,,Хайгуулын ажил,в.в.дельнов,"баруун ховд гол, нүхт голын хөндий дэх батгуйн гянт болд, цагаан тугалганы шороон ордод хийсэн хайгуулын урьд.тайлан",24,орос,34.68,үгүй,,,,,,,0000-0999\0386_1942_StudyReport_1943_ond_44_r_angi_Baruun_Khovd_gol.md
391,0391,1941,,"Ордын нөөцийн тооцоо, үнэлгээ","ф.к.шипулин, м.и.носиков,к.помазков","нүүрс, гантигийн ордуудын лавлах материал (паспорт)",88,орос,34.68,үгүй,,,,,,,0000-0999\0391_1938_StudyReport_Mongol_orny_nuurs_davs_bal_chuluu_khailuur_jonsh.md
396,0396,1943,,Гидрогеологийн судалгаа,и.с.усенко,егүзөрийн ордын орчимын газар доорх усны эрлийн дүгнэлт,89,орос,34.68,үгүй,,,,,,,0000-0999\0396_1942_StudyReport_Eguzoriin_ord_deer_tsokhiltot_argaar_oromdson_tsoonoguudyn_bichiglelii.md
404,0404,1943,,1:500 000 геологийн зураглал,"м.и.александрова,н.кудрявцева, а.и.перельман",тамсагийн өргөгдөлийн районд хийсэн 1:500000 геол.зурагл.тайлан,277,орос,100.0,үгүй,,,,,,,0000-0999\0404_1943_StudyReport_1943_ond_55_r_angiin_Tamsagiin_orgogdoliin_duuregt.md
422,0422,1943-1944,,"Ордын нөөцийн тооцоо, үнэлгээ","ю.с.желубовский, м.а.анпилов, в.а.чеховский",егүзөрийн ордын нөөцийн тооцоо,422,орос,34.68,үгүй,,,,,,,0000-0999\0422_1942_StudyReport_1943_ond_Eguzeriin_gyantbold_molibdeny_ord_deer_khiisen.md
445,0445,1943,,Эрэл (эрлийн ажил),в.в.дельнов,"егүзөрийн районд хийсэн эрэл,хайгуулын тайлан",183,орос,34.68,үгүй,,,,,,,0000-0999\0445_2024_StudyReport_Baruun_Khovd_gol_Bauryn_Khovd_gol_Baruun_Nukhetiin.md
452,0452,1945,,Гидрогеологийн судалгаа,н.а.маринов,зүүн монголын газар доорхи усны тухай мэдээлэл,269,орос,100.0,үгүй,,,,,,,0000-0999\0452_1944_StudyReport_Zuun_Mongolyn_gazryn_doorkh_usny_medeelel.md
457,0457,1946,,"Сэдэвчилсэн, эрдэм шинжилгээ, мэдээлэл",ю.с.желубовский,79-р ангийн жилийн ажлын тайлан,3,орос,100.0,үгүй,,,,,,,0000-0999\0457_1946_StudyReport_79_r_angiin_1946_ony_ajlyn_tovch_tailan.md
477,0477,1946,,"Ордын нөөцийн тооцоо, үнэлгээ",а.д.каленов,зүүн монголын ховор металлын ордуудын тухай мэдээлэл,321,орос,100.0,үгүй,,,,,,,0000-0999\0477_1945_StudyReport_1946_ond_Dornod_ekspeditsiin_78_r_angiin_guitsetgesen.md
484,0484,1946,,"Сэдэвчилсэн, эрдэм шинжилгээ, мэдээлэл",р.а.хасин,зүүн монголын гянт болдын ордуудын эрдэсийн химийн найрлагын тухай мэдээлэл,11,орос,0.0,үгүй,,,,,,,0000-0999\0484_1957_StudyReport_Dornod_Mongolyn_gyantboldyn_orduudyn_khimiin_shinj_chanaryn_tukhai.md
499,0499,1948,,"Сэдэвчилсэн, эрдэм шинжилгээ, мэдээлэл","а.х.иванов, н.а.маринов, р.а.хасин",зүүн хойд монголын геол.тогтоцын тухай мэдээлэл,366,орос,100.0,үгүй,,,,,,,0000-0999\0499_1947_StudyReport_Zuun_khoid_Mongolyn_geologiin_togtotsyn_tukhai_medeelel.md
504,0504,1945,,"Ордын нөөцийн тооцоо, үнэлгээ",а.п.логвинов,зүүн монголын ховор металлын шинэ районы тухай мэдээлэл,190,орос,100.0,үгүй,,,,,,,0000-0999\0504_1949_StudyReport_Zuun_Mongolyn_khovor_metallyn_shine_duurgiin_tukhai_medeelel.md
534,0534,1950,,"Сэдэвчилсэн, эрдэм шинжилгээ, мэдээлэл",н.а.маринов,зүүн монголын ховор металлын шинэ районы тухай мэдээлэл,188,орос,34.68,үгүй,,,,,,,0000-0999\0534_2024_StudyReport_Zuun_mongolyn_khovor_metallyn_shine_raiony_tukhai_medeelel.md
552,0552,1951,,Гидрогеологийн судалгаа,с.п.албул,"егүзөрийн баяжуулах үйлдвэрийн усан хангамжийн зориулалттай, чоно голын хөндийд өрөмдсөн ашиглалтын хайгуулын цооногийн дүгнэлт",147,орос,34.68,үгүй,,,,,,,0000-0999\0552_1950_StudyReport_Eguzeriin_bayajuulakh_uildveriin_usan_khangamjind_zoriulj_Chono_golyn.md
639,0639,1951-1953,,Эрэл (эрлийн ажил),"к.п.столбков, е.г.федоровская, и.г.бондаренко","нүүрсний зүүнбулаг ба чойбалсан ордын эрэл, хайгуулын ажлын тайлан",1872,орос,0.0,үгүй,,,,,,,0000-0999\0639_1953_StudyReport_1951_1953_ond_Zuun_bulag_Choibalsangiin_khuren_nuursnii.md
652,0652,1955,,Хайгуулын ажил,"д.и.федорович, н.э.геригардт",231-р ангийн 1955 оны ажлын тайлан,66,орос,34.68,үгүй,,,,,,,0000-0999\0652_1955_StudyReport_231_r_angiin_1955_ony_Geologiin_tailan.md
656,0656,1939,,Хайгуулын ажил,"м.н.бондаренко, н.т.смирнов",дорнодын эксп.1939 онд хийсэн ажлын товч тайлан,20,орос,34.68,үгүй,,,,,,,0000-0999\0656_1939_StudyReport_Dornod_ekspeditsiin_1939_ond_khiisen_ajlyn_tovch_tailan.md
718,0718,1954,,1:200 000 геологийн зураглал,м.анпилов,дорнодын эксп.1954 оны 1-р улирлын тайлан,82,орос,100.0,үгүй,,,,,,,0000-0999\0718_1954_StudyReport_Dornod_ekspeditsiin_geologi_khaiguulyn_ajlyn_1954_ony_Negdugeer.md
728,0728,1954,,1:500 000 геологийн зураглал,"о.м.мясковский, с.т.овинов",сб.хэ.аймгийн нутагт хийсэн эрлийн тайлан,35,орос,40.75,үгүй,,,,,,,0000-0999\0728_1954_StudyReport_1954_ond_Sukhbaatar_Khentii_aimgiin_nutagt_khiisen_erliin.md
732,0732,1955,,1:200 000 геологийн зураглал,"с.т.овинов, с.ф.военушкин, в.и.немчинов",дорнодын эксп.1955 оны 1-р улирлын тайлан,51,орос,34.68,үгүй,,,,,,,0000-0999\0732_1955_StudyReport_Dornod_ekspeditsiin_geologi_khaiguulyn_ajlyn_1955_ony_Negdugeer.md
733,0733,1955,,Эрэл (эрлийн ажил),"о.м.мясковский, в.н.полтавченко, д.и.федорович",сб.өг.аймгийн нутагт хийсэн эрлийн тайлан,23,орос,6.07,үгүй,,,,,,,0000-0999\0733_2026_StudyReport_Sukhbaatar_Omnogov_aimgiin_nutagt_khiisen_erliin_tailan_183.md
736,0736,1955,,1:500 000 геологийн зураглал,"т.к.кречетович, в.н.полтавиченко","дорнодын эксп.183,213,234,235-р ангийн 1955 оны эхний 9 сарын ажлын тайлан",50,орос,6.07,үгүй,,,,,,,0000-0999\0736_2024_StudyReport_Dornod_ekspeditsiin_183_213_234_235_r_angiudyn.md
861,0861,1955,,Хайгуулын ажил,"с.к.светловский, в.ф.котик",егүзөрийн ордын хайгуулын тайлан,274,орос,34.68,үгүй,,,,,,,0000-0999\0861_1954_StudyReport_1954_ond_Eguzeriin_ordod_yavuulsan_geologi_khaiguulyn_ajlyn.md
862,0862,1952,,"Сэдэвчилсэн, эрдэм шинжилгээ, мэдээлэл",и.н.шоршер,"W,Sn,Mo гаргаж авах баяжуулалтын схем ба югзөрийн ордын хүдэрт хийсэн лабор.шинжилгэээний үр дүн",61,орос,34.68,үгүй,,,,,,,0000-0999\0862_1952_StudyReport_Eguzeriin_ordyn_niilmel_butetstei_khuderiin_neg_sortsyg_bayajuulakh.md
863,0863,1948,,"Сэдэвчилсэн, эрдэм шинжилгээ, мэдээлэл","е.н.вишневский, в.п.соколов",егүзөрийн ордын хүдрийн баяжуулалтын технологийг боловсронгуй болгох лабораторийн ажлын тайлан,107,орос,34.68,үгүй,,,,,,,0000-0999\0863_1950_StudyReport_Eguzoriin_ordyn_khudriin_bayajuulaltyn_tekhnologiig_bolovsrongui_bolgo.md
864,0864,1948,,"Сэдэвчилсэн, эрдэм шинжилгээ, мэдээлэл",е.н.вишневский,"W,Mo-ны хүдрийн баяжуулалтыг сайжруулах лабор.шинжилгээний үр дүн",96,орос,34.68,үгүй,,,,,,,0000-0999\0864_1955_StudyReport_Gyantbold_molibdeny_khudriin_bayajuulaltyg_saijruulakh_laboratoryn_shi.md
865,0865,1950,,Гидрогеологийн судалгаа,с.п.албул,егүзөр баяжуулах фабрикийн усан хангамжийн зориулалттай чоно голын хөндийд өрөмдсөн цооногийн дүгнэлт,150,орос,34.68,үгүй,,,,,,,0000-0999\0865_1950_StudyReport_Eguzeriin_bayajuulakh_uildveriin_usan_khangamjind_zoriulj_Chono_golyn.md
866,0866,1942,,"Ордын нөөцийн тооцоо, үнэлгээ","ю.с.желубовский, р.а.хасин",егүзөр ордын ба түүний орчины геол.тогтоцын тухай мэдээлэл,224,орос,34.68,үгүй,,,,,,,0000-0999\0866_1943_StudyReport_Gyantboldyn_Eguzor_ord_ba_tuunii_orchiny_geologiin_togtotsyn.md
867,0867,1946,,Хайгуулын ажил,"а.п.логвинов, в.е.рябенко",егүзөр ордын хайгуулын тайлан,29,орос,34.68,үгүй,,,,,,,0000-0999\0867_1942_StudyReport_Eguzeriin_molibdeniin_ordyn_unelgeenii_asuudald.md
868,0868,1950,,Инженер-геологийн судалгаа,а.хабарова,егүзөр ордын хаягдал хадгалах талбайн инж.геол.судалгааны тайлан,39,орос,34.68,үгүй,,,,,,,0000-0999\0868_1950_StudyReport_Eguzor_ordyn_khayagdal_khadgalakh_talbain_injener_geologiin_sudalgaany.md
869,0869,1945,,Хайгуулын ажил,в.е.рявенко,егүзөр ордын хайгуулын тайлан,78,орос,34.68,үгүй,,,,,,,0000-0999\0869_1945_StudyReport_1945_ond_Yuguzeriin_gyantboldyn_ordod_guitsetgesen_geologi_khaiguulyn.md
876,0876,1955,,Эрэл (эрлийн ажил),"д.и.федорович, т.к.кречетович","сайхан уулын ховор металлын бүсийн районд хийсэн эрэл,хайгуулын үр дүн",468,орос,34.68,үгүй,,,,,,,0000-0999\0876_1955_StudyReport_Saikhan_uulyn_khovor_metallyn_busiin_raiond_khiisen_erel.md
915,0915,1955,,"Ордын нөөцийн тооцоо, үнэлгээ",в.ф.котик,егүзөрийн ордын урьд.хайгуулын тайлан,213,орос,34.68,үгүй,,,,,,,0000-0999\0915_1954_StudyReport_Eguzeriin_ordyn_1954_ony_geologi_khaiguulyn_ajil_bolon.md
920,0920,1947,,Хайгуулын ажил,"а.п.логваннов, в.е.рябенко",егүзөрийн ордын урьд.хайгуулын тайлан,364,орос,34.68,үгүй,,,,,,,0000-0999\0920_1947_StudyReport_Eguzeriin_ordyn_gyantbold_molibdeny_nootsiin_urdchilsan_khaiguulyn_tai.md
1034,1034,1943,,Эрэл (эрлийн ажил),ю.с.желубовский,монголын зүүн өмнөт хэсгийн геол.ашигт малтмалын тухай мэдээлэл,14,орос,34.68,үгүй,,,,,,,1000-1999\1034_1943_StudyReport_BNMAU_yn_zuun_omnot_khesegt_tarkhsan_gollokh_chuluulguud.md
1042,1042,1944,,"Сэдэвчилсэн, эрдэм шинжилгээ, мэдээлэл",барилгын яам,зүүн монголд илрүүлж судалсан ашигт малтмалын ордын лавлах мэдээлэл,117,орос,34.68,үгүй,,,,,,,1000-1999\1042_1943_StudyReport_1943_ond_geologi_khaiguulyn_Dornod_ekspeditsiin_Zuun_Mongold.md
1044,1044,1944,,"Сэдэвчилсэн, эрдэм шинжилгээ, мэдээлэл",в.с.сверчков,сб аймгийн нүүрсний ордуудын тухай товч мэдээлэл,20,орос,34.68,үгүй,,,,,,,1000-1999\1044_1943_StudyReport_Sukhbaatar_aimgiin_zarim_nuursnii_orduudyn_tukhai_tovch_medeelel.md
1086,1086,1955,,Эрэл-үнэлгээний ажил,ж.дүгэрсүрэн,сб аймгийн нутагт хийсэн нүүрсний эрлийн тайлан,130,монгол,34.68,үгүй,,,,,,,1000-1999\1086_2026_StudyReport_Sukhbaatar_aimgiin_nutagt_khiisen_nuursnii_erliin_tailan.md
1093,1093,?,,"Сэдэвчилсэн, эрдэм шинжилгээ, мэдээлэл",ж.дүгэрсүрэн,зүүн монголын зарим ашигт малтмалын тухай товч мэдээлэл,7,орос,34.68,үгүй,,,,,,,1000-1999\1093_1944_StudyReport_Zuun_Mongolyn_zarim_ashigt_maltmalyn_tukhai_tovch_medeelel.md
1104,1104,1954,,"Ордын нөөцийн тооцоо, үнэлгээ",в.ф.котик,егүзөрийн ордын нөөцийн тооцооны үр дүнгийн дүгнэлт,15,орос,34.68,үгүй,,,,,,,1000-1999\1104_1953_StudyReport_Eguzeriin_gyantboldyn_ordyn_jiliin_tailan_balansad_khiisen_dugnelt.md
1138,1138,1952,,"Сэдэвчилсэн, эрдэм шинжилгээ, мэдээлэл",ж.дүгэрсүрэн,"до аймагт тархсан хужир,шүүний талаархи товч мэдээлэл",6,орос,100.0,үгүй,,,,,,,1000-1999\1138_1952_StudyReport_Dornod_aimagt_tarkhsan_khujir_shuunii_talaarkhi_tovch_medeelel.md
1161,1161,1956,,"Сэдэвчилсэн, эрдэм шинжилгээ, мэдээлэл",ж.дүгэрсүрэн,зүүн монголын зарим ашигт малтмалын мэдээлэл,17,орос,34.68,үгүй,,,,,,,1000-1999\1161_1957_StudyReport_Mongol_orny_zarim_ashigt_maltmalyn_medeelel_gyantbold_molibden.md
1214,1214,1952,,Геофизикийн судалгаа,м.и.прусс,дг аймгийн нутагт хийсэн соронзон зурагл.тайлан,63,орос,100.0,үгүй,,,,,,,1000-1999\1214_1952_StudyReport_GeophysList_Pruss_Magnetometry_Dornod_Solovyevsk_Choibalsan.md
1276,1276,1954,,1:200 000 геологийн зураглал · Геофизикийн судалгаа,м.и.прусс,до аймгийн районд хийсэн 1:100000 соронзон зурагл.тайлан,63,орос,51.42,үгүй,,,,,,,1000-1999\1276_1954_StudyReport_BNMAU_yn_Dornod_aimgiin_nutagt_1_53_r.md
1277,1277,1954,,1:100 000 геологийн зураглал · Геофизикийн судалгаа,н.м.геренблат,тамсагийн районд хийсэн гравиметр.зурагл.тайлан,60,орос,100.0,үгүй,,,,,,,1000-1999\1277_1953_StudyReport_Gravimetriin_zuraglalyn_2_53_angiin_BNMAU_yn_Tamsagiin.md
1297,1297,1954,,Геофизикийн судалгаа,а.и.грачев,баруун тамсагийн районд хийсэн хүндийн хүчний зурагл.тайлан,86,орос,45.06,үгүй,,,,,,,1000-1999\1297_2024_StudyReport_Baruun_Tamsagiin_raiond_khiisen_khundiin_khuchnii_zuraglalyn_tailan.md
1317,1317,1955,,1:500 000 геологийн зураглал,"а.а.толмачевский, а.а.шиманский",сб аймгийн нутагт хийсэн 1:500000 геол.зурагл.тайлан,98,орос,19.66,үгүй,,,,,,,1000-1999\1317_1955_StudyReport_1955_ond_Sukhbaatar_aimgiin_nutagt_guitsetgesen_1_500.md
1326,1326,1956-1957,,Эрэл-үнэлгээний ажил,з.а.савельева,зүүн тамсагийн районд хийсэн нефтийн эрлийн тайлан,35,орос,45.35,үгүй,,,,,,,1000-1999\1326_1956_StudyReport_BNMAU_yn_dornod_khesgiin_geologiin_togtots_neftjiltiin_khetiin.md
1330,1330,1957,,Эрэл-үнэлгээний ажил,р.б.давыдов,өмнөт бүрдийн голын талбай ба баруун тамсагийн районд хийсэн нефтийн эрлийн тайлан,252,орос,100.0,үгүй,,,,,,,1000-1999\1330_1955_StudyReport_Baruun_tamsagiin_profiliin_raion_Omnod_burdenii_golyn_talbai.md
1332,1332,1958,,Хайгуулын ажил,барилгын яам,тамсагийн талбайд өрөмдсөн цооногийн материалыг устгасан тухай мэдээлэл,120,орос,100.0,үгүй,,,,,,,1000-1999\1332_1958_StudyReport_Tatan_buugdsan_Tamsagiin_talbaid_oromdson_Tamsag_1R_Baruun.md
1531,1531,1975,,"Сэдэвчилсэн, эрдэм шинжилгээ, мэдээлэл",ч.хоролсүрэн,монгол улсын геол.судалгааны лавлах мэдээлэл,318,орос,100.0,үгүй,,,,,,,1000-1999\1531_1977_StudyReport_1970_ony_1_r_saryn_1_ny_baidlaar.md
1541,1541,1959-1961,,1:200 000 геологийн зураглал,"в.а.варламов, и.с.богуславский",зүүн монголын хойт хэсэгт хийсэн геол.маршрутын судалгааны тайлан,610,орос,19.66,үгүй,,,,,,,1000-1999\1541_1962_StudyReport_Dornod_Mongolyn_khoid_khesgiin_geologiin_togtots.md
1545,1545,1962,,Эрэл-үнэлгээний ажил,"в.м.бочаров, а.я.ломоносов","сб,тө,дг аймгийн нутагт хийсэн перлитын эрлийн тайлан",124,орос,10.07,үгүй,,,,,,,1000-1999\1545_1962_StudyReport_1962_ond_Tov_Sukhbaatar_Dornogov_aimgiin_nutagt_guitsetgesen.md
1569,1569,1962,,Хайгуулын ажил,"в.и.долженко, а.д.шведцов",1962 онд хийсэн болорын мэдээ шалгалтын ажлын тайлан,170,орос,10.07,үгүй,,,,,,,1000-1999\1569_1963_StudyReport_Reviziin_10_r_angiin_1962_ond_pezo_optikiin.md
1592,1592,1963,,"Сэдэвчилсэн, эрдэм шинжилгээ, мэдээлэл","р.а.хасин, и.и.волчек, лувсанданзан",монголын нутаг дэвсгэрт 1963 онд хийсэн эрдэм шинжилгээний ангийн хээрийн ажлын мэдээлэл,105,орос,100.0,үгүй,,,,,,,1000-1999\1592_1965_StudyReport_1963_ony_7_r_saraas_10_r_saryn.md
1617,1617,1964,,"Гидрогеологийн судалгаа · Сэдэвчилсэн, эрдэм шинжилгээ, мэдээлэл",а.и.кончакова,"M-49-49, L-50, K-49-ийн усны кадастрын эмхтгэсэн мэдээлэл",1578,орос,100.0,үгүй,,,,,,,1000-1999\1617_1965_StudyReport_BNMAU_yn_gazryn_doorkh_usny_kadastryn_tovch_tailbar.md
1670,1670,1965,,Эрэл (эрлийн ажил),"э.в.пунчик, в.д.пунчик","дорнодын районд хийсэн барилгын материалын түүхий эд,нүүрсний эрэл,хайгуулын тайлан",203,орос,45.35,үгүй,,,,,,,1000-1999\1670_1966_StudyReport_1965_ond_BNMAU_yn_zuun_zakhad_guitsetgesen_barilgyn.md
1713,1713,1947-1950,,"Сэдэвчилсэн, эрдэм шинжилгээ, мэдээлэл",з.а.каленов,"зүүн-өмнөд монголын W-ын ордуудын гарал үүсэл,эрдэсжилт ба хэтийн төлвийн тухай мэдээлэл",244,орос,34.68,үгүй,,,,,,,1000-1999\1713_1951_StudyReport_Sedev_586_4_r_tusgai_ekspeditsi_yanz_buriin.md
1738,1738,1963-1967,,"Сэдэвчилсэн, эрдэм шинжилгээ, мэдээлэл","в.а.амантов, ю.а.борзаковский, и.и.волчек","монголын геол.тогтоц,ашигт малтмалын тухай мэдээллийн нэгдсэн дүгнэлт",5006,орос,100.0,үгүй,,,,,,,1000-1999\1738_1965_StudyReport_BNMAU_yn_geologiin_togtots_ba_ashigt_maltmal.md
1746,1746,1967,,1:500 000 геологийн зураглал · Гидрогеологийн судалгаа,"а.и.кончакова, н.а.маринов, з.н.рожденственская",монголын 1:1500000 гидрогеол.зураг,9532,орос,100.0,үгүй,,,,,,,1000-1999\1746_1967_StudyReport_Khuraangui_BNMAU_yn_gazryn_dorkhi_us_BNMAU_yn.md
1818,1818,1969,,Эрэл-үнэлгээний ажил,"цэдэндамба, мауер",монголын зарим гол ашигт малтмалын ордын талаарх нэгдсэн дүгнэлт,232,орос,34.68,үгүй,,,,,,,1000-1999\1818_1969_StudyReport_BNMAU_yn_gollokh_erdsiin_tuukhii_ediin_ordyn_olborlolt.md
1823,1823,1969,,Эрэл-үнэлгээний ажил,"х.сүхбаатар, ш.алтангэрэл, б.ням","до, сб аймгийн нутагт хийсэн эрлийн тайлан",143,орос,34.68,үгүй,,,,,,,1000-1999\1823_1970_StudyReport_Dornodyn_4_r_angiin_1969_ond_yavuulsan_erel.md
1881,1881,1969-1970,,Эрэл-үнэлгээний ажил,"л.ф.лавриненко, т.захай, х.далилхан","тө,дг,до,бх аймгийн нутагт хийсэн Та-Nb ба бусад ховор металлын эрлийн тайлан",185,орос,9.59,үгүй,,,,,,,1000-1999\1881_1970_StudyReport_1969_1970_ond_Janchivlangiin_angiin_guitsetgesen_tantal_bolon.md
1900,1900,1970,,Эрэл-үнэлгээний ажил,"с.мөнхтогтох, т.намсрай, д.батбаяр",1970 онд хийсэн өнгөт чулууны эрлийн тайлан,116,орос,34.68,үгүй,,,,,,,1000-1999\1900_1971_StudyReport_UBGUG_yn_9_r_angiin_1970_ond_ongot.md
1933,1933,1971,,"Сэдэвчилсэн, эрдэм шинжилгээ, мэдээлэл","г.ф.иванова, р.болд",монголын W-ын ордуудын төрөл ба тэдгээрийн геохимийн шинж чанарын тухай мэдээлэл,421,орос,34.68,үгүй,,,,,,,1000-1999\1933_1972_StudyReport_Mongolyn_gyantboldyn_ordyn_torol_tedgeeriin_geokhimiin_shinj_sedevt.md
1969,1969,1970,,"Сэдэвчилсэн, эрдэм шинжилгээ, мэдээлэл","хоролсүрэн, баасанбат",1968-1969 онд хийсэн геол.ажлын судалгааны зургийн эмхтгэл,66,орос,100.0,үгүй,,,,,,,1000-1999\1969_1989_StudyReport_1968_1969_ond_khiisen_geologiin_ajlyn_sudalgaany_zurgiin.md
1970,1970,1968,,Геофизикийн судалгаа,л.с.дмиетриева,монголд хийсэн геофиз.ажлын судалгааны зураг,211,орос,100.0,үгүй,,,,,,,1000-1999\1970_1969_StudyReport_1970_ony_01_r_saryn_01_nii_baidlaarkh.md
1993,1993,1973,,"Сэдэвчилсэн, эрдэм шинжилгээ, мэдээлэл",техник экспорт,егүзөр ордын W-Mo хүдрийн баяжуулалтад хийсэн лабор.шинжилгээний үр дүн,79,орос,34.68,үгүй,,,,,,,1000-1999\1993_1973_StudyReport_Yuguzeriin_ordyn_gyantbold_molibdeny_khudriin_bayajuulaltyn_sudalgaany.md
1996,1996,1972,,"Сэдэвчилсэн, эрдэм шинжилгээ, мэдээлэл","д.и.фрих-хар, ж.бадамгарав",MZ2-ийн бялхмал чулуулгийн геол.онцлогийн талаарх эрдэм шинжилгээний ажлын дүгнэлт,95,орос,45.35,үгүй,,,,,,,1000-1999\1996_1972_StudyReport_BNMAU_yn_khojuu_mezozoin_effuziv_chuluulagiin_geologiin_zarim.md
2051,2051,1958,,1:200 000 геологийн зураглал,"т.банзрагч, ганбаатар, ц.мөнхбадар","төв, зүүн монголын нутагт 1958 он хүртэл хийсэн 1:200000 геол.зурагл.нэгдсэн дүгнэлт",398,орос,100.0,үгүй,,,,,,,2000-2999\2051_1974_StudyReport_BNMAU_yn_Tov_ba_Dornod_khesegt_1958_on.md
2072,2072,1974,,Геофизикийн судалгаа,"д.алтангэрэл, м.п.николаенко, а.с.наумов",егүзөр ордод хийсэн геофиз.судалгааны тайлан,108,орос,34.68,үгүй,,,,,,,2000-2999\2072_1975_StudyReport_Eguzeriin_geofizikiin_angiin_1974_ond_Eguzeriin_ordyn_orchin.md
2106,2106,1975,,"Сэдэвчилсэн, эрдэм шинжилгээ, мэдээлэл",ж.сумъяа,монголын давсны нөөцийн тухай мэдээлэл,345,орос,100.0,үгүй,,,,,,,2000-2999\2106_1975_StudyReport_BNMAU_yn_davsny_noots_bayalag.md
2108,2108,1974,,1:200 000 геологийн зураглал,"н.батаа, г.якубов",1974 онд хийсэн байр зүй-геодезийн ажлын тайлан.,71,орос,34.68,үгүй,,,,,,,2000-2999\2108_1975_StudyReport_Geologi_geofizikiin_sudalgaa_khiigdsen_obektuudyn_khemjeend_khiigdsen.md
2167,2167,1971-1975,,1:200 000 геологийн зураглал,в.с.антипин,төв болон зүүнхойт монголын нутагт хийсэн геохимийн судалгааны үр дүн,,орос,100.0,үгүй,,,,,,,2000-2999\2167_1975_StudyReport_Gunii_yanz_buriin_fatsiin_nokhtsold_uussen_mezozoin_granitoidyn.md
2178,2178,1973,,Гидрогеологийн судалгаа · Геофизикийн судалгаа,"г.сүрэн, а.и.евсеенков, е.ф.мухин",до аймгийн нутагт хийсэн гидрогеол.геофиз.судалгааны тайлан,528,орос,100.0,үгүй,,,,,,,2000-2999\2178_1974_StudyReport_1973_ond_Dornod_aimgiin_nutagt_guitsetgesen_gidrogeologi_geofizikiin.md
2180,2180,1973,,Геофизикийн судалгаа,д.король,сб аймгийн нутагт хийсэн геофиз.комплекс судалгааны тайлан,88,орос,100.0,үгүй,,,,,,,2000-2999\2180_1973_StudyReport_Mongol_Ungaryn_geofizikiin_tsogtsolbor_angiin_1973_ond_khiisen.md
2208,2208,1975,,Геофизикийн судалгаа,"н.г.гасаналиев, о.мангалсүрэн, п.т.федоткин",сб аймгийн нутагт хийсэн гидрогеол.геофиз.судалгааны тайлан,143,орос,100.0,үгүй,,,,,,,2000-2999\2208_1975_StudyReport_Sukhbaataryn_UAA_n_udirdakh_gazryn_1975_ony_uildverlel.md
2257,2257,1976,,"Ордын нөөцийн тооцоо, үнэлгээ",ю.м.иванова,монголын хүрэн нүүрсний нөөцийн баланс (1976.01.01-ний байдлаар),95,орос,34.68,үгүй,,,,,,,2000-2999\2257_1976_StudyReport_Chuluun_bolon_khuren_nuursnii_nootsiin_balans_1976_01.md
2258,2258,1975,,"Ордын нөөцийн тооцоо, үнэлгээ","т.захай, к.м.сапогова",монголын Мо-ны нөөцийн нэгдсэн баланс (1975.1.1-ний байдлаар),17,орос,34.68,үгүй,,,,,,,2000-2999\2258_1974_StudyReport_1975_ony_1_r_saryn_1_nii_baidlaar.md
2261,2261,1975,,"Ордын нөөцийн тооцоо, үнэлгээ","т.захай, к.м.сапогова",W-ын нөөцийн нэгдсэн баланс (1975.1.1-ний байдлаар),76,орос,34.68,үгүй,,,,,,,2000-2999\2261_1974_StudyReport_1975_ony_1_r_saryn_1_nii_baidlaarkh.md
2323,2323,1973-1974,,"Сэдэвчилсэн, эрдэм шинжилгээ, мэдээлэл","б.амарсайхан, а.готовсүрэн, я.цэдэнбалжир",геохимийн туршилт аргачлалын үр дүнгийн тайлан,303,орос,34.68,үгүй,,,,,,,2000-2999\2323_1975_StudyReport_Geokhimiin_angiin_1973_1974_ony_khoorondokh_geokhimiin_turshilt.md
2371,2371,1975,,Хайгуулын ажил,"н.дугаржав, е.мисник",галт уулын шааргын баянцагаан ордын нарийв.хайгуулын тайлан,106,орос,10.07,үгүй,,,,,,,2000-2999\2371_1976_StudyReport_1975_ond_Sukhbaatar_aimgiin_Bayantsagaany_galt_uulyn_shaargyn.md
2399,2399,1976,,Гидрогеологийн судалгаа,"в.е.чеботарь, в.г.крюхин, а.и.леонов",до аймгийн нутагт хийсэн гидрогеол.геофиз.судалгааны тайлан,161,орос,45.35,үгүй,,,,,,,2000-2999\2399_1976_StudyReport_Dornodyn_UAA_n_udirdakh_gazryn_1976_ony_uildverlel.md
2400,2400,1976,,Гидрогеологийн судалгаа,"н.г.гасаналиев, п.н.фонарев, мангалсүрэн",тө аймгийн нутагт хийсэн гидрогеол.геофиз.судалгааны тайлан,436,орос,93.32,үгүй,,,,,,,2000-2999\2400_1976_StudyReport_Sukhbaataryn_UAA_n_udirdakh_gazryn_1976_ony_uildverlel.md
2446,2446,,,Геофизикийн судалгаа,,,,,100.0,үгүй,,,,,,,2000-2999\2446_1974_StudyReport_1973_ond_Dornodyn_vulkan_tektonik_strukturt_Dornod_Mongol.md
2598,2598,1977,,Гидрогеологийн судалгаа,"п.н.фонарев, у.мангалсүрэн, в.ф.кузнецов",сб аймгийн нутагт хийсэн гидрогеол.геофиз.судалгааны тайлан,389,орос,99.4,үгүй,,,,,,,2000-2999\2598_1977_StudyReport_1977_ond_Sukhbaatar_aimgiin_nutagt_yavuulsan_gidrogeologi_geofizikiin.md
2603,2603,1977,,Геофизикийн судалгаа,н.бямба,"до,хэ,өх,сб аймгуудад хийсэн цахил.хайгуулын тайлан",143,орос,100.0,үгүй,,,,,,,2000-2999\2603_1977_StudyReport_1977_ond_Ovorkhangai_Khentii_Sukhbaatar_bolon_Dornod_aimguudad.md
2619,2619,1977,,Геофизикийн судалгаа,а.дагвадорж.,егүзөр ордын районд хийсэн 1:25000 геол.геофиз.эрлийн тайлан,279,орос,34.68,үгүй,,,,,,,2000-2999\2619_1977_StudyReport_Eguzeriin_ordyn_orchin_dakh_borjingiin_dald_bunkheriin_erliin.md
2680,2680,1978,,Гидрогеологийн судалгаа,"п.н.фонарев, у.мангалсүрэн, в.ф.кузнецов",сб аймагт хийсэн гидрогеол.геофиз.судалгааны тайлан,482,орос,100.0,үгүй,,,,,,,2000-2999\2680_1978_StudyReport_1978_ond_Sukhbaatar_aimgiin_nutag_devsgert_guitsetgesen_geologi.md
2688,2688,1987,,Гидрогеологийн судалгаа,"н.п.байдуков, а.н.мироненко, в.е.чеботарь",до аймгийн нутагт хийсэн гидрогеол.геофиз.судалгааны тайлан,204,орос,100.0,үгүй,,,,,,,2000-2999\2688_1978_StudyReport_1978_ond_Dornod_aimgiin_nutagt_yavuulsan_gidrogeologi_geofizikiin.md
2800,2800,1974,,Гидрогеологийн судалгаа,"с.ойдов, н.гасаналиев, у.мангалсурэн",сб аймгийн нутагт хийсэн гидрогеол.геофиз.судалгааны 1974 оны тайлан,185,орос,50.82,үгүй,,,,,,,2000-2999\2800_1974_StudyReport_1974_ond_Sukhbaatar_aimgiin_nutagt_guitsetgesen_gidrogeologi_geofiziki.md
2837,2837,1981,,1:200 000 геологийн зураглал,"с.авирмэд, в.м.скучалин, р.г.акжигитов",ховор металлын төв ордын нөөцийн тооцоонд хэрэглэх жишгийн товч бичиглэл,30,орос,34.68,үгүй,,,,,,,2000-2999\2837_1982_StudyReport_Khovor_metallyn_Tov_ordyn_nootsiin_tootsoond_zoriulsan_konditsiin.md
2871,2871,1953,,Инженер-геологийн судалгаа,и.ф.горанов,"чоно гол уурхайн усан хангамж, инж.геол.судалгааны дүгнэлт",56,орос,34.68,үгүй,,,,,,,2000-2999\2871_1953_StudyReport_Chono_golyn_uurkhain_usan_khangamj_injener_geologiin_sudalgaany.md
2875,2875,1945,,"Ордын нөөцийн тооцоо, үнэлгээ","н.а.нагаенко, о.с.салтыкова, в.м.семенова",егүзэр ордын W-ийн нөөц тооцоолоход хэрэглэсэн дээжийн шинжилгээний жагсаалт,92,орос,34.68,үгүй,,,,,,,2000-2999\2875_1945_StudyReport_Khuder_ba_volframyn_guravch_isliin_nootsiin_tootsoond_orson.md
2879,2879,1944,,Хайгуулын ажил,"а.с.золотухин, и.с.усенко, ф.е.рубик",егүзэрийн ордод 1945 онд хийх геол.хайгуулын ажлын төлөвлөгөө,,орос,34.68,үгүй,,,,,,,2000-2999\2879_1945_StudyReport_Volfram_molibdeny_Eguzeriin_ordod_1945_ond_khiikh_geologi.md
2880,2880,1953,,Хайгуулын ажил,"с.к.светловский, в.ф.котик",егүзэрийн ордод хийсэн 1953 оны хайгуулын тайлан,164,орос,34.68,үгүй,,,,,,,2000-2999\2880_1953_StudyReport_1953_ond_Yuguzeriin_ordod_guitsetgesen_geologi_khaiguulyn_ajil.md
2881,2881,1953,,Хайгуулын ажил,"т.м.котик, с.к.светловский, н.г.чучев",егүзэрийн ордод хийсэн 1952 оны хайгуулын тайлан,119,орос,34.68,үгүй,,,,,,,2000-2999\2881_1953_StudyReport_1952_ond_Yuguzeriin_ordod_guitsetgesen_geologi_khaiguulyn_ajlyn.md
2885,2885,1950,,Инженер-геологийн судалгаа,а.хабарова,егүзэрийн уурхайн талбайн инж.геол.судалгааны дүгнэлт,39,орос,34.68,үгүй,,,,,,,
2891,2891,1955,,"Ордын нөөцийн тооцоо, үнэлгээ",в.ф.котик,егүзэрийн ордын 1955 оны ашиглалтын тайлан,72,орос,34.68,үгүй,,,,,,,2000-2999\2891_1954_StudyReport_Yuguzeriin_ordyn_1954_ony_ashiglaltyn_tailan.md
2892,2892,1948,,Хайгуулын ажил,спецэкспедиция N 4,тусгай эксп.(N 4)-ийн 1948 оны ажлын тайлан,41,орос,34.68,үгүй,,,,,,,2000-2999\2892_1948_StudyReport_1948_ony_geologi_khaiguulyn_ajlyn_tailan.md
2893,2893,1948,,"Сэдэвчилсэн, эрдэм шинжилгээ, мэдээлэл",а.п.логинов,зүүн монголын ховор металлын шинэ районы тухай мэдээлэл,171,орос,34.68,үгүй,,,,,,,2000-2999\2893_1948_StudyReport_BNMAU_yn_dornod_kheseg_dekh_khovor_metallyn_shine.md
2896,2896,1947,,"Ордын нөөцийн тооцоо, үнэлгээ",цветков,егүзэр ордын W-Mo-ны нөөцийн тооцоо,26,орос,34.68,үгүй,,,,,,,2000-2999\2896_2024_StudyReport_Eguzer_ordyn_volfram_molibdeny_ordyn_nootsiin_tootsoony_tailan.md
2897,2897,1946,,Хайгуулын ажил,логвинов,тусгай эксп.(N 4)-ийн 1946 онд хийсэн ажлын тайлан,27,орос,34.68,үгүй,,,,,,,2000-2999\2897_2024_StudyReport_ZKhU_yn_ongot_metallurgiin_4_r_tusgai_ekspeditsiin.md
2904,2904,1943,,Эрэл (эрлийн ажил),"в.в.дельнов, н.д.каленов, е.г.полякова","Sn-ны нүхэтийн гол, баруун ховд гол шороон ордын ба W-ийн батгуй ордын эрэл,хайгуулын тайлан",48,орос,34.68,үгүй,,,,,,,2000-2999\2904_1943_StudyReport_SPETsGEO_iin_GKhE_iin_44_r_angiin_1943.md
2905,2905,1942,,"Сэдэвчилсэн, эрдэм шинжилгээ, мэдээлэл",смирнов,егүзэр ордын районы геол.тогтоц ба эрдэсжилтийн тухай мэдээлэл,65,орос,34.68,үгүй,,,,,,,2000-2999\2905_1942_StudyReport_Ord_bolon_tuunii_ergen_toiron_dakh_geologi_mineralogiin.md
2946,2946,1979,,Гидрогеологийн судалгаа,"э.сивков, иванов, мангалсүрэн",сб аймгийн нутагт хийсэн гидрогеол.геофиз.судалгааны 1979 оны тайлан,268,орос,58.65,үгүй,,,,,,,2000-2999\2946_1980_StudyReport_1979_ond_Sukhbaatar_aimgiin_nutag_devsgert_guitsetgesen_gidrogeologi.md
3000,3000,1978-1979,,Эрэл (эрлийн ажил),"б.амарсайхан, а.готовсүрэн, я.цэдэнбалжир","төмөртийн-овоо орд ба L-50-49 хавтгайд хийсэн геохимийн эрэл,туршилт аргачлалын тайлан",205,орос,9.59,үгүй,,,,,,,3000-3999\3000_1980_StudyReport_1978_1979_onuudad_Tomortiin_ovoony_ord_bolon_L.md
3053,3053,1971-1975,,1:500 000 геологийн зураглал,р.а.хасин,"төв ба зүүн монголын металлогений 1:500000 зураг (Аи,Sn,хайлуур жонш)",2412,орос,100.0,үгүй,,,,,,,3000-3999\3053_1975_StudyReport_Dornod_bolon_Tov_Mongolyn_1_500_000_ny.md
3107,3107,1953,,Хайгуулын ажил,"в.и.браташ, в.д.кирейчев, в.и.линьков",геол.хайгуулын конторын 1953 оны тайлан,49,орос,10.07,үгүй,,,,,,,3000-3999\3107_1954_StudyReport_Geologi_khaiguulyn_kontoryn_1953_ony_geologi_geofizikiin_tailan.md
3109,3109,1956,,Хайгуулын ажил,а.а.шиманский,монголнефть трестийн 1956 оны тайлан,145,орос,100.0,үгүй,,,,,,,3000-3999\3109_1956_StudyReport_1956_ony_Mongolneft_trestyn_goviin_bused_khiisen_neftiin.md
3208,3208,1981,,Эрэл-үнэлгээний ажил,"ц.чойжамц, а.и.юдина",төв монголд хийсэн өнгөт чулууны эрлийн тайлан,60,орос,34.68,үгүй,,,,,,,3000-3999\3208_1978_StudyReport_1978_ond_BNMAU_yn_nutagt_yavuulsan_ongot_chuluuny.md
3293,3293,1981,,Гидрогеологийн судалгаа · Геофизикийн судалгаа,"ц.иванов, м.рэнчинтогтох, о.мангалсүрэн",сб аймгийн нутагт хийсэн гидрогеол.геофиз.судалгааны 1981 оны тайлан,235,орос,54.34,үгүй,,,,,,,3000-3999\3293_1981_StudyReport_1981_ond_Sukhbaatar_aimgiin_nutagt_guitsetgesen_gidrogeologi_geofiziki.md
3343,3343,1977,,Инженер-геологийн судалгаа,пнииис,халх гол сангийн аж ахуйн бордооны талбайн инж.геол.судалгааны дүгнэлт,1128,орос,45.35,үгүй,,,,,,,3000-3999\3343_1977_StudyReport_Khalkhyn_golyn_sangiin_aj_akhuin_bordoony_talbain_injeneriin.md
3362,3362,1978-1980,,"Сэдэвчилсэн, эрдэм шинжилгээ, мэдээлэл","иентхен, вухер, зауерберг",зүүн монголын металлогений бүсэд хийсэн эрдэм шинжилгээний тайлан,455,орос,9.59,үгүй,,,,,,,3000-3999\3362_1980_StudyReport_Erdem_shinjilgeenii_khamtyn_ajillagaany_2_r_shuud_sedviin.md
3494,3494,1982-1986,,Эрэл-үнэлгээний ажил,"в.п.рыборак, т.захай, с.сэлэмбаатар",монгол улсын нутагт хийсэн геол.зурагл.эрлийн судалгааны зургийн тайлбар бичиг,97,орос,100.0,үгүй,,,,,,,3000-3999\3494_2023_StudyReport_Mongol_Ulsyn_nutagt_khiisen_geologiin_zuraglal_erliin_ajlyn.md
3516,3516,1982,,Гидрогеологийн судалгаа · Геофизикийн судалгаа,"ц.иванов, о.мангалсүрэн, м.рэнцэнтогтох",сб аймгийн нутагт 1982 онд хийсэн гидрогеол.геофиз.судалгааны тайлан,80,орос,93.32,үгүй,,,,,,,3000-3999\3516_1983_StudyReport_1982_ond_Sukhbaatar_aimgiin_nutagt_guitsetgesen_gidrogeologi_geofiziki.md
3536,3536,1982,,Гидрогеологийн судалгаа · Геофизикийн судалгаа,"б.алтангэрэл, ч.ганболд",до аймгийн нутагт 1982 онд хийсэн гидрогеол.геофиз.судалгааны тайлан,164,орос,100.0,үгүй,,,,,,,3000-3999\3536_1983_StudyReport_1982_ond_Dornod_aimgiin_nutagt_guitsetgesen_gidrogeologi_geofizikiin.md
3537,3537,1981,,Гидрогеологийн судалгаа · Геофизикийн судалгаа,"в.в.галкин, ю.а.гаранин",до аймгийн нутагт 1981 онд хийсэн гидрогеол.геофиз.судалгааны тайлан,181,орос,100.0,үгүй,,,,,,,3000-3999\3537_1983_StudyReport_1981_ond_Dornod_aimgiin_nutagt_guitsetgesen_gidrogeologi_geofizikiin.md
3663,3663,1983,,Гидрогеологийн судалгаа,"ч.ганболд, а.в.корянов, б.ондрий",до аймгийн нутагт 1983 онд хийсэн гидрогеол.геофиз.судалгааны тайлан,168,орос,6.07,үгүй,,,,,,,3000-3999\3663_2022_StudyReport_Dornod_aimgiin_nutagt_1983_ond_khiisen_gidrogeoli_geofizikiin.md
3677,3677,1976-1980,,"Сэдэвчилсэн, эрдэм шинжилгээ, мэдээлэл",ж.бадамгарав,"төв ба баруун монголын хайлуур жоншны ордын зүй тогтол, байршил ба MZ-ийн структурын шинж чанар сэдэвт эрдэм шинжилгээний ажлын тайлан",185,орос,100.0,үгүй,,,,,,,3000-3999\3677_1981_StudyReport_1976_1980_onuudad_guitsetgesen_Tov_ba_Dornod_Mongolyn.md
3718,3718,1980,,Эрэл-үнэлгээний ажил,"р.жарантай, д.арслан","баян-уулын илрэлд хийсэн нарийв.эрэл, арбаян,өвөрбаянгийн илрэлийн эрэл-үнэлгээний тайлан",157,орос,38.99,үгүй,,,,,,,3000-3999\3718_1980_StudyReport_1980_ond_Arbayan_Ovorbayangiin_ilreld_khiisen_erel_unelgeenii.md
3765,3765,1984,,Гидрогеологийн судалгаа · Геофизикийн судалгаа,"з.үржинсүрэн, в.п.неженцев",до аймгийн нутагт 1984 онд хийсэн гидрогеол.геофиз.судалгааны тайлан,259,орос,100.0,үгүй,,,,,,,3000-3999\3765_1984_StudyReport_1984_ond_Dornod_aimgiin_nutag_devsgert_guitsetgesen_gidrogeologi.md
3784,3784,1983,,"Сэдэвчилсэн, эрдэм шинжилгээ, мэдээлэл","х.грунер, а.тольке",югүзөрийн ордын Mo-W-ын хүдэрт хийсэн баяжуулалтын шинжилгээний тайлан,78,орос,100.0,үгүй,,,,,,,3000-3999\3784_1983_StudyReport_Eguzeriin_ordyn_molibden_gyantboldyn_khudriin_tukhai_tailan_BNMAU.md
3789,3789,1982-1984,,Эрэл (эрлийн ажил),"а.должин, да.дамба, д.сүхбаатар","булангийн хоолойн хүрэн нүүрсний ордын урьд.хайгуул, эрлийн тайлан",188,орос,100.0,үгүй,,,,,,,3000-3999\3789_1984_StudyReport_1982_1984_ond_Bulangiin_Khooloin_khuren_nuursnii_ordod.md
3842,3842,1985,,Гидрогеологийн судалгаа,"м.ренчинтогтох, я.дэмбэрэл, о.мангалсүрэн",сб аймгийн нутагт 1985 онд хийсэн гидрогеол.геофиз.судалгааны тайлан,135,орос,100.0,үгүй,,,,,,,3000-3999\3842_1986_StudyReport_1986_ond_Sukhbaatar_aimgiin_nutagt_yavuulsan_gidrogeologi_geofizikiin.md
3983,3983,1986,,Гидрогеологийн судалгаа,"з.үржинсүрэн, ц.баярням, б.ондрой",до аймгийн нутагт 1986 онд хийсэн гидрогеол.геофиз.судалгааны тайлан,329,монгол,100.0,үгүй,,,,,,,3000-3999\3983_1986_StudyReport_Dornod_aimgiin_nutagt_1986_ond_yavuulsan_gidrogeologi_geofizikiin.md
3986,3986,1987,,Гидрогеологийн судалгаа,"м.ренчинтогтох, я.дэмбрэл, в.в.кириченко",сб аймгийн нутагт 1987 онд хийсэн гидрогеол.геофиз.судалгааны тайлан,144,монгол,9.59,үгүй,,,,,,,3000-3999\3986_1986_StudyReport_Sukhbaatar_aimgiin_nutagt_1986_ond_yavuulsan_gidrogeologi_geofizikiin.md
4087,4087,1986,,Эрэл-үнэлгээний ажил,"да.дамба, ц.сүхбаатар",буйр нуурын өмнөт эргийн K-ийн хурдасны нүүрсжилтэд үнэлгээ өгсөн эрлийн тайлан,86,орос,100.0,үгүй,,,,,,,4000-4999\4087_1986_StudyReport_1986_ond_Buir_Nuuryn_talbaid_guitsetgesen_nuursnii_erliin.md
4130,4130,1986-1987,,Эрэл (эрлийн ажил),"м.цогт, д.орсоо","барилгын чулууны жамсран-овоо, шаварлаг шохойн чулуу ба элс хайрганы зүүн ордуудад хийсэн эрэл,хайгуулын тайлан",153,орос,45.35,үгүй,,,,,,,4000-4999\4130_1986_StudyReport_1986_1987_ond_Dornod_aimgiin_Khalkhgol_Sumber_sumyn.md
4178,4178,1987,,Гидрогеологийн судалгаа,"б.оркен, а.баатархүү","до аймгийн халх гол сумын нутагт хийсэн газар доорх усны эрэл,хайгуулын тайлан",132,орос,34.68,үгүй,,,,,,,4000-4999\4178_1987_StudyReport_1987_ond_Dornod_aimgiin_Khalkhgol_sumyn_shine_toviin.md
4193,4193,1986-1987,,Хайгуулын ажил,ч.энхтуяа,"барилгын элсний жамсран-овоо ордын эрэл,нарийв.хайгуулын тайлан",67,орос,100.0,үгүй,,,,,,,4000-4999\4193_1987_StudyReport_Dornod_aimgiin_nutagt_bairlakh_Jamsran_Ovoo_barilgyn_elsny.md
4266,4266,1983,,Гидрогеологийн судалгаа,"ц.иванов, я.дэмбэрэл, у.мангалсүрэн",сб аймгийн нутагт 1988 онд хийсэн гидрогеол.геофиз.судалгааны тайлан,194,монгол,26.33,үгүй,,,,,,,4000-4999\4266_2023_StudyReport_Sukhbaatar_aimgiin_nutagt_1988_ond_yavuulsan_gidrogeologi_geofizikiin.md
4279,4279,1988,,Гидрогеологийн судалгаа · Геофизикийн судалгаа,"м.энхтайван, д.дорж",до аймгийн халх гол сумын нутагт 1988 онд хийсэн гидрогеол.геофиз.судалгааны тайлан,251,монгол,45.35,үгүй,,,,,,,4000-4999\4279_1988_StudyReport_Dornod_aimgiin_Khalkh_gol_sumyn_nutagt_1988_ond.md
4283,4283,1980-1987,,1:500 000 геологийн зураглал · Гидрогеологийн судалгаа,"р.я.колдышева, д.в.ефимова, а.п.гришина","зүүн өмнөт монголын 1:500000 гидрогеол.зураг(L-49-Б,Г,L-50-А,Б,В)",454,орос,54.65,үгүй,,,,,,,4000-4999\4283_1986_StudyReport_Zuun_Omnod_Mongolyn_1_500_000_masshtabtai_gidrogeologiin.md
4325,4325,1986-1989,,Геофизикийн судалгаа,"а.дагвацэрэн, д.наранцэцэг",тамсагийн хотосын зүүн хойт хэсэгт хийсэн геофиз.комплекс судалгааны тайлан,189,орос,45.35,үгүй,,,,,,,4000-4999\4325_1989_StudyReport_1986_1989_ond_Tamsag_Bayangoyootyn_khotgort_guitsetgesen_geofizikiin.md
4440,4440,1990,,"Гидрогеологийн судалгаа · Сэдэвчилсэн, эрдэм шинжилгээ, мэдээлэл","с.адъяа, п.энххишиг","өмнөт,зүүн-өмнөт монголын гандуу бүсийн хөрсний усны нөхөгдөх нөхцөл,химийн найрлагын тухай эрдэм шинжилгээний тайлан",242,орос,100.0,үгүй,,,,,,,4000-4999\4440_1990_StudyReport_Mongolyn_zuun_omnod_nutgiin_khuurai_busiin_baigaliin_nootsiin.md
4491,4491,1983,,1:200 000 геологийн зураглал,Д.Бат-Эрдэнэ,Чойбалсангийн районы сав газрын нүүрсний хэтийн төлөв,34,орос,100.0,үгүй,,,,,,,4000-4999\4491_1983_StudyReport_Choibalsangiin_nuursnii_sav_gazryn_nuursjiltiin_khetiin_tolviin_unelge.md
4846,4846,1981,,Геофизикийн судалгаа,Д.А.Самович,"Төв ба Зүүн Монголын нутагт 1981 онд хийсэн агаарын геофизикийн иж бүрэн судалгааны тайлангийн хавсралт зураг (L-48,L-49,L-50,M-49,M-50)",,орос,100.0,үгүй,,,,,,,4000-4999\4846_1981_StudyReport_Tov_ba_Zuun_Mongolyn_nutagt_1981_ond_khiisen.md
6295,6295,,,Хайгуулын ажил,Ж. Алтан-Од Г. Ганзориг,Сүхбаатар аймгийн Эрдэнэцагаан сумын нутагт орших Сайн Хөөврийн хүрэн нүүрсний ордод 2008-2009 онд гүйцэтгэсэн хайгуулын ажлын үр дүнгийн тайлан. Лиценз №13220Х,,,0.03,үгүй,,,,,,,6000-6999\6295_2021_StudyReport_6295.md
6317,6317,,,Хайгуулын ажил,Д. Доржготов П. Маранхүү О. Цэвэгсүрэн Н. Чимид,Сүхбаатар аймгийн Эрдэнэцагаан сумын нутагт орших Даажийн булагийн төв ордын берилл-гянтболдын ордод 2009-2010 онд гүйцэтгэсэн хайгуулын ажлын үр дүнгийн тайлан. Лиценз №15303Х,,,0.1,үгүй,,,,,,,6000-6999\6317_2023_StudyReport_6317.md
6444,6444,,,1:200 000 геологийн зураглал,Женерал Лайнд ХХК,Сүхбаатар аймгийн Эрдэнэцагаан сумын нутагт орших Сайн Хөөвөрийн хурэн нүүрсний ордыг ил уурхайн аргаар ашиглах ТЭЗҮ. Лиценз 16679А,,,100.0,үгүй,,,,,,,6000-6999\6444_2021_StudyReport_6444.md
6445,6445,,,1:200 000 геологийн зураглал,Л. Наранбаатар Б. Нэргүй Б. Батцэнгэл Гложекс ХХК,Сүхбаатар аймгийн Эрдэнэцагаан сумын нутагт орших Өвөрбаянгийн молибдений ордыг далд уурхайн аргаар ашиглах ТЭЗҮ. Лиценз 11123 А,,,0.01,үгүй,,,,,,,6000-6999\6445_2022_StudyReport_6445.md
6641,6641,,,Хайгуулын ажил,П. Наранхүү Н. Батдорж Ц. Энхжаргалан,Сүхбаатар аймгийн Эрдэнэцагаан сумын нутагт орших Даажийн булагын 15303Х тусгай зөвшөөрлийн талбай дахь Төвийн берилл-вольфрамын ордод 2011 онд гүТщэтгэсэн гүйцээх хайгуулын ажлын үр дүнгийн тайлан.,,,0.1,үгүй,,,,,,,6000-6999\6641_2023_StudyReport_6641.md
6656,6656,,,Хайгуулын ажил,X. Уламбаяр Р. Эрдэнэбаяр Б. Ганзориг,Сүхбаатар аймгийн Эрдэнэцагаан сумын нутагт орших Баянцогтын нүүрсний ордод 2009-2011 онд гүйцэтгэсэн эрэл хайгуулын ажлын үр дүнгийн тайлан. Лиценз 13496Х,,,2.26,үгүй,,,,,,,6000-6999\6656_2021_StudyReport_6656.md
6747,6747,,,1:200 000 геологийн зураглал,Ц. Очир О. Цэвэгсүрэн Д. Мөнхдэлгэр,Сүхбаатар аймгийн Эрдэнэцагаан сумын нутагт орших Егүзэр зүүн нэртэй ховор металлын ордыг ил уурхайн аргаар ашиглах ТЭЗҮ. Лиценз 16821А,,,0.27,үгүй,,,,,,,6000-6999\6747_2026_StudyReport_6747.md
6799,6799,,,Хайгуулын ажил,Л. Мөнхтогоо Д. Баатарчулуун,Сү^хбаатар аймгийн Эрдэнэцагаан сумын нутагт орших 12297А 12307А тусгай зөвшөөрөлтэй Баянцогт-1 хүрэн нүүрсний ордод 2010 онд гүйцэтгэсэн хайгуулын ажлын үр дүнгийн тайлан.,,,100.0,үгүй,,,,,,,6000-6999\6799_2021_StudyReport_6799.md
6808,6808,,,Хайгуулын ажил,Б. Баттулга Д. Сүхбазар О. Нармандах Д. Алтаншагай,Сүхбаатар аймгийн Эрдэнэцагаан сумын нутагт орших Далай булаг шатдаг занарын ордод 2010-2012 онд гүйцэтгэсэн хайгуулын ажлын үр дүнгийн тайлан. Лиценз 14938Х,,,100.0,үгүй,,,,,,,6000-6999\6808_2021_StudyReport_6808.md
6835,6835,,,Хайгуулын ажил,Н. Цэнгэлбаяр Ч. Өсөхбаяр Ч. Эрдэнэчулуун,Сүхбаатар аймгийн Эрдэнэцагаан сумын нутагт орших Арбаянгийн гянтболдын ордод 2009-2011 онуудад гүйцэтгэсэн хайгуулын ажлын үр дүнгийн тайлан. Лиценз 11124А,,,0.01,үгүй,,,,,,,6000-6999\6835_2026_StudyReport_6835.md
7083,7083,,,"Ордын нөөцийн тооцоо, үнэлгээ",X.Золбоо Ц. Дэдхүү Т. Отгонбаяр М. Санноканцам,Сүхбаатар аймгийн Эрдэнэцагаан сумын нутагт орших Баянцогтын ордын Сайн хөөвөрийн хэсэгт орших 16679 тоот тусгай зөвшөөрлийн ашиглалтын талбайд 2008-2012 омуудад 1 үйцзи гсологи лайгуулшп ажлын ур дүпгинп тайлан.,,,100.0,үгүй,,,,,,,7000-7999\7083_2024_StudyReport_7083.md
7086,7086,,,1:200 000 геологийн зураглал,Д. Баярсайхан Д. Алтаншагай 3. Түмэн- од 4. Эрдэнэбаяр Б. Алтангэрэл,Сүхбаатар аймгийн Эрдэнэцагаан сумын нутагт орших Далай булгийн шатдаг занарын ордыг ил аргаар ашиглах ТЭЗҮ. Тусгай зөвшөөрөл-17169А,,,100.0,үгүй,,,,,,,7000-7999\7086_2023_StudyReport_7086.md
7239,7239,,,Хайгуулын ажил,С. Бямбаа Ч. Энхжаргач,Сүхбаатар аймгийн Эрдэнэцагаан сумын нутагт орших Хулман нуурын хурэн нуүрсний ордод 2009-2013 онуудад гүйцэтгэсэн хайгуулын ажлын үр дүнгийн тайлан. Тусгай зөвшөөрөл -14743Х,,,100.0,үгүй,,,,,,,
7323,7323,,,1:200 000 геологийн зураглал,Б. Анар-Од Д. Батсайхан Б. Түтзшинтөгс Ө. Соёлцэцэг Н. Очирбат,Сүхбаатар аймгийн Эрдэнэцагаан сумын нутагт орших Сайн Хөөвөрийн хүрэн нүүрсний ордыг ил уурхайн аргаар ашиглах ТЭЗҮ. Тусгай зөвшөөрөл-16679А,,,100.0,үгүй,,,,,,,7000-7999\7323_2021_StudyReport_7323.md
7338,7338,,,1:200 000 геологийн зураглал,П. Очирваань А. Юндэнбат,Сүхбаатар аймгийн Эрдэнэцагаан сумын нутагт орших Баянцогт-1 хүрэн нүүрсний ордыг ил уурхайн аргаар ашиглах ТЭЗҮ-ийн нэмэлт тодотгол. Тусгай зөвшөөрөл-17197А,,,100.0,үгүй,,,,,,,7000-7999\7338_2021_StudyReport_7338.md
7341,7341,,,1:200 000 геологийн зураглал,О. Цэвэгсүрэн М. Цолмон Д. Мөнхдэлгэр,Сүхбаатар аймгийн Эрдэнэцагаан сумын нутагт орших Даажийн булагийн берилл-гянтболдын ордын төвийн хэсгийн ордыг ил далд уурхайн аргаар ашиглах ТЭЗҮ. Тусгай зевшөөрөл-17090А,,,100.0,үгүй,,,,,,,7000-7999\7341_2022_StudyReport_7341.md
7366,7366,,,Хайгуулын ажил,В. Нямаа Д. Сосорбарам,Сүхбаатар аймгийн Эрдэнэцагаан сумын нутагт орших Далай булагийн шатдаг занарын ордод 2013 онд гүйцэтгэсэн хайгуулын ажлын үр дүнгийн тайлан. Тусгай зөвш өөрөл-17169 А,,,100.0,үгүй,,,,,,,7000-7999\7366_2021_StudyReport_7366.md
7441,7441,,,1:200 000 геологийн зураглал,Н. Эрдэнэбаяр Г. Сандагдорж Ш. Алтансүх Н. Отгонжаргал,Сүхбаатар аймгийн Эрдэнэцагаан сумын нутагт орших Хулман нуурын хүрэн нүүрсний ордыг ил уурхайн аргаар ашиглах ТЭЗҮ. Тусгай зөвшөөрөл-17480А,,,100.0,үгүй,,,,,,,7000-7999\7441_2024_StudyReport_7441.md
7449,7449,,,Хайгуулын ажил,Г. Энхцэцэг Ч. Оюундэлгэр,Сүхбаатар аймгийн Эрдэнэцагаан сумын нутагт орших Хохтэй нуруу нэртэй хүрэн нүүрсний ордод 2010-2013 онд гүйцэтгэсэн хайгуулын ажлын үр дүнгийн тайлан. Тусгай зөвшөөрөл - 8362Х 8363Х,,,100.0,үгүй,,,,,,,7000-7999\7449_2024_StudyReport_7449.md
7810,7810,,,1:200 000 геологийн зураглал,Д.Болор Д. Баяндэмбэрэл Л. Ганбат Т. Мөнх-Эрдэнэ,Сүхбаатар аймгийн Эрдэнэцагаан сумын нутагт орших Далай булаг шатдаг занарын ордыг ил уурхайн аргаар ашиглах тодотгол ТЭЗҮ Тусгай зөвшөөрөл-17169А,,,100.0,үгүй,,,,,,,7000-7999\7810_2024_StudyReport_7810.md
7858,7858,,,Хайгуулын ажил,X. Уламбаяр Д. Батсайхан Б. Анар-Од Б.Дэмбэрэлсүрэн,Сүхбаатар аймгийн Эрдэнэцагаан сумын нутагт орших Егүзэрийн гянтболд-молибдений ордод 2012 онд гүйцэтгэсэн нарийвчилсан хайгуулын ажлын үр дүнгийн тайлан. Тусгай зөвшөөрөл-10224А,,,100.0,үгүй,,,,,,,7000-7999\7858_2022_StudyReport_7858.md
