code	folder_id	files_found	bytes_found	mb_found	files_expected	mb_expected	native_google_files	status
0002	1NNlZkX0CVrDHCFyrlyEEpajFImNf4wwd	6	30898461	30.9	6	30.9	0	MATCH
0057	1q3SjTFxgiFXWKAnTIu7bEU4XWRU3D5lV	11	200481596	200.5	11	200.5	0	MATCH
0397	1HS9xzf4zQBdt-DCdo7W6nHYEGM8Qarab	2	15876137	15.9	2	15.9	0	MATCH
0412	1Ct4SACQ1fVOvHDLyDe3mqRB4YLHDnRJv	4	414323	0.4	4	0.4	0	MATCH
0623	1iuKzvJGWTQlBYPdQWxTv5ItQUrisMUmr	3	2109084	2.1	3	2.1	0	MATCH
0645	1AjJssMF9zkOkSMklScBGi-doh7nCoxCx	4	12734583	12.7	4	12.7	0	MATCH
0826	1GBcbZha1jO0XKV4mDpVw4KI8WKXjnwc9	3	7653851	7.7	3	7.7	0	MATCH
1278	1uJqAlhpu_3unEvnApqLLtHMS7N78boYS	2	2223296	2.2	2	2.2	0	MATCH
1303	1SBGPdvU2Lf8p1xvZsO6MGU16OC58-9m3	12	26040922	26.0	12	26.0	0	MATCH
1323	1X1wLFHEjyDF2ustFJW7s8iTDXkHraZX7	8	10261108	10.3	8	10.3	0	MATCH
1324	1RbGuw0uvXodM3feUyWEOi3UhQ25xUZM9	10	14966888	15.0	10	15.0	0	MATCH
1446	10KHQC3Q9koaTiLphgITI74nOrcvpvA3A	57	404183028	404.2	57	404.2	0	MATCH
1663	1AIDqaB6LUEsZiUI1-48cfpFPoUAjUYdl	12	65602656	65.6	12	65.6	0	MATCH
1708	1ZHOZoq5rKmmGhCmh37sSBbiLwAwSIeC9	9	5266842	5.3	9	5.3	0	MATCH
1762	1ClhZsQCsUQdWIHzPBizhgLGK7Ojp7t2d	140	880285098	880.3	140	880.3	0	MATCH
1853	16kGl-70kVAgMc9TtKfwowZOw87sYbN59	347	858541234	858.5	347	858.5	0	MATCH
1889	1Vmq3GTNNfgznUIvhUuOYGaO6V4rCYRMq	15	57564845	57.6	15	57.6	0	MATCH
2025	1xrnptHlbSNS6knnHK2qPzZLep8uomblB	4	6242267	6.2	4	6.2	0	MATCH
2149	1FLcrnP3I2hfLSv0cwikwisv_8VjIvrvU	3	2931210	2.9	3	2.9	0	MATCH
2153	1YGj_liQtLcMmFxwUmprbYNWuk1pnALKL	2	1755823	1.8	2	1.8	0	MATCH
2348	1xZH_c81aOvS5WMM62ZSmH84tzH5duB_s	12	11970482	12.0	12	12.0	0	MATCH
2409	1g_f-oJ__K3dKVIJ-SjBqwfh5LTYJuJKZ	279	400645884	400.6	279	400.6	0	MATCH
2411	1w8pmpz-ReX-22JR0AyMGv4Sx1irfCh9F	124	191051128	191.1	124	191.1	0	MATCH
2452	18oOOU_crQCQTFzFOF7qJFA-Wh0njsqHl	175	731555395	731.6	175	731.6	0	MATCH
2576	1Vq2imvdzC0xuLhmH9cOyxSnTh0HLKWLH	14	96208436	96.2	14	96.2	0	MATCH
2704	14gOXLlFh8Cx88hDaZB-CSBu_CoJCKerx	2	14528102	14.5	2	14.5	0	MATCH
2739	1bGffo6yRsH9EzVRveq2gDIdi1NoSDIBe	5	6348654	6.3	5	6.3	0	MATCH
2992	1swA3ESXoxZL-ESYCbV0Dd0wAbEP9aGBv	3	46168747	46.2	3	46.2	0	MATCH
3562	1F4HXyAnS615Rjh-iMytYCMNvk3D-tlMs	5	24232326	24.2	5	24.2	0	MATCH
3651	1z3U_GApyfg7ygvWrTUy4htyZWn6SOoDy	3	579164618	579.2	1	0.0	0	MORE
4772	1ikX71F-NIc1S8iZKOoHhBcTBQ3DbaMjE	2	1646115	1.6	2	1.6	0	MATCH
5000	1YQ-kNMaA06WKXfPPxq_FkTBnXI84DjrD	174	1085287494	1085.3	174	1085.3	0	MATCH
5020	1SlV8C9YraNLdoGCSHhlekLi4Ml1TiwxW	142	1278019645	1278.0	142	1278.0	0	MATCH
5172	1-ETP8H7N-aEocKOurfAIFsCKlcutzI2r	105	827747429	827.7	105	827.7	0	MATCH
5600	1OrO8gS1oaiD942qv_cZVZ4ICKd5kPx86	184	1295128190	1295.1	184	1295.1	0	MATCH
6314	1oAx3C79mYXzEdxuROi0XR1MYiDZ1iQWs	3	6447086	6.4	3	6.4	0	MATCH
6443	1_Bl7iSDkccE56W_kOeIgYDTAvycbZabk	2	13489911	13.5	2	13.5	0	MATCH
