no,year,subs,scale,author,title,geom_source,rag
0,1975,map50,1:200 000,"V.I.Blimenshvaig, A.I.Popov","Report on results of 1:50,000 Scale general prospecting carried out in the area of the Eguuzer and the Central Deposits",200_Reports_reg + 50_Reports_reg + Aerogeophysical,
1,1975,map50,,V.Bespalov and Ch.Jadamba,"Report on results of 1:50,000 Scale general prospecting carried out in the area of the Eguuzer and the Central Deposits",GSI.gdb/T50k + Index_map/50K,0000-0999\0001_1935_StudyReport_1935_ond_gidrogeologiin_angiin_Dundgov_Dornogov_Khentii_aimguudyn.md
12,1938,prval,,в.и.жерехов,"Дорнод,Сүхбаатар аймгийн нутагт хийсэн нүүрсний эрлийн тайлан",номенклатур 1:200 000 (4 хавтгай),0000-0999\0012_1938_StudyReport_Dornod_Sukhbaatar_aimgiin_nutagt_khiisen_nuursnii_erliin_tailan.md
14,1939,hydro|prval,,в.и.жерехов,Егүзөрийн хийдийн районы нүүрсний эрлийн тайлан,номенклатур 1:200 000 (4 хавтгай),0000-0999\0014_1937_StudyReport_Eguzor_khiidiin_duuregt_1938_ond_khiisen_nuursnii_erliin.md
20,1937-1938,hydro,,"в.ф.ковалев, и.а.намедов",Зүүн монголын зарим районы усан хангамжийн судалгааны тайлан,номенклатур 1:1 000 000 (5 хавтгай),0000-0999\0020_1939_StudyReport_Zuun_Mongolyn_zarim_raiony_usan_khangamjiin_sudalgaany_tailan.md
31,1934,hydro,,в.н.попов,Дорнод аймгийн нутагт хийсэн газар дооорх усны эрлийн тайлан.,номенклатур 1:200 000 (8 хавтгай),0000-0999\0031_1937_StudyReport_Usny_1_r_angiin_1934_ond_Dornod_aimagt.md
49,1938,hydro,,"грастаньянц,егоров,васин",зүүн монголын газар доорх усны горимын судалгааны тайлан,номенклатур 1:200 000 (9 хавтгай),0000-0999\0049_1938_StudyReport_1938_1939_ony_khoorond_guitsetgesen_Zuun_Mongolyn_gazar.md
64,1939,hydro,,ю.ф.ковалев,зүүн монголын районд хийсэн нүүрсний эрлийн урьдчилсан тайлан,номенклатур 1:200 000 (6 хавтгай),0000-0999\0064_1939_StudyReport_Zuun_Mongolyn_raiond_khiisen_usny_erliin_ajlyn_urdchilsan.md
65,1939,expl,,п.н.шпанов,баянцогтын ордын хайгуулын тайлан,номенклатур 1:200 000 (1 хавтгай),0000-0999\0065_1939_StudyReport_Bayantsogtyn_ordyn_khaiguulyn_tailan.md
72,1939,hydro,,п.а.панкратов,до.хэ.аймгийн нутагт хийсэн газар доорх усны эрлийн тайлан,номенклатур 1:200 000 (4 хавтгай),0000-0999\0072_1939_StudyReport_Dornod_Khentii_aimgiin_nutagt_khiisen_gazar_doorkh_usny.md
114,1942,hydro,,чеховский,егүзөр хийдийн W-ын үйлдвэрийн усан хангамжийн тухай дүгнэлт,номенклатур 1:200 000 (1 хавтгай),0000-0999\0114_1942_StudyReport_Eguzeriin_khiidiin_gyantboldyn_uildveriin_usan_khangamjiin_tukhai.md
117,1942,deposit,,ю.с.желубовский,зүүн хойд монголын нефтийн тухай мэдээлэл,номенклатур 1:200 000 (4 хавтгай),0000-0999\0117_1942_StudyReport_Mongol_orny_zuun_khoid_khesgiin_gazryn_tosny_shine.md
118,1941,deposit,,в.ф.ковалев,монголын шаврын ордны мэдээлэл,номенклатур 1:200 000 (3 хавтгай),0000-0999\0118_1941_StudyReport_Mongol_orny_shavryn_ordyn_tukhai_medeelel.md
289,1941,deposit,,в.ковалев,W-ын егүзөрийн ордын товч дүгнэлт,номенклатур 1:200 000 (1 хавтгай),0000-0999\0289_1941_StudyReport_Gyantboldyn_Eguzoriin_ordyn_tovch_dugnelt.md
290,1941,deposit,,"в.ф.ковалев,н.ф.соловьев",егүзөрийн W-ын ордын районы талаарх мэдээлэл,номенклатур 1:200 000 (1 хавтгай),0000-0999\0290_1941_StudyReport_Eguzoriin_gyantboldyn_ordyn_raiony_talaarkh_medeelel.md
293,1941,theme,,к.г.вовк,до.аймагт хийсэн эрэл шалгуурын ажлын дун,номенклатур 1:200 000 (5 хавтгай),0000-0999\0293_1941_StudyReport_Dornod_aimagt_khiisen_erel_shalgaltyn_ajlyn_dungiin_tailan.md
294,1939,map200|hydro,,"в.ф.ковалев, н.ф.соловьев",до.хэ.аймагт хийсэн 1:200000 геол.гидрогеол.зурагл.тайлан,номенклатур 1:200 000 (9 хавтгай),0000-0999\0294_1939_StudyReport_Gidro_geologiin_2_r_angiin_1939_ond_BNMAU.md
327,1941,hydro|theme,,сорокин,зүүн монголын гадаргуугийн болон гүний усны тухай мэдээлэл,номенклатур 1:1 000 000 (8 хавтгай),0000-0999\0327_1938_StudyReport_BNMAU_n_zuun_busiin_gadargiin_bolon_gazryn_doorkh.md
332,1938-1942,map1000,,"н.л.кудрявцева, в.н.попов, а.л.данилевский",зүүн монголын геол.гидрогеол.болон ашигт малтмалын талаархи нэгдсэн дүгнэлт,номенклатур 1:1 000 000 (8 хавтгай),0000-0999\0332_1941_StudyReport_Zuun_Mongolyn_geologi_gidrogeologi_bolon_ashigt_maltmalyn_tukhai.md
356,1942,deposit,,с.смирнов,егүзөрийн W-ын ордын тухай дүгнэлт,номенклатур 1:200 000 (1 хавтгай),0000-0999\0356_1941_StudyReport_Eguzeriin_gyantboldyn_ordyn_tukhai_dugnelt.md
376,1942,hydro,,в.чеховский,егүзөрийн ордын усан хангамжийн зориулалтаар өрөмдсөн 107-р цооногийн дүугнэлт,номенклатур 1:200 000 (1 хавтгай),0000-0999\0376_1942_StudyReport_Eguzoriin_ordyn_usan_khangamjiin_zoriulaltaar_oromdson_107_r.md
377,1942,hydro,,чеховский,егүзөрийн 4-р тусгай эксп. талбайн усан хангамжийн зориулалттай өрөмдсөн 108-р цооногийн дүгнэлт,номенклатур 1:200 000 (1 хавтгай),0000-0999\0377_1942_StudyReport_Eguzeriin_bayajuulakh_uildveriin_usan_khangamjind_zoriulj_oromdson_108.md
378,1942,hydro,,чеховский,егүзөрийн 4-р тусгай эксп.талбайн усан хангамжийн зориулалттай өрөмдсөн 109-р цооногийн дүгнэлт,номенклатур 1:200 000 (1 хавтгай),0000-0999\0378_1942_StudyReport_Eguzoriin_talbaid_usan_khangamjiin_zoriulalttai_oromdson_109_r.md
386,1943,expl,,в.в.дельнов,"баруун ховд гол, нүхт голын хөндий дэх батгуйн гянт болд, цагаан тугалганы шороон ордод хийсэн хайгуулын урьд.тайлан",номенклатур 1:200 000 (1 хавтгай),0000-0999\0386_1942_StudyReport_1943_ond_44_r_angi_Baruun_Khovd_gol.md
391,1941,deposit,,"ф.к.шипулин, м.и.носиков,к.помазков","нүүрс, гантигийн ордуудын лавлах материал (паспорт)",номенклатур 1:200 000 (9 хавтгай),0000-0999\0391_1938_StudyReport_Mongol_orny_nuurs_davs_bal_chuluu_khailuur_jonsh.md
396,1943,hydro,,и.с.усенко,егүзөрийн ордын орчимын газар доорх усны эрлийн дүгнэлт,номенклатур 1:200 000 (1 хавтгай),0000-0999\0396_1942_StudyReport_Eguzoriin_ord_deer_tsokhiltot_argaar_oromdson_tsoonoguudyn_bichiglelii.md
404,1943,map500,,"м.и.александрова,н.кудрявцева, а.и.перельман",тамсагийн өргөгдөлийн районд хийсэн 1:500000 геол.зурагл.тайлан,номенклатур 1:200 000 (5 хавтгай),0000-0999\0404_1943_StudyReport_1943_ond_55_r_angiin_Tamsagiin_orgogdoliin_duuregt.md
422,1943-1944,deposit,,"ю.с.желубовский, м.а.анпилов, в.а.чеховский",егүзөрийн ордын нөөцийн тооцоо,номенклатур 1:200 000 (1 хавтгай),0000-0999\0422_1942_StudyReport_1943_ond_Eguzeriin_gyantbold_molibdeny_ord_deer_khiisen.md
445,1943,prosp,,в.в.дельнов,"егүзөрийн районд хийсэн эрэл,хайгуулын тайлан",номенклатур 1:200 000 (1 хавтгай),0000-0999\0445_2024_StudyReport_Baruun_Khovd_gol_Bauryn_Khovd_gol_Baruun_Nukhetiin.md
452,1945,hydro,,н.а.маринов,зүүн монголын газар доорхи усны тухай мэдээлэл,номенклатур 1:1 000 000 (2 хавтгай),0000-0999\0452_1944_StudyReport_Zuun_Mongolyn_gazryn_doorkh_usny_medeelel.md
457,1946,theme,,ю.с.желубовский,79-р ангийн жилийн ажлын тайлан,номенклатур 1:1 000 000 (4 хавтгай),0000-0999\0457_1946_StudyReport_79_r_angiin_1946_ony_ajlyn_tovch_tailan.md
477,1946,deposit,,а.д.каленов,зүүн монголын ховор металлын ордуудын тухай мэдээлэл,номенклатур 1:1 000 000 (5 хавтгай),0000-0999\0477_1945_StudyReport_1946_ond_Dornod_ekspeditsiin_78_r_angiin_guitsetgesen.md
484,1946,theme,,р.а.хасин,зүүн монголын гянт болдын ордуудын эрдэсийн химийн найрлагын тухай мэдээлэл,солбицол цэг,0000-0999\0484_1957_StudyReport_Dornod_Mongolyn_gyantboldyn_orduudyn_khimiin_shinj_chanaryn_tukhai.md
499,1948,theme,,"а.х.иванов, н.а.маринов, р.а.хасин",зүүн хойд монголын геол.тогтоцын тухай мэдээлэл,номенклатур 1:1 000 000 (4 хавтгай),0000-0999\0499_1947_StudyReport_Zuun_khoid_Mongolyn_geologiin_togtotsyn_tukhai_medeelel.md
504,1945,deposit,,а.п.логвинов,зүүн монголын ховор металлын шинэ районы тухай мэдээлэл,номенклатур 1:200 000 (11 хавтгай),0000-0999\0504_1949_StudyReport_Zuun_Mongolyn_khovor_metallyn_shine_duurgiin_tukhai_medeelel.md
534,1950,theme,,н.а.маринов,зүүн монголын ховор металлын шинэ районы тухай мэдээлэл,номенклатур 1:200 000 (5 хавтгай),0000-0999\0534_2024_StudyReport_Zuun_mongolyn_khovor_metallyn_shine_raiony_tukhai_medeelel.md
552,1951,hydro,,с.п.албул,"егүзөрийн баяжуулах үйлдвэрийн усан хангамжийн зориулалттай, чоно голын хөндийд өрөмдсөн ашиглалтын хайгуулын цооногийн дүгнэлт",номенклатур 1:200 000 (1 хавтгай),0000-0999\0552_1950_StudyReport_Eguzeriin_bayajuulakh_uildveriin_usan_khangamjind_zoriulj_Chono_golyn.md
639,1951-1953,prosp,,"к.п.столбков, е.г.федоровская, и.г.бондаренко","нүүрсний зүүнбулаг ба чойбалсан ордын эрэл, хайгуулын ажлын тайлан",солбицол цэг,0000-0999\0639_1953_StudyReport_1951_1953_ond_Zuun_bulag_Choibalsangiin_khuren_nuursnii.md
652,1955,expl,,"д.и.федорович, н.э.геригардт",231-р ангийн 1955 оны ажлын тайлан,номенклатур 1:200 000 (1 хавтгай),0000-0999\0652_1955_StudyReport_231_r_angiin_1955_ony_Geologiin_tailan.md
656,1939,expl,,"м.н.бондаренко, н.т.смирнов",дорнодын эксп.1939 онд хийсэн ажлын товч тайлан,номенклатур 1:200 000 (9 хавтгай),0000-0999\0656_1939_StudyReport_Dornod_ekspeditsiin_1939_ond_khiisen_ajlyn_tovch_tailan.md
718,1954,map200,,м.анпилов,дорнодын эксп.1954 оны 1-р улирлын тайлан,номенклатур 1:1 000 000 (2 хавтгай),0000-0999\0718_1954_StudyReport_Dornod_ekspeditsiin_geologi_khaiguulyn_ajlyn_1954_ony_Negdugeer.md
728,1954,map500,,"о.м.мясковский, с.т.овинов",сб.хэ.аймгийн нутагт хийсэн эрлийн тайлан,номенклатур 1:200 000 (3 хавтгай),0000-0999\0728_1954_StudyReport_1954_ond_Sukhbaatar_Khentii_aimgiin_nutagt_khiisen_erliin.md
732,1955,map200,,"с.т.овинов, с.ф.военушкин, в.и.немчинов",дорнодын эксп.1955 оны 1-р улирлын тайлан,номенклатур 1:200 000 (6 хавтгай),0000-0999\0732_1955_StudyReport_Dornod_ekspeditsiin_geologi_khaiguulyn_ajlyn_1955_ony_Negdugeer.md
733,1955,prosp,,"о.м.мясковский, в.н.полтавченко, д.и.федорович",сб.өг.аймгийн нутагт хийсэн эрлийн тайлан,номенклатур 1:200 000 (2 хавтгай),0000-0999\0733_2026_StudyReport_Sukhbaatar_Omnogov_aimgiin_nutagt_khiisen_erliin_tailan_183.md
736,1955,map500,,"т.к.кречетович, в.н.полтавиченко","дорнодын эксп.183,213,234,235-р ангийн 1955 оны эхний 9 сарын ажлын тайлан",номенклатур 1:200 000 (1 хавтгай),0000-0999\0736_2024_StudyReport_Dornod_ekspeditsiin_183_213_234_235_r_angiudyn.md
861,1955,expl,,"с.к.светловский, в.ф.котик",егүзөрийн ордын хайгуулын тайлан,номенклатур 1:200 000 (1 хавтгай),0000-0999\0861_1954_StudyReport_1954_ond_Eguzeriin_ordod_yavuulsan_geologi_khaiguulyn_ajlyn.md
862,1952,theme,,и.н.шоршер,"W,Sn,Mo гаргаж авах баяжуулалтын схем ба югзөрийн ордын хүдэрт хийсэн лабор.шинжилгэээний үр дүн",номенклатур 1:200 000 (1 хавтгай),0000-0999\0862_1952_StudyReport_Eguzeriin_ordyn_niilmel_butetstei_khuderiin_neg_sortsyg_bayajuulakh.md
863,1948,theme,,"е.н.вишневский, в.п.соколов",егүзөрийн ордын хүдрийн баяжуулалтын технологийг боловсронгуй болгох лабораторийн ажлын тайлан,номенклатур 1:200 000 (1 хавтгай),0000-0999\0863_1950_StudyReport_Eguzoriin_ordyn_khudriin_bayajuulaltyn_tekhnologiig_bolovsrongui_bolgo.md
864,1948,theme,,е.н.вишневский,"W,Mo-ны хүдрийн баяжуулалтыг сайжруулах лабор.шинжилгээний үр дүн",номенклатур 1:200 000 (1 хавтгай),0000-0999\0864_1955_StudyReport_Gyantbold_molibdeny_khudriin_bayajuulaltyg_saijruulakh_laboratoryn_shi.md
865,1950,hydro,,с.п.албул,егүзөр баяжуулах фабрикийн усан хангамжийн зориулалттай чоно голын хөндийд өрөмдсөн цооногийн дүгнэлт,номенклатур 1:200 000 (1 хавтгай),0000-0999\0865_1950_StudyReport_Eguzeriin_bayajuulakh_uildveriin_usan_khangamjind_zoriulj_Chono_golyn.md
866,1942,deposit,,"ю.с.желубовский, р.а.хасин",егүзөр ордын ба түүний орчины геол.тогтоцын тухай мэдээлэл,номенклатур 1:200 000 (3 хавтгай),0000-0999\0866_1943_StudyReport_Gyantboldyn_Eguzor_ord_ba_tuunii_orchiny_geologiin_togtotsyn.md
867,1946,expl,,"а.п.логвинов, в.е.рябенко",егүзөр ордын хайгуулын тайлан,номенклатур 1:200 000 (1 хавтгай),0000-0999\0867_1942_StudyReport_Eguzeriin_molibdeniin_ordyn_unelgeenii_asuudald.md
868,1950,enggeo,,а.хабарова,егүзөр ордын хаягдал хадгалах талбайн инж.геол.судалгааны тайлан,номенклатур 1:200 000 (1 хавтгай),0000-0999\0868_1950_StudyReport_Eguzor_ordyn_khayagdal_khadgalakh_talbain_injener_geologiin_sudalgaany.md
869,1945,expl,,в.е.рявенко,егүзөр ордын хайгуулын тайлан,номенклатур 1:200 000 (1 хавтгай),0000-0999\0869_1945_StudyReport_1945_ond_Yuguzeriin_gyantboldyn_ordod_guitsetgesen_geologi_khaiguulyn.md
876,1955,prosp,,"д.и.федорович, т.к.кречетович","сайхан уулын ховор металлын бүсийн районд хийсэн эрэл,хайгуулын үр дүн",номенклатур 1:200 000 (1 хавтгай),0000-0999\0876_1955_StudyReport_Saikhan_uulyn_khovor_metallyn_busiin_raiond_khiisen_erel.md
915,1955,deposit,,в.ф.котик,егүзөрийн ордын урьд.хайгуулын тайлан,номенклатур 1:200 000 (1 хавтгай),0000-0999\0915_1954_StudyReport_Eguzeriin_ordyn_1954_ony_geologi_khaiguulyn_ajil_bolon.md
920,1947,expl,,"а.п.логваннов, в.е.рябенко",егүзөрийн ордын урьд.хайгуулын тайлан,номенклатур 1:200 000 (1 хавтгай),0000-0999\0920_1947_StudyReport_Eguzeriin_ordyn_gyantbold_molibdeny_nootsiin_urdchilsan_khaiguulyn_tai.md
1034,1943,prosp,,ю.с.желубовский,монголын зүүн өмнөт хэсгийн геол.ашигт малтмалын тухай мэдээлэл,номенклатур 1:200 000 (4 хавтгай),1000-1999\1034_1943_StudyReport_BNMAU_yn_zuun_omnot_khesegt_tarkhsan_gollokh_chuluulguud.md
1042,1944,theme,,барилгын яам,зүүн монголд илрүүлж судалсан ашигт малтмалын ордын лавлах мэдээлэл,номенклатур 1:200 000 (5 хавтгай),1000-1999\1042_1943_StudyReport_1943_ond_geologi_khaiguulyn_Dornod_ekspeditsiin_Zuun_Mongold.md
1044,1944,theme,,в.с.сверчков,сб аймгийн нүүрсний ордуудын тухай товч мэдээлэл,номенклатур 1:200 000 (1 хавтгай),1000-1999\1044_1943_StudyReport_Sukhbaatar_aimgiin_zarim_nuursnii_orduudyn_tukhai_tovch_medeelel.md
1086,1955,prval,,ж.дүгэрсүрэн,сб аймгийн нутагт хийсэн нүүрсний эрлийн тайлан,номенклатур 1:200 000 (2 хавтгай),1000-1999\1086_2026_StudyReport_Sukhbaatar_aimgiin_nutagt_khiisen_nuursnii_erliin_tailan.md
1093,?,theme,,ж.дүгэрсүрэн,зүүн монголын зарим ашигт малтмалын тухай товч мэдээлэл,номенклатур 1:200 000 (2 хавтгай),1000-1999\1093_1944_StudyReport_Zuun_Mongolyn_zarim_ashigt_maltmalyn_tukhai_tovch_medeelel.md
1104,1954,deposit,,в.ф.котик,егүзөрийн ордын нөөцийн тооцооны үр дүнгийн дүгнэлт,номенклатур 1:200 000 (1 хавтгай),1000-1999\1104_1953_StudyReport_Eguzeriin_gyantboldyn_ordyn_jiliin_tailan_balansad_khiisen_dugnelt.md
1138,1952,theme,,ж.дүгэрсүрэн,"до аймагт тархсан хужир,шүүний талаархи товч мэдээлэл",номенклатур 1:1 000 000 (2 хавтгай),1000-1999\1138_1952_StudyReport_Dornod_aimagt_tarkhsan_khujir_shuunii_talaarkhi_tovch_medeelel.md
1161,1956,theme,,ж.дүгэрсүрэн,зүүн монголын зарим ашигт малтмалын мэдээлэл,номенклатур 1:200 000 (4 хавтгай),1000-1999\1161_1957_StudyReport_Mongol_orny_zarim_ashigt_maltmalyn_medeelel_gyantbold_molibden.md
1214,1952,geophys,,м.и.прусс,дг аймгийн нутагт хийсэн соронзон зурагл.тайлан,номенклатур 1:1 000 000 (2 хавтгай),1000-1999\1214_1952_StudyReport_GeophysList_Pruss_Magnetometry_Dornod_Solovyevsk_Choibalsan.md
1276,1954,map200|geophys,,м.и.прусс,до аймгийн районд хийсэн 1:100000 соронзон зурагл.тайлан,номенклатур 1:200 000 (7 хавтгай),1000-1999\1276_1954_StudyReport_BNMAU_yn_Dornod_aimgiin_nutagt_1_53_r.md
1277,1954,map100|geophys,,н.м.геренблат,тамсагийн районд хийсэн гравиметр.зурагл.тайлан,номенклатур 1:100 000 (27 хавтгай),1000-1999\1277_1953_StudyReport_Gravimetriin_zuraglalyn_2_53_angiin_BNMAU_yn_Tamsagiin.md
1297,1954,geophys,,а.и.грачев,баруун тамсагийн районд хийсэн хүндийн хүчний зурагл.тайлан,номенклатур 1:200 000 (5 хавтгай),1000-1999\1297_2024_StudyReport_Baruun_Tamsagiin_raiond_khiisen_khundiin_khuchnii_zuraglalyn_tailan.md
1317,1955,map500,,"а.а.толмачевский, а.а.шиманский",сб аймгийн нутагт хийсэн 1:500000 геол.зурагл.тайлан,номенклатур 1:200 000 (7 хавтгай),1000-1999\1317_1955_StudyReport_1955_ond_Sukhbaatar_aimgiin_nutagt_guitsetgesen_1_500.md
1326,1956-1957,prval,,з.а.савельева,зүүн тамсагийн районд хийсэн нефтийн эрлийн тайлан,номенклатур 1:500 000 (1 хавтгай),1000-1999\1326_1956_StudyReport_BNMAU_yn_dornod_khesgiin_geologiin_togtots_neftjiltiin_khetiin.md
1330,1957,prval,,р.б.давыдов,өмнөт бүрдийн голын талбай ба баруун тамсагийн районд хийсэн нефтийн эрлийн тайлан,номенклатур 1:200 000 (2 хавтгай),1000-1999\1330_1955_StudyReport_Baruun_tamsagiin_profiliin_raion_Omnod_burdenii_golyn_talbai.md
1332,1958,expl,,барилгын яам,тамсагийн талбайд өрөмдсөн цооногийн материалыг устгасан тухай мэдээлэл,номенклатур 1:1 000 000 (1 хавтгай),1000-1999\1332_1958_StudyReport_Tatan_buugdsan_Tamsagiin_talbaid_oromdson_Tamsag_1R_Baruun.md
1531,1975,theme,,ч.хоролсүрэн,монгол улсын геол.судалгааны лавлах мэдээлэл,номенклатур 1:1 000 000 (14 хавтгай),1000-1999\1531_1977_StudyReport_1970_ony_1_r_saryn_1_ny_baidlaar.md
1541,1959-1961,map200,,"в.а.варламов, и.с.богуславский",зүүн монголын хойт хэсэгт хийсэн геол.маршрутын судалгааны тайлан,номенклатур 1:200 000 (16 хавтгай),1000-1999\1541_1962_StudyReport_Dornod_Mongolyn_khoid_khesgiin_geologiin_togtots.md
1545,1962,prval,,"в.м.бочаров, а.я.ломоносов","сб,тө,дг аймгийн нутагт хийсэн перлитын эрлийн тайлан",номенклатур 1:200 000 (13 хавтгай),1000-1999\1545_1962_StudyReport_1962_ond_Tov_Sukhbaatar_Dornogov_aimgiin_nutagt_guitsetgesen.md
1569,1962,expl,,"в.и.долженко, а.д.шведцов",1962 онд хийсэн болорын мэдээ шалгалтын ажлын тайлан,номенклатур 1:200 000 (7 хавтгай),1000-1999\1569_1963_StudyReport_Reviziin_10_r_angiin_1962_ond_pezo_optikiin.md
1592,1963,theme,,"р.а.хасин, и.и.волчек, лувсанданзан",монголын нутаг дэвсгэрт 1963 онд хийсэн эрдэм шинжилгээний ангийн хээрийн ажлын мэдээлэл,номенклатур 1:1 000 000 (6 хавтгай),1000-1999\1592_1965_StudyReport_1963_ony_7_r_saraas_10_r_saryn.md
1617,1964,hydro|theme,,а.и.кончакова,"M-49-49, L-50, K-49-ийн усны кадастрын эмхтгэсэн мэдээлэл",номенклатур 1:1 000 000 (7 хавтгай),1000-1999\1617_1965_StudyReport_BNMAU_yn_gazryn_doorkh_usny_kadastryn_tovch_tailbar.md
1670,1965,prosp,,"э.в.пунчик, в.д.пунчик","дорнодын районд хийсэн барилгын материалын түүхий эд,нүүрсний эрэл,хайгуулын тайлан",номенклатур 1:200 000 (2 хавтгай),1000-1999\1670_1966_StudyReport_1965_ond_BNMAU_yn_zuun_zakhad_guitsetgesen_barilgyn.md
1713,1947-1950,theme,,з.а.каленов,"зүүн-өмнөд монголын W-ын ордуудын гарал үүсэл,эрдэсжилт ба хэтийн төлвийн тухай мэдээлэл",номенклатур 1:200 000 (7 хавтгай),1000-1999\1713_1951_StudyReport_Sedev_586_4_r_tusgai_ekspeditsi_yanz_buriin.md
1738,1963-1967,theme,,"в.а.амантов, ю.а.борзаковский, и.и.волчек","монголын геол.тогтоц,ашигт малтмалын тухай мэдээллийн нэгдсэн дүгнэлт",номенклатур 1:1 000 000 (14 хавтгай),1000-1999\1738_1965_StudyReport_BNMAU_yn_geologiin_togtots_ba_ashigt_maltmal.md
1746,1967,map500|hydro,,"а.и.кончакова, н.а.маринов, з.н.рожденственская",монголын 1:1500000 гидрогеол.зураг,номенклатур 1:1 000 000 (14 хавтгай),1000-1999\1746_1967_StudyReport_Khuraangui_BNMAU_yn_gazryn_dorkhi_us_BNMAU_yn.md
1818,1969,prval,,"цэдэндамба, мауер",монголын зарим гол ашигт малтмалын ордын талаарх нэгдсэн дүгнэлт,номенклатур 1:200 000 (5 хавтгай),1000-1999\1818_1969_StudyReport_BNMAU_yn_gollokh_erdsiin_tuukhii_ediin_ordyn_olborlolt.md
1823,1969,prval,,"х.сүхбаатар, ш.алтангэрэл, б.ням","до, сб аймгийн нутагт хийсэн эрлийн тайлан",номенклатур 1:200 000 (2 хавтгай),1000-1999\1823_1970_StudyReport_Dornodyn_4_r_angiin_1969_ond_yavuulsan_erel.md
1881,1969-1970,prval,,"л.ф.лавриненко, т.захай, х.далилхан","тө,дг,до,бх аймгийн нутагт хийсэн Та-Nb ба бусад ховор металлын эрлийн тайлан",номенклатур 1:200 000 (5 хавтгай),1000-1999\1881_1970_StudyReport_1969_1970_ond_Janchivlangiin_angiin_guitsetgesen_tantal_bolon.md
1900,1970,prval,,"с.мөнхтогтох, т.намсрай, д.батбаяр",1970 онд хийсэн өнгөт чулууны эрлийн тайлан,номенклатур 1:200 000 (8 хавтгай),1000-1999\1900_1971_StudyReport_UBGUG_yn_9_r_angiin_1970_ond_ongot.md
1933,1971,theme,,"г.ф.иванова, р.болд",монголын W-ын ордуудын төрөл ба тэдгээрийн геохимийн шинж чанарын тухай мэдээлэл,номенклатур 1:200 000 (8 хавтгай),1000-1999\1933_1972_StudyReport_Mongolyn_gyantboldyn_ordyn_torol_tedgeeriin_geokhimiin_shinj_sedevt.md
1969,1970,theme,,"хоролсүрэн, баасанбат",1968-1969 онд хийсэн геол.ажлын судалгааны зургийн эмхтгэл,номенклатур 1:1 000 000 (11 хавтгай),1000-1999\1969_1989_StudyReport_1968_1969_ond_khiisen_geologiin_ajlyn_sudalgaany_zurgiin.md
1970,1968,geophys,,л.с.дмиетриева,монголд хийсэн геофиз.ажлын судалгааны зураг,номенклатур 1:1 000 000 (15 хавтгай),1000-1999\1970_1969_StudyReport_1970_ony_01_r_saryn_01_nii_baidlaarkh.md
1993,1973,theme,,техник экспорт,егүзөр ордын W-Mo хүдрийн баяжуулалтад хийсэн лабор.шинжилгээний үр дүн,номенклатур 1:200 000 (1 хавтгай),1000-1999\1993_1973_StudyReport_Yuguzeriin_ordyn_gyantbold_molibdeny_khudriin_bayajuulaltyn_sudalgaany.md
1996,1972,theme,,"д.и.фрих-хар, ж.бадамгарав",MZ2-ийн бялхмал чулуулгийн геол.онцлогийн талаарх эрдэм шинжилгээний ажлын дүгнэлт,номенклатур 1:200 000 (4 хавтгай),1000-1999\1996_1972_StudyReport_BNMAU_yn_khojuu_mezozoin_effuziv_chuluulagiin_geologiin_zarim.md
2051,1958,map200,,"т.банзрагч, ганбаатар, ц.мөнхбадар","төв, зүүн монголын нутагт 1958 он хүртэл хийсэн 1:200000 геол.зурагл.нэгдсэн дүгнэлт",номенклатур 1:1 000 000 (6 хавтгай),2000-2999\2051_1974_StudyReport_BNMAU_yn_Tov_ba_Dornod_khesegt_1958_on.md
2072,1974,geophys,,"д.алтангэрэл, м.п.николаенко, а.с.наумов",егүзөр ордод хийсэн геофиз.судалгааны тайлан,номенклатур 1:200 000 (2 хавтгай),2000-2999\2072_1975_StudyReport_Eguzeriin_geofizikiin_angiin_1974_ond_Eguzeriin_ordyn_orchin.md
2106,1975,theme,,ж.сумъяа,монголын давсны нөөцийн тухай мэдээлэл,номенклатур 1:1 000 000 (8 хавтгай),2000-2999\2106_1975_StudyReport_BNMAU_yn_davsny_noots_bayalag.md
2108,1974,map200,,"н.батаа, г.якубов",1974 онд хийсэн байр зүй-геодезийн ажлын тайлан.,номенклатур 1:200 000 (4 хавтгай),2000-2999\2108_1975_StudyReport_Geologi_geofizikiin_sudalgaa_khiigdsen_obektuudyn_khemjeend_khiigdsen.md
2167,1971-1975,map200,,в.с.антипин,төв болон зүүнхойт монголын нутагт хийсэн геохимийн судалгааны үр дүн,номенклатур 1:1 000 000 (6 хавтгай),2000-2999\2167_1975_StudyReport_Gunii_yanz_buriin_fatsiin_nokhtsold_uussen_mezozoin_granitoidyn.md
2178,1973,hydro|geophys,,"г.сүрэн, а.и.евсеенков, е.ф.мухин",до аймгийн нутагт хийсэн гидрогеол.геофиз.судалгааны тайлан,номенклатур 1:1 000 000 (2 хавтгай),2000-2999\2178_1974_StudyReport_1973_ond_Dornod_aimgiin_nutagt_guitsetgesen_gidrogeologi_geofizikiin.md
2180,1973,geophys,,д.король,сб аймгийн нутагт хийсэн геофиз.комплекс судалгааны тайлан,номенклатур 1:1 000 000 (1 хавтгай),2000-2999\2180_1973_StudyReport_Mongol_Ungaryn_geofizikiin_tsogtsolbor_angiin_1973_ond_khiisen.md
2208,1975,geophys,,"н.г.гасаналиев, о.мангалсүрэн, п.т.федоткин",сб аймгийн нутагт хийсэн гидрогеол.геофиз.судалгааны тайлан,номенклатур 1:1 000 000 (2 хавтгай),2000-2999\2208_1975_StudyReport_Sukhbaataryn_UAA_n_udirdakh_gazryn_1975_ony_uildverlel.md
2257,1976,deposit,,ю.м.иванова,монголын хүрэн нүүрсний нөөцийн баланс (1976.01.01-ний байдлаар),номенклатур 1:200 000 (10 хавтгай),2000-2999\2257_1976_StudyReport_Chuluun_bolon_khuren_nuursnii_nootsiin_balans_1976_01.md
2258,1975,deposit,,"т.захай, к.м.сапогова",монголын Мо-ны нөөцийн нэгдсэн баланс (1975.1.1-ний байдлаар),номенклатур 1:200 000 (5 хавтгай),2000-2999\2258_1974_StudyReport_1975_ony_1_r_saryn_1_nii_baidlaar.md
2261,1975,deposit,,"т.захай, к.м.сапогова",W-ын нөөцийн нэгдсэн баланс (1975.1.1-ний байдлаар),номенклатур 1:200 000 (8 хавтгай),2000-2999\2261_1974_StudyReport_1975_ony_1_r_saryn_1_nii_baidlaarkh.md
2323,1973-1974,theme,,"б.амарсайхан, а.готовсүрэн, я.цэдэнбалжир",геохимийн туршилт аргачлалын үр дүнгийн тайлан,номенклатур 1:200 000 (7 хавтгай),2000-2999\2323_1975_StudyReport_Geokhimiin_angiin_1973_1974_ony_khoorondokh_geokhimiin_turshilt.md
2371,1975,expl,,"н.дугаржав, е.мисник",галт уулын шааргын баянцагаан ордын нарийв.хайгуулын тайлан,номенклатур 1:200 000 (4 хавтгай),2000-2999\2371_1976_StudyReport_1975_ond_Sukhbaatar_aimgiin_Bayantsagaany_galt_uulyn_shaargyn.md
2399,1976,hydro,,"в.е.чеботарь, в.г.крюхин, а.и.леонов",до аймгийн нутагт хийсэн гидрогеол.геофиз.судалгааны тайлан,номенклатур 1:200 000 (13 хавтгай),2000-2999\2399_1976_StudyReport_Dornodyn_UAA_n_udirdakh_gazryn_1976_ony_uildverlel.md
2400,1976,hydro,,"н.г.гасаналиев, п.н.фонарев, мангалсүрэн",тө аймгийн нутагт хийсэн гидрогеол.геофиз.судалгааны тайлан,номенклатур 1:200 000 (12 хавтгай),2000-2999\2400_1976_StudyReport_Sukhbaataryn_UAA_n_udirdakh_gazryn_1976_ony_uildverlel.md
2446,,geophys,,,,номенклатур 1:1 000 000 (5 хавтгай),2000-2999\2446_1974_StudyReport_1973_ond_Dornodyn_vulkan_tektonik_strukturt_Dornod_Mongol.md
2598,1977,hydro,,"п.н.фонарев, у.мангалсүрэн, в.ф.кузнецов",сб аймгийн нутагт хийсэн гидрогеол.геофиз.судалгааны тайлан,номенклатур 1:200 000 (14 хавтгай),2000-2999\2598_1977_StudyReport_1977_ond_Sukhbaatar_aimgiin_nutagt_yavuulsan_gidrogeologi_geofizikiin.md
2603,1977,geophys,,н.бямба,"до,хэ,өх,сб аймгуудад хийсэн цахил.хайгуулын тайлан",номенклатур 1:1 000 000 (3 хавтгай),2000-2999\2603_1977_StudyReport_1977_ond_Ovorkhangai_Khentii_Sukhbaatar_bolon_Dornod_aimguudad.md
2619,1977,geophys,,а.дагвадорж.,егүзөр ордын районд хийсэн 1:25000 геол.геофиз.эрлийн тайлан,номенклатур 1:200 000 (2 хавтгай),2000-2999\2619_1977_StudyReport_Eguzeriin_ordyn_orchin_dakh_borjingiin_dald_bunkheriin_erliin.md
2680,1978,hydro,,"п.н.фонарев, у.мангалсүрэн, в.ф.кузнецов",сб аймагт хийсэн гидрогеол.геофиз.судалгааны тайлан,номенклатур 1:1 000 000 (2 хавтгай),2000-2999\2680_1978_StudyReport_1978_ond_Sukhbaatar_aimgiin_nutag_devsgert_guitsetgesen_geologi.md
2688,1987,hydro,,"н.п.байдуков, а.н.мироненко, в.е.чеботарь",до аймгийн нутагт хийсэн гидрогеол.геофиз.судалгааны тайлан,номенклатур 1:1 000 000 (2 хавтгай),2000-2999\2688_1978_StudyReport_1978_ond_Dornod_aimgiin_nutagt_yavuulsan_gidrogeologi_geofizikiin.md
2800,1974,hydro,,"с.ойдов, н.гасаналиев, у.мангалсурэн",сб аймгийн нутагт хийсэн гидрогеол.геофиз.судалгааны 1974 оны тайлан,номенклатур 1:200 000 (10 хавтгай),2000-2999\2800_1974_StudyReport_1974_ond_Sukhbaatar_aimgiin_nutagt_guitsetgesen_gidrogeologi_geofiziki.md
2837,1981,map200,,"с.авирмэд, в.м.скучалин, р.г.акжигитов",ховор металлын төв ордын нөөцийн тооцоонд хэрэглэх жишгийн товч бичиглэл,номенклатур 1:200 000 (1 хавтгай),2000-2999\2837_1982_StudyReport_Khovor_metallyn_Tov_ordyn_nootsiin_tootsoond_zoriulsan_konditsiin.md
2871,1953,enggeo,,и.ф.горанов,"чоно гол уурхайн усан хангамж, инж.геол.судалгааны дүгнэлт",номенклатур 1:200 000 (1 хавтгай),2000-2999\2871_1953_StudyReport_Chono_golyn_uurkhain_usan_khangamj_injener_geologiin_sudalgaany.md
2875,1945,deposit,,"н.а.нагаенко, о.с.салтыкова, в.м.семенова",егүзэр ордын W-ийн нөөц тооцоолоход хэрэглэсэн дээжийн шинжилгээний жагсаалт,номенклатур 1:200 000 (1 хавтгай),2000-2999\2875_1945_StudyReport_Khuder_ba_volframyn_guravch_isliin_nootsiin_tootsoond_orson.md
2879,1944,expl,,"а.с.золотухин, и.с.усенко, ф.е.рубик",егүзэрийн ордод 1945 онд хийх геол.хайгуулын ажлын төлөвлөгөө,номенклатур 1:200 000 (1 хавтгай),2000-2999\2879_1945_StudyReport_Volfram_molibdeny_Eguzeriin_ordod_1945_ond_khiikh_geologi.md
2880,1953,expl,,"с.к.светловский, в.ф.котик",егүзэрийн ордод хийсэн 1953 оны хайгуулын тайлан,номенклатур 1:200 000 (1 хавтгай),2000-2999\2880_1953_StudyReport_1953_ond_Yuguzeriin_ordod_guitsetgesen_geologi_khaiguulyn_ajil.md
2881,1953,expl,,"т.м.котик, с.к.светловский, н.г.чучев",егүзэрийн ордод хийсэн 1952 оны хайгуулын тайлан,номенклатур 1:200 000 (1 хавтгай),2000-2999\2881_1953_StudyReport_1952_ond_Yuguzeriin_ordod_guitsetgesen_geologi_khaiguulyn_ajlyn.md
2885,1950,enggeo,,а.хабарова,егүзэрийн уурхайн талбайн инж.геол.судалгааны дүгнэлт,номенклатур 1:200 000 (1 хавтгай),
2891,1955,deposit,,в.ф.котик,егүзэрийн ордын 1955 оны ашиглалтын тайлан,номенклатур 1:200 000 (1 хавтгай),2000-2999\2891_1954_StudyReport_Yuguzeriin_ordyn_1954_ony_ashiglaltyn_tailan.md
2892,1948,expl,,спецэкспедиция N 4,тусгай эксп.(N 4)-ийн 1948 оны ажлын тайлан,номенклатур 1:200 000 (4 хавтгай),2000-2999\2892_1948_StudyReport_1948_ony_geologi_khaiguulyn_ajlyn_tailan.md
2893,1948,theme,,а.п.логинов,зүүн монголын ховор металлын шинэ районы тухай мэдээлэл,номенклатур 1:200 000 (2 хавтгай),2000-2999\2893_1948_StudyReport_BNMAU_yn_dornod_kheseg_dekh_khovor_metallyn_shine.md
2896,1947,deposit,,цветков,егүзэр ордын W-Mo-ны нөөцийн тооцоо,номенклатур 1:200 000 (1 хавтгай),2000-2999\2896_2024_StudyReport_Eguzer_ordyn_volfram_molibdeny_ordyn_nootsiin_tootsoony_tailan.md
2897,1946,expl,,логвинов,тусгай эксп.(N 4)-ийн 1946 онд хийсэн ажлын тайлан,номенклатур 1:200 000 (4 хавтгай),2000-2999\2897_2024_StudyReport_ZKhU_yn_ongot_metallurgiin_4_r_tusgai_ekspeditsiin.md
2904,1943,prosp,,"в.в.дельнов, н.д.каленов, е.г.полякова","Sn-ны нүхэтийн гол, баруун ховд гол шороон ордын ба W-ийн батгуй ордын эрэл,хайгуулын тайлан",номенклатур 1:200 000 (1 хавтгай),2000-2999\2904_1943_StudyReport_SPETsGEO_iin_GKhE_iin_44_r_angiin_1943.md
2905,1942,theme,,смирнов,егүзэр ордын районы геол.тогтоц ба эрдэсжилтийн тухай мэдээлэл,номенклатур 1:200 000 (1 хавтгай),2000-2999\2905_1942_StudyReport_Ord_bolon_tuunii_ergen_toiron_dakh_geologi_mineralogiin.md
2946,1979,hydro,,"э.сивков, иванов, мангалсүрэн",сб аймгийн нутагт хийсэн гидрогеол.геофиз.судалгааны 1979 оны тайлан,номенклатур 1:200 000 (11 хавтгай),2000-2999\2946_1980_StudyReport_1979_ond_Sukhbaatar_aimgiin_nutag_devsgert_guitsetgesen_gidrogeologi.md
3000,1978-1979,prosp,,"б.амарсайхан, а.готовсүрэн, я.цэдэнбалжир","төмөртийн-овоо орд ба L-50-49 хавтгайд хийсэн геохимийн эрэл,туршилт аргачлалын тайлан",номенклатур 1:200 000 (4 хавтгай),3000-3999\3000_1980_StudyReport_1978_1979_onuudad_Tomortiin_ovoony_ord_bolon_L.md
3053,1971-1975,map500,,р.а.хасин,"төв ба зүүн монголын металлогений 1:500000 зураг (Аи,Sn,хайлуур жонш)",номенклатур 1:1 000 000 (8 хавтгай),3000-3999\3053_1975_StudyReport_Dornod_bolon_Tov_Mongolyn_1_500_000_ny.md
3107,1953,expl,,"в.и.браташ, в.д.кирейчев, в.и.линьков",геол.хайгуулын конторын 1953 оны тайлан,номенклатур 1:200 000 (5 хавтгай),3000-3999\3107_1954_StudyReport_Geologi_khaiguulyn_kontoryn_1953_ony_geologi_geofizikiin_tailan.md
3109,1956,expl,,а.а.шиманский,монголнефть трестийн 1956 оны тайлан,номенклатур 1:200 000 (4 хавтгай),3000-3999\3109_1956_StudyReport_1956_ony_Mongolneft_trestyn_goviin_bused_khiisen_neftiin.md
3208,1981,prval,,"ц.чойжамц, а.и.юдина",төв монголд хийсэн өнгөт чулууны эрлийн тайлан,номенклатур 1:200 000 (7 хавтгай),3000-3999\3208_1978_StudyReport_1978_ond_BNMAU_yn_nutagt_yavuulsan_ongot_chuluuny.md
3293,1981,hydro|geophys,,"ц.иванов, м.рэнчинтогтох, о.мангалсүрэн",сб аймгийн нутагт хийсэн гидрогеол.геофиз.судалгааны 1981 оны тайлан,номенклатур 1:200 000 (8 хавтгай),3000-3999\3293_1981_StudyReport_1981_ond_Sukhbaatar_aimgiin_nutagt_guitsetgesen_gidrogeologi_geofiziki.md
3343,1977,enggeo,,пнииис,халх гол сангийн аж ахуйн бордооны талбайн инж.геол.судалгааны дүгнэлт,номенклатур 1:500 000 (1 хавтгай),3000-3999\3343_1977_StudyReport_Khalkhyn_golyn_sangiin_aj_akhuin_bordoony_talbain_injeneriin.md
3362,1978-1980,theme,,"иентхен, вухер, зауерберг",зүүн монголын металлогений бүсэд хийсэн эрдэм шинжилгээний тайлан,номенклатур 1:200 000 (4 хавтгай),3000-3999\3362_1980_StudyReport_Erdem_shinjilgeenii_khamtyn_ajillagaany_2_r_shuud_sedviin.md
3494,1982-1986,prval,,"в.п.рыборак, т.захай, с.сэлэмбаатар",монгол улсын нутагт хийсэн геол.зурагл.эрлийн судалгааны зургийн тайлбар бичиг,номенклатур 1:1 000 000 (12 хавтгай),3000-3999\3494_2023_StudyReport_Mongol_Ulsyn_nutagt_khiisen_geologiin_zuraglal_erliin_ajlyn.md
3516,1982,hydro|geophys,,"ц.иванов, о.мангалсүрэн, м.рэнцэнтогтох",сб аймгийн нутагт 1982 онд хийсэн гидрогеол.геофиз.судалгааны тайлан,номенклатур 1:200 000 (17 хавтгай),3000-3999\3516_1983_StudyReport_1982_ond_Sukhbaatar_aimgiin_nutagt_guitsetgesen_gidrogeologi_geofiziki.md
3536,1982,hydro|geophys,,"б.алтангэрэл, ч.ганболд",до аймгийн нутагт 1982 онд хийсэн гидрогеол.геофиз.судалгааны тайлан,номенклатур 1:1 000 000 (4 хавтгай),3000-3999\3536_1983_StudyReport_1982_ond_Dornod_aimgiin_nutagt_guitsetgesen_gidrogeologi_geofizikiin.md
3537,1981,hydro|geophys,,"в.в.галкин, ю.а.гаранин",до аймгийн нутагт 1981 онд хийсэн гидрогеол.геофиз.судалгааны тайлан,номенклатур 1:1 000 000 (4 хавтгай),3000-3999\3537_1983_StudyReport_1981_ond_Dornod_aimgiin_nutagt_guitsetgesen_gidrogeologi_geofizikiin.md
3663,1983,hydro,,"ч.ганболд, а.в.корянов, б.ондрий",до аймгийн нутагт 1983 онд хийсэн гидрогеол.геофиз.судалгааны тайлан,номенклатур 1:200 000 (11 хавтгай),3000-3999\3663_2022_StudyReport_Dornod_aimgiin_nutagt_1983_ond_khiisen_gidrogeoli_geofizikiin.md
3677,1976-1980,theme,,ж.бадамгарав,"төв ба баруун монголын хайлуур жоншны ордын зүй тогтол, байршил ба MZ-ийн структурын шинж чанар сэдэвт эрдэм шинжилгээний ажлын тайлан",номенклатур 1:1 000 000 (6 хавтгай),3000-3999\3677_1981_StudyReport_1976_1980_onuudad_guitsetgesen_Tov_ba_Dornod_Mongolyn.md
3718,1980,prval,,"р.жарантай, д.арслан","баян-уулын илрэлд хийсэн нарийв.эрэл, арбаян,өвөрбаянгийн илрэлийн эрэл-үнэлгээний тайлан",номенклатур 1:200 000 (1 хавтгай),3000-3999\3718_1980_StudyReport_1980_ond_Arbayan_Ovorbayangiin_ilreld_khiisen_erel_unelgeenii.md
3765,1984,hydro|geophys,,"з.үржинсүрэн, в.п.неженцев",до аймгийн нутагт 1984 онд хийсэн гидрогеол.геофиз.судалгааны тайлан,номенклатур 1:1 000 000 (4 хавтгай),3000-3999\3765_1984_StudyReport_1984_ond_Dornod_aimgiin_nutag_devsgert_guitsetgesen_gidrogeologi.md
3784,1983,theme,,"х.грунер, а.тольке",югүзөрийн ордын Mo-W-ын хүдэрт хийсэн баяжуулалтын шинжилгээний тайлан,номенклатур 1:1 000 000 (1 хавтгай),3000-3999\3784_1983_StudyReport_Eguzeriin_ordyn_molibden_gyantboldyn_khudriin_tukhai_tailan_BNMAU.md
3789,1982-1984,prosp,,"а.должин, да.дамба, д.сүхбаатар","булангийн хоолойн хүрэн нүүрсний ордын урьд.хайгуул, эрлийн тайлан",номенклатур 1:1 000 000 (1 хавтгай),3000-3999\3789_1984_StudyReport_1982_1984_ond_Bulangiin_Khooloin_khuren_nuursnii_ordod.md
3842,1985,hydro,,"м.ренчинтогтох, я.дэмбэрэл, о.мангалсүрэн",сб аймгийн нутагт 1985 онд хийсэн гидрогеол.геофиз.судалгааны тайлан,номенклатур 1:200 000 (8 хавтгай),3000-3999\3842_1986_StudyReport_1986_ond_Sukhbaatar_aimgiin_nutagt_yavuulsan_gidrogeologi_geofizikiin.md
3983,1986,hydro,,"з.үржинсүрэн, ц.баярням, б.ондрой",до аймгийн нутагт 1986 онд хийсэн гидрогеол.геофиз.судалгааны тайлан,номенклатур 1:1 000 000 (2 хавтгай),3000-3999\3983_1986_StudyReport_Dornod_aimgiin_nutagt_1986_ond_yavuulsan_gidrogeologi_geofizikiin.md
3986,1987,hydro,,"м.ренчинтогтох, я.дэмбрэл, в.в.кириченко",сб аймгийн нутагт 1987 онд хийсэн гидрогеол.геофиз.судалгааны тайлан,номенклатур 1:200 000 (10 хавтгай),3000-3999\3986_1986_StudyReport_Sukhbaatar_aimgiin_nutagt_1986_ond_yavuulsan_gidrogeologi_geofizikiin.md
4087,1986,prval,,"да.дамба, ц.сүхбаатар",буйр нуурын өмнөт эргийн K-ийн хурдасны нүүрсжилтэд үнэлгээ өгсөн эрлийн тайлан,номенклатур 1:1 000 000 (1 хавтгай),4000-4999\4087_1986_StudyReport_1986_ond_Buir_Nuuryn_talbaid_guitsetgesen_nuursnii_erliin.md
4130,1986-1987,prosp,,"м.цогт, д.орсоо","барилгын чулууны жамсран-овоо, шаварлаг шохойн чулуу ба элс хайрганы зүүн ордуудад хийсэн эрэл,хайгуулын тайлан",номенклатур 1:200 000 (2 хавтгай),4000-4999\4130_1986_StudyReport_1986_1987_ond_Dornod_aimgiin_Khalkhgol_Sumber_sumyn.md
4178,1987,hydro,,"б.оркен, а.баатархүү","до аймгийн халх гол сумын нутагт хийсэн газар доорх усны эрэл,хайгуулын тайлан",номенклатур 1:200 000 (2 хавтгай),4000-4999\4178_1987_StudyReport_1987_ond_Dornod_aimgiin_Khalkhgol_sumyn_shine_toviin.md
4193,1986-1987,expl,,ч.энхтуяа,"барилгын элсний жамсран-овоо ордын эрэл,нарийв.хайгуулын тайлан",номенклатур 1:1 000 000 (1 хавтгай),4000-4999\4193_1987_StudyReport_Dornod_aimgiin_nutagt_bairlakh_Jamsran_Ovoo_barilgyn_elsny.md
4266,1983,hydro,,"ц.иванов, я.дэмбэрэл, у.мангалсүрэн",сб аймгийн нутагт 1988 онд хийсэн гидрогеол.геофиз.судалгааны тайлан,номенклатур 1:200 000 (12 хавтгай),4000-4999\4266_2023_StudyReport_Sukhbaatar_aimgiin_nutagt_1988_ond_yavuulsan_gidrogeologi_geofizikiin.md
4279,1988,hydro|geophys,,"м.энхтайван, д.дорж",до аймгийн халх гол сумын нутагт 1988 онд хийсэн гидрогеол.геофиз.судалгааны тайлан,номенклатур 1:500 000 (1 хавтгай),4000-4999\4279_1988_StudyReport_Dornod_aimgiin_Khalkh_gol_sumyn_nutagt_1988_ond.md
4283,1980-1987,map500|hydro,,"р.я.колдышева, д.в.ефимова, а.п.гришина","зүүн өмнөт монголын 1:500000 гидрогеол.зураг(L-49-Б,Г,L-50-А,Б,В)",номенклатур 1:500 000 (5 хавтгай),4000-4999\4283_1986_StudyReport_Zuun_Omnod_Mongolyn_1_500_000_masshtabtai_gidrogeologiin.md
4325,1986-1989,geophys,,"а.дагвацэрэн, д.наранцэцэг",тамсагийн хотосын зүүн хойт хэсэгт хийсэн геофиз.комплекс судалгааны тайлан,номенклатур 1:200 000 (2 хавтгай),4000-4999\4325_1989_StudyReport_1986_1989_ond_Tamsag_Bayangoyootyn_khotgort_guitsetgesen_geofizikiin.md
4440,1990,hydro|theme,,"с.адъяа, п.энххишиг","өмнөт,зүүн-өмнөт монголын гандуу бүсийн хөрсний усны нөхөгдөх нөхцөл,химийн найрлагын тухай эрдэм шинжилгээний тайлан",номенклатур 1:1 000 000 (8 хавтгай),4000-4999\4440_1990_StudyReport_Mongolyn_zuun_omnod_nutgiin_khuurai_busiin_baigaliin_nootsiin.md
4491,1983,map200,,Д.Бат-Эрдэнэ,Чойбалсангийн районы сав газрын нүүрсний хэтийн төлөв,номенклатур 1:1 000 000 (1 хавтгай),4000-4999\4491_1983_StudyReport_Choibalsangiin_nuursnii_sav_gazryn_nuursjiltiin_khetiin_tolviin_unelge.md
4846,1981,geophys,,Д.А.Самович,"Төв ба Зүүн Монголын нутагт 1981 онд хийсэн агаарын геофизикийн иж бүрэн судалгааны тайлангийн хавсралт зураг (L-48,L-49,L-50,M-49,M-50)",номенклатур 1:1 000 000 (5 хавтгай),4000-4999\4846_1981_StudyReport_Tov_ba_Zuun_Mongolyn_nutagt_1981_ond_khiisen.md
6295,,expl,,Ж. Алтан-Од Г. Ганзориг,Сүхбаатар аймгийн Эрдэнэцагаан сумын нутагт орших Сайн Хөөврийн хүрэн нүүрсний ордод 2008-2009 онд гүйцэтгэсэн хайгуулын ажлын үр дүнгийн тайлан. Лиценз №13220Х,лиценз XB-013220,6000-6999\6295_2021_StudyReport_6295.md
6317,,expl,,Д. Доржготов П. Маранхүү О. Цэвэгсүрэн Н. Чимид,Сүхбаатар аймгийн Эрдэнэцагаан сумын нутагт орших Даажийн булагийн төв ордын берилл-гянтболдын ордод 2009-2010 онд гүйцэтгэсэн хайгуулын ажлын үр дүнгийн тайлан. Лиценз №15303Х,лиценз XB-015303,6000-6999\6317_2023_StudyReport_6317.md
6444,,map200,,Женерал Лайнд ХХК,Сүхбаатар аймгийн Эрдэнэцагаан сумын нутагт орших Сайн Хөөвөрийн хурэн нүүрсний ордыг ил уурхайн аргаар ашиглах ТЭЗҮ. Лиценз 16679А,Эрдэнэцагаан сумын нутаг (нэрнээс),6000-6999\6444_2021_StudyReport_6444.md
6445,,map200,,Л. Наранбаатар Б. Нэргүй Б. Батцэнгэл Гложекс ХХК,Сүхбаатар аймгийн Эрдэнэцагаан сумын нутагт орших Өвөрбаянгийн молибдений ордыг далд уурхайн аргаар ашиглах ТЭЗҮ. Лиценз 11123 А,лиценз MV-011123,6000-6999\6445_2022_StudyReport_6445.md
6641,,expl,,П. Наранхүү Н. Батдорж Ц. Энхжаргалан,Сүхбаатар аймгийн Эрдэнэцагаан сумын нутагт орших Даажийн булагын 15303Х тусгай зөвшөөрлийн талбай дахь Төвийн берилл-вольфрамын ордод 2011 онд гүТщэтгэсэн гүйцээх хайгуулын ажлын үр дүнгийн тайлан.,лиценз XB-015303,6000-6999\6641_2023_StudyReport_6641.md
6656,,expl,,X. Уламбаяр Р. Эрдэнэбаяр Б. Ганзориг,Сүхбаатар аймгийн Эрдэнэцагаан сумын нутагт орших Баянцогтын нүүрсний ордод 2009-2011 онд гүйцэтгэсэн эрэл хайгуулын ажлын үр дүнгийн тайлан. Лиценз 13496Х,лиценз XB-013496,6000-6999\6656_2021_StudyReport_6656.md
6747,,map200,,Ц. Очир О. Цэвэгсүрэн Д. Мөнхдэлгэр,Сүхбаатар аймгийн Эрдэнэцагаан сумын нутагт орших Егүзэр зүүн нэртэй ховор металлын ордыг ил уурхайн аргаар ашиглах ТЭЗҮ. Лиценз 16821А,лиценз MV-016821,6000-6999\6747_2026_StudyReport_6747.md
6799,,expl,,Л. Мөнхтогоо Д. Баатарчулуун,Сү^хбаатар аймгийн Эрдэнэцагаан сумын нутагт орших 12297А 12307А тусгай зөвшөөрөлтэй Баянцогт-1 хүрэн нүүрсний ордод 2010 онд гүйцэтгэсэн хайгуулын ажлын үр дүнгийн тайлан.,Эрдэнэцагаан сумын нутаг (нэрнээс),6000-6999\6799_2021_StudyReport_6799.md
6808,,expl,,Б. Баттулга Д. Сүхбазар О. Нармандах Д. Алтаншагай,Сүхбаатар аймгийн Эрдэнэцагаан сумын нутагт орших Далай булаг шатдаг занарын ордод 2010-2012 онд гүйцэтгэсэн хайгуулын ажлын үр дүнгийн тайлан. Лиценз 14938Х,Эрдэнэцагаан сумын нутаг (нэрнээс),6000-6999\6808_2021_StudyReport_6808.md
6835,,expl,,Н. Цэнгэлбаяр Ч. Өсөхбаяр Ч. Эрдэнэчулуун,Сүхбаатар аймгийн Эрдэнэцагаан сумын нутагт орших Арбаянгийн гянтболдын ордод 2009-2011 онуудад гүйцэтгэсэн хайгуулын ажлын үр дүнгийн тайлан. Лиценз 11124А,лиценз MV-011124,6000-6999\6835_2026_StudyReport_6835.md
7083,,deposit,,X.Золбоо Ц. Дэдхүү Т. Отгонбаяр М. Санноканцам,Сүхбаатар аймгийн Эрдэнэцагаан сумын нутагт орших Баянцогтын ордын Сайн хөөвөрийн хэсэгт орших 16679 тоот тусгай зөвшөөрлийн ашиглалтын талбайд 2008-2012 омуудад 1 үйцзи гсологи лайгуулшп ажлын ур дүпгинп тайлан.,Эрдэнэцагаан сумын нутаг (нэрнээс),7000-7999\7083_2024_StudyReport_7083.md
7086,,map200,,Д. Баярсайхан Д. Алтаншагай 3. Түмэн- од 4. Эрдэнэбаяр Б. Алтангэрэл,Сүхбаатар аймгийн Эрдэнэцагаан сумын нутагт орших Далай булгийн шатдаг занарын ордыг ил аргаар ашиглах ТЭЗҮ. Тусгай зөвшөөрөл-17169А,Эрдэнэцагаан сумын нутаг (нэрнээс),7000-7999\7086_2023_StudyReport_7086.md
7239,,expl,,С. Бямбаа Ч. Энхжаргач,Сүхбаатар аймгийн Эрдэнэцагаан сумын нутагт орших Хулман нуурын хурэн нуүрсний ордод 2009-2013 онуудад гүйцэтгэсэн хайгуулын ажлын үр дүнгийн тайлан. Тусгай зөвшөөрөл -14743Х,Эрдэнэцагаан сумын нутаг (нэрнээс),
7323,,map200,,Б. Анар-Од Д. Батсайхан Б. Түтзшинтөгс Ө. Соёлцэцэг Н. Очирбат,Сүхбаатар аймгийн Эрдэнэцагаан сумын нутагт орших Сайн Хөөвөрийн хүрэн нүүрсний ордыг ил уурхайн аргаар ашиглах ТЭЗҮ. Тусгай зөвшөөрөл-16679А,Эрдэнэцагаан сумын нутаг (нэрнээс),7000-7999\7323_2021_StudyReport_7323.md
7338,,map200,,П. Очирваань А. Юндэнбат,Сүхбаатар аймгийн Эрдэнэцагаан сумын нутагт орших Баянцогт-1 хүрэн нүүрсний ордыг ил уурхайн аргаар ашиглах ТЭЗҮ-ийн нэмэлт тодотгол. Тусгай зөвшөөрөл-17197А,Эрдэнэцагаан сумын нутаг (нэрнээс),7000-7999\7338_2021_StudyReport_7338.md
7341,,map200,,О. Цэвэгсүрэн М. Цолмон Д. Мөнхдэлгэр,Сүхбаатар аймгийн Эрдэнэцагаан сумын нутагт орших Даажийн булагийн берилл-гянтболдын ордын төвийн хэсгийн ордыг ил далд уурхайн аргаар ашиглах ТЭЗҮ. Тусгай зевшөөрөл-17090А,Эрдэнэцагаан сумын нутаг (нэрнээс),7000-7999\7341_2022_StudyReport_7341.md
7366,,expl,,В. Нямаа Д. Сосорбарам,Сүхбаатар аймгийн Эрдэнэцагаан сумын нутагт орших Далай булагийн шатдаг занарын ордод 2013 онд гүйцэтгэсэн хайгуулын ажлын үр дүнгийн тайлан. Тусгай зөвш өөрөл-17169 А,Эрдэнэцагаан сумын нутаг (нэрнээс),7000-7999\7366_2021_StudyReport_7366.md
7441,,map200,,Н. Эрдэнэбаяр Г. Сандагдорж Ш. Алтансүх Н. Отгонжаргал,Сүхбаатар аймгийн Эрдэнэцагаан сумын нутагт орших Хулман нуурын хүрэн нүүрсний ордыг ил уурхайн аргаар ашиглах ТЭЗҮ. Тусгай зөвшөөрөл-17480А,Эрдэнэцагаан сумын нутаг (нэрнээс),7000-7999\7441_2024_StudyReport_7441.md
7449,,expl,,Г. Энхцэцэг Ч. Оюундэлгэр,Сүхбаатар аймгийн Эрдэнэцагаан сумын нутагт орших Хохтэй нуруу нэртэй хүрэн нүүрсний ордод 2010-2013 онд гүйцэтгэсэн хайгуулын ажлын үр дүнгийн тайлан. Тусгай зөвшөөрөл - 8362Х 8363Х,Эрдэнэцагаан сумын нутаг (нэрнээс),7000-7999\7449_2024_StudyReport_7449.md
7810,,map200,,Д.Болор Д. Баяндэмбэрэл Л. Ганбат Т. Мөнх-Эрдэнэ,Сүхбаатар аймгийн Эрдэнэцагаан сумын нутагт орших Далай булаг шатдаг занарын ордыг ил уурхайн аргаар ашиглах тодотгол ТЭЗҮ Тусгай зөвшөөрөл-17169А,Эрдэнэцагаан сумын нутаг (нэрнээс),7000-7999\7810_2024_StudyReport_7810.md
7858,,expl,,X. Уламбаяр Д. Батсайхан Б. Анар-Од Б.Дэмбэрэлсүрэн,Сүхбаатар аймгийн Эрдэнэцагаан сумын нутагт орших Егүзэрийн гянтболд-молибдений ордод 2012 онд гүйцэтгэсэн нарийвчилсан хайгуулын ажлын үр дүнгийн тайлан. Тусгай зөвшөөрөл-10224А,Эрдэнэцагаан сумын нутаг (нэрнээс),7000-7999\7858_2022_StudyReport_7858.md
