no,subs,subs_mn,groups,year,scale,author,title,stage,commodity,area_name,aimag_sum,sheets,org,pages,lang,geom_kind,geom_source,span_deg,regional,pct_of_aoi,pct_of_report,in_gsi,rag
294,map200|hydro,1:200 000 геологийн зураглал · Гидрогеологийн судалгаа,MAP_LARGE|HYDGEO,1939,,"в.ф.ковалев, н.ф.соловьев",до.хэ.аймагт хийсэн 1:200000 геол.гидрогеол.зурагл.тайлан,1:200000 геол.гидрогеол.зурагл.,"ус,W,Sn | ус,W | ус,хайлуур жонш,W",овоо сумын район | ар жаргалантын хийдийн район | егүзөрийн район | мөнххааны хийдийн район | баянтүмэнгийн район,"хэ-340,342 | до-125,сб-225 | сб-230 | сб-225,222 | до-122,120,130","L-49-IV,V | L-50-VII | L-50-XIV,XX | L-49-XI,XII | L-50-I,M-50-XXXI",436,175,орос,polygon,номенклатур 1:200 000 (9 хавтгай),8.0,үгүй,73.67,7.23,тийм,0000-0999\0294_1939_StudyReport_Gidro_geologiin_2_r_angiin_1939_ond_BNMAU.md
623,map200,1:200 000 геологийн зураглал,MAP_LARGE,1953,1:200 000,"н.г.гражданцев, т.а.макурин",сайхан уулын районд хийсэн 1:200000 геол.зурагл.тайлан,1:200000 геол.зурагл. | эрэл,"W,Mo",сайханы район | сайханы бүлэг орд | сб.аймгийн нутаг,"сб-230, до-126 | сб-234","M-50-XIV,XV,XX,XI | L-50-XV | L-50-XX",436,570,орос,polygon,Index_map/200K + 200_Reports_reg,1.179,үгүй,16.43,27.64,тийм,0000-0999\0623_1954_StudyReport_Saikhan_Uul_Rare_Metal_Geology.md
1278,map200,1:200 000 геологийн зураглал,MAP_LARGE,1953,,"ю.а.шипков, б.а.балашов",халх голын районд хийсэн 1:200000 геол.зурагл.тайлан,1:200000 геол.зурагл.,,халх голын район,"до-133,127","L-50-V-VI,XI, M-50-XXXV",436,163,орос,polygon,номенклатур 1:200 000 (3 хавтгай),5.0,үгүй,45.35,7.57,тийм,1000-1999\1278_1953_StudyReport_1_200_000_scale_geological_mapping.md
645,map200|prval,1:200 000 геологийн зураглал · Эрэл-үнэлгээний ажил,MAP_LARGE|PROSP,1954,1:200 000,"в.ф.климов, е.л.спиридонов, м.а.пантюхина",тамсагийн хотост хийсэн эрлийн ажлын тайлан,1:200000 геол.зурагл.,,до.аймгийн нутаг | модонгийн холимог металлын орд,до-125,"L-50-X,XI,XV,XVI | L-50-X",436,196,орос,polygon,номенклатур 1:200 000 (5 хавтгай),3.0,үгүй,6.07,2.53,тийм,0000-0999\0645_1954_StudyReport_50kList_Klimov_Spiridonov_Tamsag_210_211Unit.md
718,map200,1:200 000 геологийн зураглал,MAP_LARGE,1954,,м.анпилов,дорнодын эксп.1954 оны 1-р улирлын тайлан,,,до.аймгийн нутаг,до,"L-50,L-49",436,82,орос,polygon,номенклатур 1:1 000 000 (2 хавтгай),12.0,тийм,100.0,2.32,тийм,0000-0999\0718_1954_StudyReport_Dornod_ekspeditsiin_geologi_khaiguulyn_ajlyn_1954_ony_Negdugeer.md
1276,map200|geophys,1:200 000 геологийн зураглал · Геофизикийн судалгаа,MAP_LARGE|HYDGEO,1954,,м.и.прусс,до аймгийн районд хийсэн 1:100000 соронзон зурагл.тайлан,1:200000 геол.зурагл.,нефть,тамсаг,до-127,"L-50-III,IV,V,IX,X,XI,XV",436,63,орос,polygon,номенклатур 1:200 000 (7 хавтгай),5.0,үгүй,51.42,5.72,тийм,1000-1999\1276_1954_StudyReport_BNMAU_yn_Dornod_aimgiin_nutagt_1_53_r.md
1303,map200,1:200 000 геологийн зураглал,MAP_LARGE,1954,1:200 000,ю.а.шипков,бяруу-тамсагийн районд хийсэн 1:200000 геол.зурагл.тайлан,1:200000 геол.зурагл.,нефть,бяруут-тамсагийн район,"до-120,125,127,133,сб-230","L-50-II,III,IV,VIII-X,XIV-XVI,XX",436,344,орос,polygon,Index_map/200K + 200_Reports_reg,3.0,үгүй,47.65,13.51,тийм,1000-1999\1303_1954_StudyReport_1_200_000_scale_geological_mapping.md
732,map200,1:200 000 геологийн зураглал,MAP_LARGE,1955,,"с.т.овинов, с.ф.военушкин, в.и.немчинов",дорнодын эксп.1955 оны 1-р улирлын тайлан,,Pb | ус | Mo | нүүрс | болор | хайлуур жонш,модот | уб-замын-үүд | югзөр | таван толгой | оши-ус | бэрх | хар толгой,хэ-358 | сб-230 | өг-214 | хо-303 | хэ-234 | өг-206,L-49-I | L-49-IV | L-50-XX | K-48-IV | L-46-XIX | K-48-VI,436,51,орос,polygon,номенклатур 1:200 000 (6 хавтгай),26.0,үгүй,34.68,9.65,тийм,0000-0999\0732_1955_StudyReport_Dornod_ekspeditsiin_geologi_khaiguulyn_ajlyn_1955_ony_Negdugeer.md
2051,map200,1:200 000 геологийн зураглал,MAP_LARGE,1958,,"т.банзрагч, ганбаатар, ц.мөнхбадар","төв, зүүн монголын нутагт 1958 он хүртэл хийсэн 1:200000 геол.зурагл.нэгдсэн дүгнэлт",1:200000 геол.зурагл.,,"төв,дорнод монголын талбай",,"M-49, L-50, L-48, K-48, K-49, L-49",401,398,орос,polygon,номенклатур 1:1 000 000 (6 хавтгай),18.0,тийм,100.0,0.77,тийм,2000-2999\2051_1974_StudyReport_BNMAU_yn_Tov_ba_Dornod_khesegt_1958_on.md
1853,map200,1:200 000 геологийн зураглал,MAP_LARGE,1970,1:200 000,"а.с.амгаа, б.гандулам, д.маам",хэрлэн голын тохойд чойбалсан хотоос зүүн ба өмнөт хэсэгт хийсэн 1:200000 геол.зурагл.тайлан,1:200000 геол.зурагл.,"хүдрийн Au,Mo,Ta",хэрлэн,до-125,"L-50-I,II-1,2,3,M-50-XXXII,XXXIII-123,134,135",408,352,орос,polygon,номенклатур 1:100 000 (8 хавтгай),8.0,тийм,100.0,2.32,тийм,1000-1999\1853_1970_StudyReport_Kherlen_Minor_Bend_West_Bank_Choibalsan_Party7.md
1889,map200,1:200 000 геологийн зураглал,MAP_LARGE,1970,1:200 000,"и.хорват, а.ямбар, г.часар",чойбалсан хотоос баруун урагш орших хандар уулын районд хийсэн 1:200000геол.зурагл.тайлан,1:200000 геол.зурагл.,,хондор-уул,"сб-225,до-122","L-49,L-50",408,313,орос,polygon,номенклатур 1:1 000 000 (2 хавтгай),12.0,тийм,100.0,2.32,тийм,1000-1999\1889_1970_StudyReport_Choibalsan_SW_200K_Mapping_Khadato_Cu_Fragment.md
2108,map200,1:200 000 геологийн зураглал,MAP_LARGE,1974,,"н.батаа, г.якубов",1974 онд хийсэн байр зүй-геодезийн ажлын тайлан.,байр зүйн судалгаа,,егүзөр | цэнхэр мандал | чойр | түмэнцогт,сб-230 | хэ-358 | дг-111 | сб-227,L-50-XX | L-49-II | L-49-XIII | L-49-V,406,71,орос,polygon,номенклатур 1:200 000 (4 хавтгай),8.0,үгүй,34.68,4.82,тийм,2000-2999\2108_1975_StudyReport_Geologi_geofizikiin_sudalgaa_khiigdsen_obektuudyn_khemjeend_khiigdsen.md
2837,map200,1:200 000 геологийн зураглал,MAP_LARGE,1981,,"с.авирмэд, в.м.скучалин, р.г.акжигитов",ховор металлын төв ордын нөөцийн тооцоонд хэрэглэх жишгийн товч бичиглэл,нөөцийн тооцоо,ховор металл,төв орд,сб-230,L-50-XX,404,30,орос,polygon,номенклатур 1:200 000 (1 хавтгай),1.0,үгүй,34.68,57.87,тийм,2000-2999\2837_1982_StudyReport_Khovor_metallyn_Tov_ordyn_nootsiin_tootsoond_zoriulsan_konditsiin.md
4491,map200,1:200 000 геологийн зураглал,MAP_LARGE,1983,,Д.Бат-Эрдэнэ,Чойбалсангийн районы сав газрын нүүрсний хэтийн төлөв,,,Дорнод аймаг,,L-50,,34,орос,polygon,номенклатур 1:1 000 000 (1 хавтгай),6.0,тийм,100.0,4.64,тийм,4000-4999\4491_1983_StudyReport_Choibalsangiin_nuursnii_sav_gazryn_nuursjiltiin_khetiin_tolviin_unelge.md
4772,map200,1:200 000 геологийн зураглал,MAP_LARGE,1994,1:500 000,Д.Батэрдэнэ,Монголын шатдаг занар түүний хэтийн төлөв,1:1000000,занар,Өвөржаргалантын сав | Говь-Алтайн сав | Нялгын сав | Төгрөгийн сав | Дундговийн сав | Өгийнуурын сав | Онгийн голын сав | Өмнөговийн сав | Чойбалсангийн сав | Тамсаг | Дорноговь | Сүхбаатар | нууруудын хотгорын сав,ду | га | өг | до | дг | сб,M-50 | M-49 | L-49 | L-47 | L-50 | M-47,МГТТ,53,монгол,polygon,номенклатур 1:1 000 000 (6 хавтгай),24.0,тийм,100.0,0.77,тийм,4000-4999\4772_0000_Study_Report_Report.md
1541,map200,1:200 000 геологийн зураглал,MAP_LARGE,1959-1961,,"в.а.варламов, и.с.богуславский",зүүн монголын хойт хэсэгт хийсэн геол.маршрутын судалгааны тайлан,маршрутын судалгаа,,зүүн монголын хойт хэсэг,"хэ,сэ,тө,до","M-48-XXVII,XVIII,XXIII,XXIV,XXIX,XXX,XXXV,XXXVI,M-49,L-50-XIII,XIX,XXV,XXXI,L-48-V,VI,L-49",400,610,орос,polygon,номенклатур 1:200 000 (16 хавтгай),13.0,үгүй,19.66,0.35,тийм,1000-1999\1541_1962_StudyReport_Dornod_Mongolyn_khoid_khesgiin_geologiin_togtots.md
1762,map200|geophys,1:200 000 геологийн зураглал · Геофизикийн судалгаа,MAP_LARGE|HYDGEO,1966-1967,1:200 000,"в.и.блюменцвайг, а.и.попов",зүүн монголд хийсэн 1:200000 агаарын соронзон зурагл.тайлан,1:200000 агаарын соронзон зурагл.,,зүүн монгол,,,400,269,орос,polygon,Aerogeophysical,7.997,тийм,100.0,4.54,тийм,1000-1999\1762_1966_StudyReport_1_200_000_scale_airborne_magnetic.md
2167,map200,1:200 000 геологийн зураглал,MAP_LARGE,1971-1975,,в.с.антипин,төв болон зүүнхойт монголын нутагт хийсэн геохимийн судалгааны үр дүн,,,төв болон зүүн хойд монгол,"тө,сэ,хэ,до,су","M-48,M-49,M-50,L-48,L-49,L-50",441,,орос,polygon,номенклатур 1:1 000 000 (6 хавтгай),18.0,тийм,100.0,0.77,тийм,2000-2999\2167_1975_StudyReport_Gunii_yanz_buriin_fatsiin_nokhtsold_uussen_mezozoin_granitoidyn.md
5000,map200,1:200 000 геологийн зураглал,MAP_LARGE,1991-95,1:200 000,"Д.Ганбат, Б.Бямбаа","Дорнот, Сүхбаатар аймгийн нутагт хийсэн 1:200000-ны геологийн бүлэгчилсэн зураглалын тайлан",1:200000 зураглал,гянтболд | цагаан тугалга | хар тугалга | алт /үндсэн/,"Тамсаг, Хүнт даваа | Ширээ гол | Дунд Баян хошуу | Билх овоо | Магнай цагаан толгой | Ханан сүүдэр толгой",,"L-50-III, VI, VIII, XII, XIV, XVI, XVIII, XX, XXI",Алмаас ХК,575,монгол,polygon,Index_map/200K + 200_Reports_reg,4.881,үгүй,80.18,13.84,тийм,5000-5999\5000_1995_StudyReport_Dornod_Sukhbaatar_aimgiin_nutagt_khiisen_1_200_000.md
5020,map200,1:200 000 геологийн зураглал,MAP_LARGE,1993-95,1:200 000,"Д.Лхагдорж, П.Хосбаяр_ Б.Дамдинжав_ З.Гансүх","L-48-XXIII, XXVI, XXIX, XXX, L-50-XIX, XXV хавтгайд хийсэн 1:200000-ны геологийн бүлэгчилсэг зураглалын тайлан",1:200000,,Дарь ганга,СБ,"L-49-XXIII, XXIV, XXIX, XXX, L-50-XIX, XXV",Зураглал ХХК,534,монгол,polygon,Index_map/200K + 200_Reports_reg,3.01,үгүй,10.38,3.95,тийм,5000-5999\5020_1996_StudyReport_Dariganga_200K_Geological_Mapping.md
5172,map200,1:200 000 геологийн зураглал,MAP_LARGE,1996-98,1:200 000,"Ш.Лхүндэв,Ч.Төмөрчөдөр.","Дорнод аймгийн Матад,Сүхбаатар аймгийн Сүхбаатар сумын нутагт 1996-1998 ондхийсэн 1:200000-ны масштабтай геологийн зураглалын ажлын үр дүнгийн тайлан",1:200000 зураглал,,Матадын талбай,"ДО 125,СБ","L-50-1.11,Ү11, Ү111,Х111",Гурван-Талст.ХХК,489,монгол,polygon,Index_map/200K + 200_Reports_reg,2.0,үгүй,9.59,6.4,тийм,5000-5999\5172_1998_StudyReport_Matad_200K_Geological_Mapping.md
6444,map200,1:200 000 геологийн зураглал,MAP_LARGE,,,Женерал Лайнд ХХК,Сүхбаатар аймгийн Эрдэнэцагаан сумын нутагт орших Сайн Хөөвөрийн хурэн нүүрсний ордыг ил уурхайн аргаар ашиглах ТЭЗҮ. Лиценз 16679А,,,,,,Бадмаараг хаш ХХК,,,polygon,Эрдэнэцагаан сумын нутаг (нэрнээс),2.113,үгүй,100.0,56.53,тийм,6000-6999\6444_2021_StudyReport_6444.md
6445,map200,1:200 000 геологийн зураглал,MAP_LARGE,,,Л. Наранбаатар Б. Нэргүй Б. Батцэнгэл Гложекс ХХК,Сүхбаатар аймгийн Эрдэнэцагаан сумын нутагт орших Өвөрбаянгийн молибдений ордыг далд уурхайн аргаар ашиглах ТЭЗҮ. Лиценз 11123 А,,,,,,Баян-Эрч ХХК,,,polygon,лиценз MV-011123,0.016,үгүй,0.01,100.0,тийм,6000-6999\6445_2022_StudyReport_6445.md
6747,map200,1:200 000 геологийн зураглал,MAP_LARGE,,,Ц. Очир О. Цэвэгсүрэн Д. Мөнхдэлгэр,Сүхбаатар аймгийн Эрдэнэцагаан сумын нутагт орших Егүзэр зүүн нэртэй ховор металлын ордыг ил уурхайн аргаар ашиглах ТЭЗҮ. Лиценз 16821А,,,,,,Голден хейлс ХХК,,,polygon,лиценз MV-016821,0.119,үгүй,0.27,100.0,тийм,6000-6999\6747_2026_StudyReport_6747.md
7086,map200,1:200 000 геологийн зураглал,MAP_LARGE,,,Д. Баярсайхан Д. Алтаншагай 3. Түмэн- од 4. Эрдэнэбаяр Б. Алтангэрэл,Сүхбаатар аймгийн Эрдэнэцагаан сумын нутагт орших Далай булгийн шатдаг занарын ордыг ил аргаар ашиглах ТЭЗҮ. Тусгай зөвшөөрөл-17169А,,,,,,Мөнхийн эрчимт рашаан ХХК,,,polygon,Эрдэнэцагаан сумын нутаг (нэрнээс),2.113,үгүй,100.0,56.53,тийм,7000-7999\7086_2023_StudyReport_7086.md
7323,map200,1:200 000 геологийн зураглал,MAP_LARGE,,,Б. Анар-Од Д. Батсайхан Б. Түтзшинтөгс Ө. Соёлцэцэг Н. Очирбат,Сүхбаатар аймгийн Эрдэнэцагаан сумын нутагт орших Сайн Хөөвөрийн хүрэн нүүрсний ордыг ил уурхайн аргаар ашиглах ТЭЗҮ. Тусгай зөвшөөрөл-16679А,,,,,,Бадмаараг хаш ХХК,,,polygon,Эрдэнэцагаан сумын нутаг (нэрнээс),2.113,үгүй,100.0,56.53,тийм,7000-7999\7323_2021_StudyReport_7323.md
7338,map200,1:200 000 геологийн зураглал,MAP_LARGE,,,П. Очирваань А. Юндэнбат,Сүхбаатар аймгийн Эрдэнэцагаан сумын нутагт орших Баянцогт-1 хүрэн нүүрсний ордыг ил уурхайн аргаар ашиглах ТЭЗҮ-ийн нэмэлт тодотгол. Тусгай зөвшөөрөл-17197А,,,,,,Андын илч ХХК Эрдэнийн олз ХХК,,,polygon,Эрдэнэцагаан сумын нутаг (нэрнээс),2.113,үгүй,100.0,56.53,тийм,7000-7999\7338_2021_StudyReport_7338.md
7341,map200,1:200 000 геологийн зураглал,MAP_LARGE,,,О. Цэвэгсүрэн М. Цолмон Д. Мөнхдэлгэр,Сүхбаатар аймгийн Эрдэнэцагаан сумын нутагт орших Даажийн булагийн берилл-гянтболдын ордын төвийн хэсгийн ордыг ил далд уурхайн аргаар ашиглах ТЭЗҮ. Тусгай зевшөөрөл-17090А,,,,,,Голден Хейлс ХХК,,,polygon,Эрдэнэцагаан сумын нутаг (нэрнээс),2.113,үгүй,100.0,56.53,тийм,7000-7999\7341_2022_StudyReport_7341.md
7441,map200,1:200 000 геологийн зураглал,MAP_LARGE,,,Н. Эрдэнэбаяр Г. Сандагдорж Ш. Алтансүх Н. Отгонжаргал,Сүхбаатар аймгийн Эрдэнэцагаан сумын нутагт орших Хулман нуурын хүрэн нүүрсний ордыг ил уурхайн аргаар ашиглах ТЭЗҮ. Тусгай зөвшөөрөл-17480А,,,,,,Эрдэнийн босго ХХК,,,polygon,Эрдэнэцагаан сумын нутаг (нэрнээс),2.113,үгүй,100.0,56.53,тийм,7000-7999\7441_2024_StudyReport_7441.md
7810,map200,1:200 000 геологийн зураглал,MAP_LARGE,,,Д.Болор Д. Баяндэмбэрэл Л. Ганбат Т. Мөнх-Эрдэнэ,Сүхбаатар аймгийн Эрдэнэцагаан сумын нутагт орших Далай булаг шатдаг занарын ордыг ил уурхайн аргаар ашиглах тодотгол ТЭЗҮ Тусгай зөвшөөрөл-17169А,,,,,,Мөнхий эрчит рашаан ХХК,,,polygon,Эрдэнэцагаан сумын нутаг (нэрнээс),2.113,үгүй,100.0,56.53,тийм,7000-7999\7810_2024_StudyReport_7810.md
1277,map100|geophys,1:100 000 геологийн зураглал · Геофизикийн судалгаа,MAP_LARGE|HYDGEO,1954,,н.м.геренблат,тамсагийн районд хийсэн гравиметр.зурагл.тайлан,хүндийн хүчний хайгуул | 1:100000 геол.зурагл.,нефть,тамсагийн район | тамцаг,"до-125,133,127 | до-127","L-50-III-V | L-50-IV,V,VI,IX,X,XI,XV,XVI-8,9,10,11,20,21,22,23,30,31,32,33,34,42,43,44,45,54,55",436,60,орос,polygon,номенклатур 1:100 000 (27 хавтгай),6.0,тийм,100.0,4.64,тийм,1000-1999\1277_1953_StudyReport_Gravimetriin_zuraglalyn_2_53_angiin_BNMAU_yn_Tamsagiin.md
1323,map100,1:100 000 геологийн зураглал,MAP_LARGE,1956,1:100 000,"м.с.шлейфер, а.г.гумеров",бяруутын районд хийсэн 1:100000 геол.зурагл.тайлан,1:100000 геол.зурагл.,,бяруутын район,"до-125,сб-230","L-50-VIII,XIV",436,117,орос,polygon,Index_map/200K + 200_Reports_reg,0.775,үгүй,9.38,26.94,тийм,1000-1999\1323_1956_StudyReport_1_100_000_scale_geological_mapping.md
1324,map100,1:100 000 геологийн зураглал,MAP_LARGE,1956,1:100 000,а.а.толмачевский,бяруутын районд хийсэн 1:100000 геол.зурагл.тайлан,1:100000 геол.зурагл.,,бяруутын район,"до-125,сб-230","L-50-VIII,XIV",436,150,орос,polygon,номенклатур 1:200 000 (2 хавтгай),1.333,үгүй,38.99,32.53,тийм,1000-1999\1324_1956_StudyReport_1_100_000_scale_geological_mapping.md
0,map50,1:50 000 геологийн зураглал,MAP_LARGE,1975,1:200 000,"V.I.Blimenshvaig, A.I.Popov","Report on results of 1:50,000 Scale general prospecting carried out in the area of the Eguuzer and the Central Deposits",,,,,,,,,polygon,200_Reports_reg + 50_Reports_reg + Aerogeophysical,9.515,тийм,100.0,4.25,үгүй,
1,map50,1:50 000 геологийн зураглал,MAP_LARGE,1975,,V.Bespalov and Ch.Jadamba,"Report on results of 1:50,000 Scale general prospecting carried out in the area of the Eguuzer and the Central Deposits",,,,,,,,,polygon,GSI.gdb/T50k + Index_map/50K,0.162,үгүй,1.46,100.0,үгүй,0000-0999\0001_1935_StudyReport_1935_ond_gidrogeologiin_angiin_Dundgov_Dornogov_Khentii_aimguudyn.md
2348,map50,1:50 000 геологийн зураглал,MAP_LARGE,1975,1:100 000,"в.беспалов, ч.жадамба",егүзөр ба төв ордын районд хийсэн 1:50000 эрлийн тайлан,1:50000 эрэл,W,егүзөр ба төв ордын район,сб-230,L-49,408,164,орос,polygon,GSI.gdb/T50k + Index_map/50K + 50_Reports_reg,0.45,үгүй,2.36,100.0,тийм,2000-2999\2348_1976_StudyReport_Sukhbaatar_Prospecting.md
2025,map50|prosp,1:50 000 геологийн зураглал · Эрэл (эрлийн ажил),MAP_LARGE|PROSP,1971-1972,1:50 000,"д.аюуш, ц.өндөрнасан, г.редченко","егүзөр ордын эрэл, хайгуулын тайлан","эрэл,хайгуул | 1:200000 геол.зурагл.","W | W,Mo",баян хайлааст илрэл | урт илрэл | сб.аймгийн нутаг,"сб-228,229,231","L-50-XX | L-49-XVII,XVIII",408,570,орос,polygon,номенклатур 1:200 000 (3 хавтгай),4.0,үгүй,34.68,19.29,тийм,2000-2999\2025_1971_StudyReport_Sukhbaatar_Mineral_Resources.md
5600,map50,1:50 000 геологийн зураглал,MAP_LARGE,,,,,,,Хөхтэйн нуруу,,,,,,polygon,GSI.gdb/T50k + Index_map/50K,1.259,үгүй,10.03,38.49,үгүй,5000-5999\5600_0000_StudyReport_Sukhbaatar_Erdenetsagaan_Khukhtei_50K_Geological_Mapping.md
6160,map50,1:50 000 геологийн зураглал,MAP_LARGE,,,,,,,Арбулаг,,,,,,polygon,GSI.gdb/T50k + Index_map/50K,1.545,үгүй,24.5,73.24,үгүй,6000-6999\6160_2009_StudyReport_Arbulagiin_Talbaid_Guitsetgesen_Zuraglal_Erunkhii_Erel.md
6180,map50,1:50 000 геологийн зураглал,MAP_LARGE,,,,,,,Халтарын говь,,,,,,polygon,GSI.gdb/T50k + Index_map/50K,1.014,үгүй,6.68,15.51,үгүй,6000-6999\6180_2009_StudyReport_Khaltaryn_Gov_Talbaid_Guitsetgesen_Zuraglal_Erunkhii_Erel.md
332,map1000,1:1 000 000 ба түүнээс жижиг зураглал,MAP_SMALL,1938-1942,,"н.л.кудрявцева, в.н.попов, а.л.данилевский",зүүн монголын геол.гидрогеол.болон ашигт малтмалын талаархи нэгдсэн дүгнэлт,1:1000000 геол.зурагл.,,зүүн монгол,"хэ,дг,до,сб","L-48,L-49,L-50,M-48,M-49,M-50,K-48,K-49",442,749,орос,polygon,номенклатур 1:1 000 000 (8 хавтгай),18.0,тийм,100.0,0.58,тийм,0000-0999\0332_1941_StudyReport_Zuun_Mongolyn_geologi_gidrogeologi_bolon_ashigt_maltmalyn_tukhai.md
2,map500|hydro,1:500 000 геологийн зураглал · Гидрогеологийн судалгаа,MAP_SMALL|HYDGEO,1936,1:500 000,в.н.бородько,Дг.аймгийн нутагт хийсэн газар доорх усны эрлийн тайлан,"1:50000 гидрогеол.зурагл. | эрэл,хайгуул",ус,матадын район,до | до-125,L-50-А-YIII | L-50-А-IX,436,47,орос,polygon,GSI.gdb/T50k + Index_map/50K,0.134,үгүй,0.9,100.0,тийм,0000-0999\0002_1936_StudyReport_Dornogov_aimgiin_nutagt_khiisen_gazar_doorkh_usny_erliin.md
404,map500,1:500 000 геологийн зураглал,MAP_SMALL,1943,,"м.и.александрова,н.кудрявцева, а.и.перельман",тамсагийн өргөгдөлийн районд хийсэн 1:500000 геол.зурагл.тайлан,1:500000 геол.зурагл.,Fe,тамсагийн өргөгдөл | ширэн-овоо,"до-127,133 | до-133","L-50-IV,VI,X-XII,XVI | L-50-XI",436,277,орос,polygon,номенклатур 1:200 000 (5 хавтгай),6.0,тийм,100.0,4.64,тийм,0000-0999\0404_1943_StudyReport_1943_ond_55_r_angiin_Tamsagiin_orgogdoliin_duuregt.md
728,map500,1:500 000 геологийн зураглал,MAP_SMALL,1954,,"о.м.мясковский, с.т.овинов",сб.хэ.аймгийн нутагт хийсэн эрлийн тайлан,ерөнхий эрэл | урьд.хайгуул | 1:50000 геол.зурагл.,W,хар-ямаат | түмэнцогт | сайхан-уул | хилийн | цагаан-уул,хэ-342 | сб-227 | сб-234,L-49-V | L-50-XV | L-50-XX,436,35,орос,polygon,номенклатур 1:200 000 (3 хавтгай),9.0,үгүй,40.75,6.18,тийм,0000-0999\0728_1954_StudyReport_1954_ond_Sukhbaatar_Khentii_aimgiin_nutagt_khiisen_erliin.md
736,map500,1:500 000 геологийн зураглал,MAP_SMALL,1955,,"т.к.кречетович, в.н.полтавиченко","дорнодын эксп.183,213,234,235-р ангийн 1955 оны эхний 9 сарын ажлын тайлан","эрэл | 1:50000 эрэл,зурагл. | радиометр",Mo | асбест,сайхан-уул | цагаан-уул | түмэнцогтын талбай | баянтээрэмийн талбай | завханы талбай,"сб-234 | хэ-342,сб-227 | сб-227 | за-155,154,163,ув-297,298,296,284,хв-340",L-50-XV,436,50,орос,polygon,номенклатур 1:200 000 (1 хавтгай),1.0,үгүй,6.07,10.13,тийм,0000-0999\0736_2024_StudyReport_Dornod_ekspeditsiin_183_213_234_235_r_angiudyn.md
1317,map500,1:500 000 геологийн зураглал,MAP_SMALL,1955,,"а.а.толмачевский, а.а.шиманский",сб аймгийн нутагт хийсэн 1:500000 геол.зурагл.тайлан,1:500000 геол.зурагл.,,сүхбаатарын район,сб-219-232,"L-49-XI-XII,XVII-XVIII,XXIII-XXIV,XXIX-XXX,L-50-XIII,XIX,XXXV",436,98,орос,polygon,номенклатур 1:200 000 (7 хавтгай),7.0,үгүй,19.66,8.2,тийм,1000-1999\1317_1955_StudyReport_1955_ond_Sukhbaatar_aimgiin_nutagt_guitsetgesen_1_500.md
1746,map500|hydro,1:500 000 геологийн зураглал · Гидрогеологийн судалгаа,MAP_SMALL|HYDGEO,1967,,"а.и.кончакова, н.а.маринов, з.н.рожденственская",монголын 1:1500000 гидрогеол.зураг,,ус,монгол,,"M-45,M-46,M-47,M-48,M-49,M-50,L-46,L-47,L-48,L-49,L-50,K-47,K-48,K-49",430,9532,орос,polygon,номенклатур 1:1 000 000 (14 хавтгай),36.0,тийм,100.0,0.33,тийм,1000-1999\1746_1967_StudyReport_Khuraangui_BNMAU_yn_gazryn_dorkhi_us_BNMAU_yn.md
3053,map500,1:500 000 геологийн зураглал,MAP_SMALL,1971-1975,,р.а.хасин,"төв ба зүүн монголын металлогений 1:500000 зураг (Аи,Sn,хайлуур жонш)",эрдэм шинжилгээний ажил,,төв болон зүүн монгол,,"M-48,M-49,M-50, L-48,L-49,L-50, K-48, K-49",442,2412,орос,polygon,номенклатур 1:1 000 000 (8 хавтгай),18.0,тийм,100.0,0.58,тийм,3000-3999\3053_1975_StudyReport_Dornod_bolon_Tov_Mongolyn_1_500_000_ny.md
4283,map500|hydro,1:500 000 геологийн зураглал · Гидрогеологийн судалгаа,MAP_SMALL|HYDGEO,1980-1987,,"р.я.колдышева, д.в.ефимова, а.п.гришина","зүүн өмнөт монголын 1:500000 гидрогеол.зураг(L-49-Б,Г,L-50-А,Б,В)",эрдэм шинжилгээний ажил,ус,монгол улсын зүүн өмнөд хэсэг,"хэ,дг,до,сб","L-49-А,Б;L-50-А,Б,Г",446,454,орос,polygon,номенклатур 1:500 000 (5 хавтгай),12.0,үгүй,54.65,2.03,тийм,4000-4999\4283_1986_StudyReport_Zuun_Omnod_Mongolyn_1_500_000_masshtabtai_gidrogeologiin.md
31,hydro,Гидрогеологийн судалгаа,HYDGEO,1934,,в.н.попов,Дорнод аймгийн нутагт хийсэн газар дооорх усны эрлийн тайлан.,газар доорхи усны эрэл,ус,до.аймгйийн нутаг,"до-120,122,133,125","L-49-VI,M-50-XXXI,L-50-I,IV,VII,V,VI,X",436,469,орос,polygon,номенклатур 1:200 000 (8 хавтгай),7.0,үгүй,45.35,4.73,тийм,0000-0999\0031_1937_StudyReport_Usny_1_r_angiin_1934_ond_Dornod_aimagt.md
49,hydro,Гидрогеологийн судалгаа,HYDGEO,1938,,"грастаньянц,егоров,васин",зүүн монголын газар доорх усны горимын судалгааны тайлан,усны горимын судалгаа,ус,зүүн монгол,"тө,хэ,до,дг,сб","M-49-X,VII,L-50-XXIII,XX,IX,XIV,L-49-XIV,XXXIII,K-49-IV",436,63,орос,polygon,номенклатур 1:200 000 (9 хавтгай),11.0,үгүй,73.67,13.66,тийм,0000-0999\0049_1938_StudyReport_1938_1939_ony_khoorond_guitsetgesen_Zuun_Mongolyn_gazar.md
14,hydro|prval,Гидрогеологийн судалгаа · Эрэл-үнэлгээний ажил,HYDGEO|PROSP,1939,,в.и.жерехов,Егүзөрийн хийдийн районы нүүрсний эрлийн тайлан,эрэл,нүүрс,зүүнбулаг | ханайн гол | далайбулаг | егүзөрийн район,до-125 | сб-230,"L-50-VIII | L-50-XX | L-50-XIX,XX",436,66,орос,polygon,номенклатур 1:200 000 (4 хавтгай),2.0,үгүй,44.74,24.89,тийм,0000-0999\0014_1937_StudyReport_Eguzor_khiidiin_duuregt_1938_ond_khiisen_nuursnii_erliin.md
64,hydro,Гидрогеологийн судалгаа,HYDGEO,1939,,ю.ф.ковалев,зүүн монголын районд хийсэн нүүрсний эрлийн урьдчилсан тайлан,эрэл | зураглал,ус,овоо сум | матад | зүүн монгол | тамсаг | баянтүмэн | мөнххаан | ар жаргалантын хийд,"хэ-340 | до-125 | хэ-340,сб-230,до-125,120 | до-120 | сб-222 | сб-230",L-49-IV | L-50-IX | M-50 | M-50-XXXI | L-49-V | L-50-XX,436,31,орос,polygon,номенклатур 1:200 000 (6 хавтгай),12.0,үгүй,34.68,1.21,тийм,0000-0999\0064_1939_StudyReport_Zuun_Mongolyn_raiond_khiisen_usny_erliin_ajlyn_urdchilsan.md
72,hydro,Гидрогеологийн судалгаа,HYDGEO,1939,,п.а.панкратов,до.хэ.аймгийн нутагт хийсэн газар доорх усны эрлийн тайлан,газар доорхи усны эрэл,ус,зүүн монгол,"хэ-340,до-125,120,сб-230,222","M-50-XXXI,L-50-XX,VIII,L-49-XI",436,167,орос,polygon,номенклатур 1:200 000 (4 хавтгай),4.0,үгүй,34.68,14.47,тийм,0000-0999\0072_1939_StudyReport_Dornod_Khentii_aimgiin_nutagt_khiisen_gazar_doorkh_usny.md
327,hydro|theme,"Гидрогеологийн судалгаа · Сэдэвчилсэн, эрдэм шинжилгээ, мэдээлэл",HYDGEO|OTHER,1941,,сорокин,зүүн монголын гадаргуугийн болон гүний усны тухай мэдээлэл,мэдээлэл,ус,зүүн монгол,,"M-48,M-49,M-50,L-48,L-49,L-50,K-48,K-49",436,27,орос,polygon,номенклатур 1:1 000 000 (8 хавтгай),18.0,тийм,100.0,0.58,тийм,0000-0999\0327_1938_StudyReport_BNMAU_n_zuun_busiin_gadargiin_bolon_gazryn_doorkh.md
114,hydro,Гидрогеологийн судалгаа,HYDGEO,1942,,чеховский,егүзөр хийдийн W-ын үйлдвэрийн усан хангамжийн тухай дүгнэлт,газар доорхи усны эрэл,ус,егүзөр хийд,сб-230,L-50-XX,436,1,орос,polygon,номенклатур 1:200 000 (1 хавтгай),1.0,үгүй,34.68,57.87,тийм,0000-0999\0114_1942_StudyReport_Eguzeriin_khiidiin_gyantboldyn_uildveriin_usan_khangamjiin_tukhai.md
376,hydro,Гидрогеологийн судалгаа,HYDGEO,1942,,в.чеховский,егүзөрийн ордын усан хангамжийн зориулалтаар өрөмдсөн 107-р цооногийн дүугнэлт,газар доорхи усны эрэл,ус,егүзөр орд,сб-230,L-50-XX,436,11,орос,polygon,номенклатур 1:200 000 (1 хавтгай),1.0,үгүй,34.68,57.87,тийм,0000-0999\0376_1942_StudyReport_Eguzoriin_ordyn_usan_khangamjiin_zoriulaltaar_oromdson_107_r.md
377,hydro,Гидрогеологийн судалгаа,HYDGEO,1942,,чеховский,егүзөрийн 4-р тусгай эксп. талбайн усан хангамжийн зориулалттай өрөмдсөн 108-р цооногийн дүгнэлт,газар доорхи усны эрэл,ус,егүзөрийн 4-р тусгай эксп.,сб-230,L-50-XX,436,9,орос,polygon,номенклатур 1:200 000 (1 хавтгай),1.0,үгүй,34.68,57.87,тийм,0000-0999\0377_1942_StudyReport_Eguzeriin_bayajuulakh_uildveriin_usan_khangamjind_zoriulj_oromdson_108.md
378,hydro,Гидрогеологийн судалгаа,HYDGEO,1942,,чеховский,егүзөрийн 4-р тусгай эксп.талбайн усан хангамжийн зориулалттай өрөмдсөн 109-р цооногийн дүгнэлт,газар доорхи усны эрэл,ус,егүзөрийн 4-р тусгай эксп.,сб-230,L-50-XX,436,12,орос,polygon,номенклатур 1:200 000 (1 хавтгай),1.0,үгүй,34.68,57.87,тийм,0000-0999\0378_1942_StudyReport_Eguzoriin_talbaid_usan_khangamjiin_zoriulalttai_oromdson_109_r.md
396,hydro,Гидрогеологийн судалгаа,HYDGEO,1943,,и.с.усенко,егүзөрийн ордын орчимын газар доорх усны эрлийн дүгнэлт,газар доорхи усны эрэл,W,егүзөр орд,сб-230,L-50-XX,436,89,орос,polygon,номенклатур 1:200 000 (1 хавтгай),1.0,үгүй,34.68,57.87,тийм,0000-0999\0396_1942_StudyReport_Eguzoriin_ord_deer_tsokhiltot_argaar_oromdson_tsoonoguudyn_bichiglelii.md
397,hydro,Гидрогеологийн судалгаа,HYDGEO,1943,,в.чеховский,егүзөрийн ордын усан хангамжийн дүгнэлт,газар доорхи усны эрэл,ус,егүзөр орд,сб-230,L-50-XX,436,4,орос,polygon,номенклатур 1:200 000 (1 хавтгай),1.0,үгүй,34.68,57.87,тийм,0000-0999\0397_1943_StudyReport_Yeguzer_Borehole110_Water_Conclusion.md
452,hydro,Гидрогеологийн судалгаа,HYDGEO,1945,,н.а.маринов,зүүн монголын газар доорхи усны тухай мэдээлэл,нэгдсэн дүгнэлт,ус,зүүн монгол,"до,сб","L-50,M-50",430,269,орос,polygon,номенклатур 1:1 000 000 (2 хавтгай),8.0,тийм,100.0,2.32,тийм,0000-0999\0452_1944_StudyReport_Zuun_Mongolyn_gazryn_doorkh_usny_medeelel.md
865,hydro,Гидрогеологийн судалгаа,HYDGEO,1950,,с.п.албул,егүзөр баяжуулах фабрикийн усан хангамжийн зориулалттай чоно голын хөндийд өрөмдсөн цооногийн дүгнэлт,,ус,егүзөрийн баяжуулах үйлвэр,сб-230,L-50-XX,436,150,орос,polygon,номенклатур 1:200 000 (1 хавтгай),1.0,үгүй,34.68,57.87,тийм,0000-0999\0865_1950_StudyReport_Eguzeriin_bayajuulakh_uildveriin_usan_khangamjind_zoriulj_Chono_golyn.md
552,hydro,Гидрогеологийн судалгаа,HYDGEO,1951,,с.п.албул,"егүзөрийн баяжуулах үйлдвэрийн усан хангамжийн зориулалттай, чоно голын хөндийд өрөмдсөн ашиглалтын хайгуулын цооногийн дүгнэлт",газар доорхи усны эрэл,,егүзөр баяжуулах фабрик,сб-230,L-50-XX-75,436,147,орос,polygon,номенклатур 1:200 000 (1 хавтгай),1.0,үгүй,34.68,57.87,тийм,0000-0999\0552_1950_StudyReport_Eguzeriin_bayajuulakh_uildveriin_usan_khangamjind_zoriulj_Chono_golyn.md
1617,hydro|theme,"Гидрогеологийн судалгаа · Сэдэвчилсэн, эрдэм шинжилгээ, мэдээлэл",HYDGEO|OTHER,1964,,а.и.кончакова,"M-49-49, L-50, K-49-ийн усны кадастрын эмхтгэсэн мэдээлэл",мэдээлэл,ус,монгол,,"M-45,M-46,M-47,M-48,M-49,L-50,K-49",436,1578,орос,polygon,номенклатур 1:1 000 000 (7 хавтгай),36.0,тийм,100.0,0.66,тийм,1000-1999\1617_1965_StudyReport_BNMAU_yn_gazryn_doorkh_usny_kadastryn_tovch_tailbar.md
2178,hydro|geophys,Гидрогеологийн судалгаа · Геофизикийн судалгаа,HYDGEO,1973,,"г.сүрэн, а.и.евсеенков, е.ф.мухин",до аймгийн нутагт хийсэн гидрогеол.геофиз.судалгааны тайлан,газар доорхи усны эрэл,ус,дг.аймгийн нутаг,"до-126,129,127,120,122,124,123,125","M-50, L-50",507,528,орос,polygon,номенклатур 1:1 000 000 (2 хавтгай),8.0,тийм,100.0,2.32,тийм,2000-2999\2178_1974_StudyReport_1973_ond_Dornod_aimgiin_nutagt_guitsetgesen_gidrogeologi_geofizikiin.md
2800,hydro,Гидрогеологийн судалгаа,HYDGEO,1974,,"с.ойдов, н.гасаналиев, у.мангалсурэн",сб аймгийн нутагт хийсэн гидрогеол.геофиз.судалгааны 1974 оны тайлан,газар доорхи усны эрэл,ус,сб.аймгийн нутаг,"сб-224,219,230,229,226,223,222","L-49-XVII,XVIII,XXII,XXIII,XXIX,XXIV,XXX,L-50-XV,XIX,XX",512,185,орос,polygon,номенклатур 1:200 000 (10 хавтгай),6.0,үгүй,50.82,8.48,тийм,2000-2999\2800_1974_StudyReport_1974_ond_Sukhbaatar_aimgiin_nutagt_guitsetgesen_gidrogeologi_geofiziki.md
2399,hydro,Гидрогеологийн судалгаа,HYDGEO,1976,,"в.е.чеботарь, в.г.крюхин, а.и.леонов",до аймгийн нутагт хийсэн гидрогеол.геофиз.судалгааны тайлан,газар доорхи усны эрэл,,до.аймгийн нутаг,"до-120,130,126,123,129,125,127,133,132","M-49-XXX,XXXVI,M-50-XIX,XXV,XXVI,XXXI,L-50-III,V,VII,VIII,IX,X,XI",507,161,орос,polygon,номенклатур 1:200 000 (13 хавтгай),6.0,үгүй,45.35,3.6,тийм,2000-2999\2399_1976_StudyReport_Dornodyn_UAA_n_udirdakh_gazryn_1976_ony_uildverlel.md
2400,hydro,Гидрогеологийн судалгаа,HYDGEO,1976,,"н.г.гасаналиев, п.н.фонарев, мангалсүрэн",тө аймгийн нутагт хийсэн гидрогеол.геофиз.судалгааны тайлан,газар доорхи усны эрэл,,сб.аймгийн нутаг,"сб-231,219,222,225,226,228,224,230","L-49-X,XI,XII,XVII,XVIII,XXIII,XXX,L-50-VII,XIII,XIV,XIX,XX",512,436,орос,polygon,номенклатур 1:200 000 (12 хавтгай),5.0,үгүй,93.32,12.98,тийм,2000-2999\2400_1976_StudyReport_Sukhbaataryn_UAA_n_udirdakh_gazryn_1976_ony_uildverlel.md
2598,hydro,Гидрогеологийн судалгаа,HYDGEO,1977,,"п.н.фонарев, у.мангалсүрэн, в.ф.кузнецов",сб аймгийн нутагт хийсэн гидрогеол.геофиз.судалгааны тайлан,газар доорхи усны эрэл,ус,сб.аймгийн нутаг,"сб-231,222,223,225,226,228,229,230","L-50-XIX,VII,XX,XIII,XXV,XIV,XV,L-49-XXIV,XXII,XVII,XII,X,XVI,XVIII",512,389,орос,polygon,номенклатур 1:200 000 (14 хавтгай),6.0,тийм,99.4,11.85,тийм,2000-2999\2598_1977_StudyReport_1977_ond_Sukhbaatar_aimgiin_nutagt_yavuulsan_gidrogeologi_geofizikiin.md
2680,hydro,Гидрогеологийн судалгаа,HYDGEO,1978,,"п.н.фонарев, у.мангалсүрэн, в.ф.кузнецов",сб аймагт хийсэн гидрогеол.геофиз.судалгааны тайлан,газар доорхи усны эрэл,ус,сб.аймгийн нутаг,сб,"L-49,L-50",512,482,орос,polygon,номенклатур 1:1 000 000 (2 хавтгай),12.0,тийм,100.0,2.32,тийм,2000-2999\2680_1978_StudyReport_1978_ond_Sukhbaatar_aimgiin_nutag_devsgert_guitsetgesen_geologi.md
2946,hydro,Гидрогеологийн судалгаа,HYDGEO,1979,,"э.сивков, иванов, мангалсүрэн",сб аймгийн нутагт хийсэн гидрогеол.геофиз.судалгааны 1979 оны тайлан,газар доорхи усны эрэл хайгуул,ус,сб.аймгийн нутаг,"сб-222,225,228,231,229,230,219,224,221","L-49-X-XII,XVII,XXVII,XXII,XXIV,XXIX,XXX,L-50-VII,XIII,XIV,XIX",512,268,орос,polygon,номенклатур 1:200 000 (11 хавтгай),5.0,үгүй,58.65,19.57,тийм,2000-2999\2946_1980_StudyReport_1979_ond_Sukhbaatar_aimgiin_nutag_devsgert_guitsetgesen_gidrogeologi.md
3293,hydro|geophys,Гидрогеологийн судалгаа · Геофизикийн судалгаа,HYDGEO,1981,,"ц.иванов, м.рэнчинтогтох, о.мангалсүрэн",сб аймгийн нутагт хийсэн гидрогеол.геофиз.судалгааны 1981 оны тайлан,гидрогеол.геофиз.судалгаа,,сб.аймгийн нутаг,"сб-231,219,222,223,224,225,226,228,229,230","L-49-XI,XII,XVI-XVIII,XXII-XXIV,L-49-VII,L-50-XIII-XIV,L-50-XIX,XX",512,235,орос,polygon,номенклатур 1:200 000 (8 хавтгай),8.0,үгүй,54.34,2.33,тийм,3000-3999\3293_1981_StudyReport_1981_ond_Sukhbaatar_aimgiin_nutagt_guitsetgesen_gidrogeologi_geofiziki.md
3537,hydro|geophys,Гидрогеологийн судалгаа · Геофизикийн судалгаа,HYDGEO,1981,,"в.в.галкин, ю.а.гаранин",до аймгийн нутагт 1981 онд хийсэн гидрогеол.геофиз.судалгааны тайлан,гидрогеол.геофиз.судалгаа,ус,до.аймгийн нутаг,до,"L-50,L-49,M-50,M-49",507,181,орос,polygon,номенклатур 1:1 000 000 (4 хавтгай),12.0,тийм,100.0,1.16,тийм,3000-3999\3537_1983_StudyReport_1981_ond_Dornod_aimgiin_nutagt_guitsetgesen_gidrogeologi_geofizikiin.md
3516,hydro|geophys,Гидрогеологийн судалгаа · Геофизикийн судалгаа,HYDGEO,1982,,"ц.иванов, о.мангалсүрэн, м.рэнцэнтогтох",сб аймгийн нутагт 1982 онд хийсэн гидрогеол.геофиз.судалгааны тайлан,"гидрогеол.геофиз.эрэл,хайгуул",ус,сб.аймгийн нутаг,"сб-222,227,225,226,219,224,230,223,221,231","L-49-V,X,XI,XVI,XVII,XVIII,XXII,XXIII,XXIV,XXIX,XXX,XII, L-50-XIX,XX,XIII,XIV,VII",512,80,орос,polygon,номенклатур 1:200 000 (17 хавтгай),8.0,үгүй,93.32,6.23,тийм,3000-3999\3516_1983_StudyReport_1982_ond_Sukhbaatar_aimgiin_nutagt_guitsetgesen_gidrogeologi_geofiziki.md
3536,hydro|geophys,Гидрогеологийн судалгаа · Геофизикийн судалгаа,HYDGEO,1982,,"б.алтангэрэл, ч.ганболд",до аймгийн нутагт 1982 онд хийсэн гидрогеол.геофиз.судалгааны тайлан,гидрогеол.геофиз.судалгаа,ус,до.аймгийн нутаг,до,"M-50,M-49,L-50,L-49",507,164,орос,polygon,номенклатур 1:1 000 000 (4 хавтгай),12.0,тийм,100.0,1.16,тийм,3000-3999\3536_1983_StudyReport_1982_ond_Dornod_aimgiin_nutagt_guitsetgesen_gidrogeologi_geofizikiin.md
3651,hydro,Гидрогеологийн судалгаа,HYDGEO,1983,,"ц.иванов, о.мангалсүрэн, м.рэнцэнтогтох",сб аймгийн нутагт 1983 онд хийсэн гидрогеол.геофиз.судалгааны тайлан,"гидрогеол.эрэл,хайгуул",ус,сб.аймгийн нутаг,"сб-231,224,229,223,221,222,225,230","L-50-I,III,VII,IX,XIII,XIV,L-49-V,VI,XI,XII,XVIII,XXIV,XXX",512,142,орос,polygon,номенклатур 1:200 000 (13 хавтгай),9.0,үгүй,48.58,3.86,тийм,3000-3999\3651_1984_Hydrogeology_Report_1983.md
3663,hydro,Гидрогеологийн судалгаа,HYDGEO,1983,,"ч.ганболд, а.в.корянов, б.ондрий",до аймгийн нутагт 1983 онд хийсэн гидрогеол.геофиз.судалгааны тайлан,"газар доорхи усны эрэл,хайгуул",ус,до.аймгийн нутаг,"до-125,120,127,132,124,122","M-49-XXIV,XXX,L-49-VI,M-50-XIII,XIX,XXXI,L-50-I,VI,VII,XII,XV",507,168,орос,polygon,номенклатур 1:200 000 (11 хавтгай),7.0,үгүй,6.07,0.92,тийм,3000-3999\3663_2022_StudyReport_Dornod_aimgiin_nutagt_1983_ond_khiisen_gidrogeoli_geofizikiin.md
4266,hydro,Гидрогеологийн судалгаа,HYDGEO,1983,,"ц.иванов, я.дэмбэрэл, у.мангалсүрэн",сб аймгийн нутагт 1988 онд хийсэн гидрогеол.геофиз.судалгааны тайлан,газар доорхи усны эрэл,ус,сб.аймгийн нутаг,"сб-230,231,222,219,225,226,228","L-49-X,XII,XVI,XVIII,XXII,XXIV,XXIX,L-50-VII,XIII,XV,XIX,XXI",512,194,монгол,polygon,номенклатур 1:200 000 (12 хавтгай),6.0,үгүй,26.33,3.66,тийм,4000-4999\4266_2023_StudyReport_Sukhbaatar_aimgiin_nutagt_1988_ond_yavuulsan_gidrogeologi_geofizikiin.md
3765,hydro|geophys,Гидрогеологийн судалгаа · Геофизикийн судалгаа,HYDGEO,1984,,"з.үржинсүрэн, в.п.неженцев",до аймгийн нутагт 1984 онд хийсэн гидрогеол.геофиз.судалгааны тайлан,гидрогеол.геофиз.судалгаа,ус,до.аймгийн нутаг,"до-121,132,124,123,127,130,122","L-50,L-49,M-49,L-50",507,259,орос,polygon,номенклатур 1:1 000 000 (4 хавтгай),12.0,тийм,100.0,1.55,тийм,3000-3999\3765_1984_StudyReport_1984_ond_Dornod_aimgiin_nutag_devsgert_guitsetgesen_gidrogeologi.md
3842,hydro,Гидрогеологийн судалгаа,HYDGEO,1985,,"м.ренчинтогтох, я.дэмбэрэл, о.мангалсүрэн",сб аймгийн нутагт 1985 онд хийсэн гидрогеол.геофиз.судалгааны тайлан,газар доорхи усны эрэл,ус,сб.аймгийн нутаг,"сб-224,222,228,230,231,229,225,221,226","L-49-X-XII,XVI-XVIII,XXIII-XXIV,XXIX-XXX,L-50-VII,XIII-XV,XIX-XXI,XXV",,135,орос,polygon,номенклатур 1:200 000 (8 хавтгай),9.0,тийм,100.0,4.51,тийм,3000-3999\3842_1986_StudyReport_1986_ond_Sukhbaatar_aimgiin_nutagt_yavuulsan_gidrogeologi_geofizikiin.md
3983,hydro,Гидрогеологийн судалгаа,HYDGEO,1986,,"з.үржинсүрэн, ц.баярням, б.ондрой",до аймгийн нутагт 1986 онд хийсэн гидрогеол.геофиз.судалгааны тайлан,"эрэл,хайгуул",ус,до.аймгийн нутаг,"до-132,120,123,131,124,125,127,128,134,126,129,121,130,133","L-50,M-50",461,329,монгол,polygon,номенклатур 1:1 000 000 (2 хавтгай),8.0,тийм,100.0,2.32,тийм,3000-3999\3983_1986_StudyReport_Dornod_aimgiin_nutagt_1986_ond_yavuulsan_gidrogeologi_geofizikiin.md
2688,hydro,Гидрогеологийн судалгаа,HYDGEO,1987,,"н.п.байдуков, а.н.мироненко, в.е.чеботарь",до аймгийн нутагт хийсэн гидрогеол.геофиз.судалгааны тайлан,газар доорхи усны эрэл,ус,до.аймгийн талбай,"до-128,122,123,126,127,125","L-50,M-50",507,204,орос,polygon,номенклатур 1:1 000 000 (2 хавтгай),8.0,тийм,100.0,2.32,тийм,2000-2999\2688_1978_StudyReport_1978_ond_Dornod_aimgiin_nutagt_yavuulsan_gidrogeologi_geofizikiin.md
3986,hydro,Гидрогеологийн судалгаа,HYDGEO,1987,,"м.ренчинтогтох, я.дэмбрэл, в.в.кириченко",сб аймгийн нутагт 1987 онд хийсэн гидрогеол.геофиз.судалгааны тайлан,"эрэл,хайгуул",ус,сб.аймгийн нутаг,"сб-230,225,222,228,226,227,219,221","L-49-XI,XII,V,VI,XVII,XXIII,XXIV,L-50-XIII-XV,XX,XI",512,144,монгол,polygon,номенклатур 1:200 000 (10 хавтгай),7.0,үгүй,9.59,1.0,тийм,3000-3999\3986_1986_StudyReport_Sukhbaatar_aimgiin_nutagt_1986_ond_yavuulsan_gidrogeologi_geofizikiin.md
4178,hydro,Гидрогеологийн судалгаа,HYDGEO,1987,,"б.оркен, а.баатархүү","до аймгийн халх гол сумын нутагт хийсэн газар доорх усны эрэл,хайгуулын тайлан","эрэл,хайгуул | хайгуул",ус,халх гол сумын нутаг | тамсагбулаг хэсэг,до-127 | до-125,L-50-XX | l-50-IX,407,132,орос,polygon,номенклатур 1:200 000 (2 хавтгай),2.0,үгүй,34.68,28.94,тийм,4000-4999\4178_1987_StudyReport_1987_ond_Dornod_aimgiin_Khalkhgol_sumyn_shine_toviin.md
4279,hydro|geophys,Гидрогеологийн судалгаа · Геофизикийн судалгаа,HYDGEO,1988,,"м.энхтайван, д.дорж",до аймгийн халх гол сумын нутагт 1988 онд хийсэн гидрогеол.геофиз.судалгааны тайлан,гидрогеол.геофиз.судалгаа,ус,халх гол сумын нутаг,до-127,L-50-V,507,251,монгол,polygon,номенклатур 1:500 000 (1 хавтгай),3.0,үгүй,45.35,8.41,тийм,4000-4999\4279_1988_StudyReport_Dornod_aimgiin_Khalkh_gol_sumyn_nutagt_1988_ond.md
4440,hydro|theme,"Гидрогеологийн судалгаа · Сэдэвчилсэн, эрдэм шинжилгээ, мэдээлэл",HYDGEO|OTHER,1990,,"с.адъяа, п.энххишиг","өмнөт,зүүн-өмнөт монголын гандуу бүсийн хөрсний усны нөхөгдөх нөхцөл,химийн найрлагын тухай эрдэм шинжилгээний тайлан",эрдэм шинжилгээний ажил,ус,"өмнөд зүүн,өмнөд монголын район","га,бх,өх,ду,дг,сб,өг","L-47,L-48,L-49,L-50,K-47,K-47,K-48,K-49",404,242,орос,polygon,номенклатур 1:1 000 000 (8 хавтгай),24.0,тийм,100.0,0.66,тийм,4000-4999\4440_1990_StudyReport_Mongolyn_zuun_omnod_nutgiin_khuurai_busiin_baigaliin_nootsiin.md
20,hydro,Гидрогеологийн судалгаа,HYDGEO,1937-1938,,"в.ф.ковалев, и.а.намедов",Зүүн монголын зарим районы усан хангамжийн судалгааны тайлан,газар доорхи усны эрэл,ус,монголын зүүн хэсэг,"тө-255,259,256,хэ,до,сб,дг","M-49,M-50,L-49,L-50,K-49",436,269,орос,polygon,номенклатур 1:1 000 000 (5 хавтгай),12.0,тийм,100.0,0.93,тийм,0000-0999\0020_1939_StudyReport_Zuun_Mongolyn_zarim_raiony_usan_khangamjiin_sudalgaany_tailan.md
1214,geophys,Геофизикийн судалгаа,HYDGEO,1952,,м.и.прусс,дг аймгийн нутагт хийсэн соронзон зурагл.тайлан,соронзон судалгаа,нефть,чойбалсан-соловьевын талбай,"дг-123,131,124","L-50, M-50",436,63,орос,polygon,номенклатур 1:1 000 000 (2 хавтгай),8.0,тийм,100.0,2.32,тийм,1000-1999\1214_1952_StudyReport_GeophysList_Pruss_Magnetometry_Dornod_Solovyevsk_Choibalsan.md
1297,geophys,Геофизикийн судалгаа,HYDGEO,1954,,а.и.грачев,баруун тамсагийн районд хийсэн хүндийн хүчний зурагл.тайлан,хүндийн хүчний хайгуул,нефть,баруун тамсаг,"до-124,сб-230,222","L-50-III,XVIII,IX,XIV,XV",436,86,орос,polygon,номенклатур 1:200 000 (5 хавтгай),5.0,үгүй,45.06,15.04,тийм,1000-1999\1297_2024_StudyReport_Baruun_Tamsagiin_raiond_khiisen_khundiin_khuchnii_zuraglalyn_tailan.md
1446,geophys,Геофизикийн судалгаа,HYDGEO,1959,1:500 000,"а.и.бутахин, с.н.кондаков, э.д.ларкин",зүүн монголын нутагт хийсэн уран агаарын геофиз.иж бүрэн судалгааны тайлан,ерөнхий эрэл,U,хөвсгөлийн район | нүхэт давааны район | тото-шань | агин | аж богдын нуруу | чойрын район,"хв | до,сб | дг | до | га,хо | дг,хэ,тө",M-47 | L-50 | L-49 | L-46,400,340,орос,polygon,Aerogeophysical,3.186,үгүй,57.75,40.67,тийм,1000-1999\1446_1957_StudyReport_airborne_geophysical_prospecting_uranium_other_minerals.md
1708,geophys,Геофизикийн судалгаа,HYDGEO,1959,,"с.н.кондакав, а.и.бутахин, а.г.политов",зүүн монголын ураны ордуудад хийсэн агаарын геофиз.зурагл.тайлангийн мэдээлэл,агаарын геофиз.зурагл.,U,чойрын район | нүхэт давааны район | тотошаний район | малкиний район,"дг-104,203,ду-136,144 | до-125,133,127,сб-230 | дг-112 | до-124,131","L-49-XIII,XIV,L-48-XXIV | L-50-XIII,XIV,XIX,XX | L-49-XXXIV | M-50-XIII,XIX",400,41,орос,polygon,номенклатур 1:200 000 (10 хавтгай),9.0,үгүй,93.32,15.57,тийм,1000-1999\1708_1959_StudyReport_Informational_airborne_geophysical_prospecting_work_uranium.md
1970,geophys,Геофизикийн судалгаа,HYDGEO,1968,,л.с.дмиетриева,монголд хийсэн геофиз.ажлын судалгааны зураг,эрдэм шинижлгээний ажил,,монгол,,"M-45,M-46,M-47,M-48,M-49,M-50,L-46,L-47,L-48,L-48,L-49,L-50,K-47,K-48,K-49",405,211,орос,polygon,номенклатур 1:1 000 000 (15 хавтгай),36.0,тийм,100.0,0.33,тийм,1000-1999\1970_1969_StudyReport_1970_ony_01_r_saryn_01_nii_baidlaarkh.md
2411,geophys,Геофизикийн судалгаа,HYDGEO,1972,1:200 000,"д.а.самович, а.и.марков, в.а.чернышев",зүүн монголд хийсэн агаарын гаммаспектрометрийн эрлийн тайлан,1:25000 эрэл,,до.аймгийн нутаг (чойбалсангийн талбай) | чойрын талбай,до | ду,"L-48-XXIV-84,L-49-XIX-73 | L-50-I,II-1,2,3,M-50-XXXI-133,134",417,148,орос,polygon,номенклатур 1:100 000 (8 хавтгай),13.0,тийм,100.0,4.28,тийм,2000-2999\2411_1972_StudyReport_Dornod_Geophysics_Survey.md
2180,geophys,Геофизикийн судалгаа,HYDGEO,1973,,д.король,сб аймгийн нутагт хийсэн геофиз.комплекс судалгааны тайлан,геофизикийн судалгаа,,сб.аймгийн нутаг,"сб-224,223",L-50,461,88,орос,polygon,номенклатур 1:1 000 000 (1 хавтгай),6.0,тийм,100.0,4.64,тийм,2000-2999\2180_1973_StudyReport_Mongol_Ungaryn_geofizikiin_tsogtsolbor_angiin_1973_ond_khiisen.md
2072,geophys,Геофизикийн судалгаа,HYDGEO,1974,,"д.алтангэрэл, м.п.николаенко, а.с.наумов",егүзөр ордод хийсэн геофиз.судалгааны тайлан,геофизикийн судалгаа,,егүзөр орд,сб-230,"L-50-XX-75,76",406,108,орос,polygon,номенклатур 1:200 000 (2 хавтгай),1.0,үгүй,34.68,57.87,тийм,2000-2999\2072_1975_StudyReport_Eguzeriin_geofizikiin_angiin_1974_ond_Eguzeriin_ordyn_orchin.md
2208,geophys,Геофизикийн судалгаа,HYDGEO,1975,,"н.г.гасаналиев, о.мангалсүрэн, п.т.федоткин",сб аймгийн нутагт хийсэн гидрогеол.геофиз.судалгааны тайлан,газар доорхи усны эрэл,,сб.аймгийн нутаг,"сб-231,219,222,229,226,230","L-49,L-50",461,143,орос,polygon,номенклатур 1:1 000 000 (2 хавтгай),12.0,тийм,100.0,2.32,тийм,2000-2999\2208_1975_StudyReport_Sukhbaataryn_UAA_n_udirdakh_gazryn_1975_ony_uildverlel.md
2603,geophys,Геофизикийн судалгаа,HYDGEO,1977,,н.бямба,"до,хэ,өх,сб аймгуудад хийсэн цахил.хайгуулын тайлан",усны геофиз.судалгаа,,өх.аймгийн нутаг | хэ.аймгийн нутаг | до.аймгийн нутаг | сб.аймгийн нутаг,"өх-196,182,184,191,180 | хэ-353,350,349,344,343,342,340 | до-125 | сб-229,224,221,222,231,230,225,219",L-47 | L-49 | L-50,461,143,орос,polygon,номенклатур 1:1 000 000 (3 хавтгай),24.0,тийм,100.0,1.55,тийм,2000-2999\2603_1977_StudyReport_1977_ond_Ovorkhangai_Khentii_Sukhbaatar_bolon_Dornod_aimguudad.md
2619,geophys,Геофизикийн судалгаа,HYDGEO,1977,,а.дагвадорж.,егүзөр ордын районд хийсэн 1:25000 геол.геофиз.эрлийн тайлан,1:25000 геол.геофиз.судалгаа,,егүзөр орд,сб-230,"L-50-XX-75,76",406,279,орос,polygon,номенклатур 1:200 000 (2 хавтгай),1.0,үгүй,34.68,57.87,тийм,2000-2999\2619_1977_StudyReport_Eguzeriin_ordyn_orchin_dakh_borjingiin_dald_bunkheriin_erliin.md
2452,geophys,Геофизикийн судалгаа,HYDGEO,1981,,"д.а.самович, а.и.марков, б.м.ефимов","сб,хэ аймгийн нутагт хийсэн агаарын геофиз.1:200000 комплекс судалгааны тайлан",зураглал | эрэл-үнэлгээ,,сб.аймгийн нутаг | холбоо-майхантын талбай | хэнтийн талбай,"сб,дг | хо,дг | хэ,дг","L-49-Б,В,Г,L-50-А,В",446,543,орос,polygon,Aerogeophysical,5.897,үгүй,55.95,8.04,тийм,2000-2999\2452_1981_StudyReport_Dornod_Geophysics_Survey.md
4846,geophys,Геофизикийн судалгаа,HYDGEO,1981,,Д.А.Самович,"Төв ба Зүүн Монголын нутагт 1981 онд хийсэн агаарын геофизикийн иж бүрэн судалгааны тайлангийн хавсралт зураг (L-48,L-49,L-50,M-49,M-50)",агаарын геофизикийн судалгаа,,Төв ба Зүүн Монгол,,"L-48,L-49,L-50,M-49,M-50",Совгео,,орос,polygon,номенклатур 1:1 000 000 (5 хавтгай),18.0,тийм,100.0,0.93,тийм,4000-4999\4846_1981_StudyReport_Tov_ba_Zuun_Mongolyn_nutagt_1981_ond_khiisen.md
2446,geophys,Геофизикийн судалгаа,HYDGEO,,,,,геофиз.судалгаа,U | Cu | давс,до.аймгийн хэсэг | улааны хэсэг,"хэ,до | дг,хэ | ду,до","M-50,M-49 | L-50,L-49,L-48",,,,polygon,номенклатур 1:1 000 000 (5 хавтгай),18.0,тийм,100.0,0.93,тийм,2000-2999\2446_1974_StudyReport_1973_ond_Dornodyn_vulkan_tektonik_strukturt_Dornod_Mongol.md
4325,geophys,Геофизикийн судалгаа,HYDGEO,1986-1989,,"а.дагвацэрэн, д.наранцэцэг",тамсагийн хотосын зүүн хойт хэсэгт хийсэн геофиз.комплекс судалгааны тайлан,геофиз.судалгаа,,тамсагийн хотос,"до-127,133","l-50-IV,V",406,189,орос,polygon,номенклатур 1:200 000 (2 хавтгай),4.0,үгүй,45.35,7.57,тийм,4000-4999\4325_1989_StudyReport_1986_1989_ond_Tamsag_Bayangoyootyn_khotgort_guitsetgesen_geofizikiin.md
868,enggeo,Инженер-геологийн судалгаа,HYDGEO,1950,,а.хабарова,егүзөр ордын хаягдал хадгалах талбайн инж.геол.судалгааны тайлан,инж.геол.судалгаа,,сб аймгийн нутаг,сб,L-50-XX,436,39,орос,polygon,номенклатур 1:200 000 (1 хавтгай),1.0,үгүй,34.68,57.87,тийм,0000-0999\0868_1950_StudyReport_Eguzor_ordyn_khayagdal_khadgalakh_talbain_injener_geologiin_sudalgaany.md
2885,enggeo,Инженер-геологийн судалгаа,HYDGEO,1950,,а.хабарова,егүзэрийн уурхайн талбайн инж.геол.судалгааны дүгнэлт,инж.геол.судалгаа,,егүзөрийн уурхайн талбай,сб-230,L-50-XX,444,39,орос,polygon,номенклатур 1:200 000 (1 хавтгай),1.0,үгүй,34.68,57.87,тийм,
2871,enggeo,Инженер-геологийн судалгаа,HYDGEO,1953,,и.ф.горанов,"чоно гол уурхайн усан хангамж, инж.геол.судалгааны дүгнэлт",инж.геол.судалгаа,W,чойбалсангийн уурхай,сб-230,L-50-XX,436,56,орос,polygon,номенклатур 1:200 000 (1 хавтгай),1.0,үгүй,34.68,57.87,тийм,2000-2999\2871_1953_StudyReport_Chono_golyn_uurkhain_usan_khangamj_injener_geologiin_sudalgaany.md
3343,enggeo,Инженер-геологийн судалгаа,HYDGEO,1977,,пнииис,халх гол сангийн аж ахуйн бордооны талбайн инж.геол.судалгааны дүгнэлт,инж.геол.судалгаа,,бордооны талбай,до-127,L-50-V,432,1128,орос,polygon,номенклатур 1:500 000 (1 хавтгай),3.0,үгүй,45.35,8.41,тийм,3000-3999\3343_1977_StudyReport_Khalkhyn_golyn_sangiin_aj_akhuin_bordoony_talbain_injeneriin.md
445,prosp,Эрэл (эрлийн ажил),PROSP,1943,,в.в.дельнов,"егүзөрийн районд хийсэн эрэл,хайгуулын тайлан","эрэл,хайгуул | эрэл",,"W-ын егүзөр орд 1,2,3-р хэсэг | касситеритын шороон орд",сб-230,L-50-XX-75,436,183,орос,polygon,номенклатур 1:200 000 (1 хавтгай),1.0,үгүй,34.68,57.87,тийм,0000-0999\0445_2024_StudyReport_Baruun_Khovd_gol_Bauryn_Khovd_gol_Baruun_Nukhetiin.md
1034,prosp,Эрэл (эрлийн ажил),PROSP,1943,,ю.с.желубовский,монголын зүүн өмнөт хэсгийн геол.ашигт малтмалын тухай мэдээлэл,эрэл,хүрэн нүүрс | гөлтгөнө,зүүн өмнөт монгол | зүүнбулаг | чоно гол | баянбулаг | шинэ дариганга | байшинт,"до,дг,сб | до-125 | сб-230 | до-120 | сб-231 | сб-217",L-50-VIII | L-50-XX | M-50-XXXI | M-49-XVIII,454,14,орос,polygon,номенклатур 1:200 000 (4 хавтгай),5.333,үгүй,34.68,14.47,тийм,1000-1999\1034_1943_StudyReport_BNMAU_yn_zuun_omnot_khesegt_tarkhsan_gollokh_chuluulguud.md
2904,prosp,Эрэл (эрлийн ажил),PROSP,1943,,"в.в.дельнов, н.д.каленов, е.г.полякова","Sn-ны нүхэтийн гол, баруун ховд гол шороон ордын ба W-ийн батгуй ордын эрэл,хайгуулын тайлан","хайгуул | эрэл,хайгуул",W,батгүй | баруун ховд голын хэсэг,сб-230,L-50-XX,436,48,орос,polygon,номенклатур 1:200 000 (1 хавтгай),1.0,үгүй,34.68,57.87,тийм,2000-2999\2904_1943_StudyReport_SPETsGEO_iin_GKhE_iin_44_r_angiin_1943.md
733,prosp,Эрэл (эрлийн ажил),PROSP,1955,,"о.м.мясковский, в.н.полтавченко, д.и.федорович",сб.өг.аймгийн нутагт хийсэн эрлийн тайлан,эрэл,Mo | Pb | W,цагаан-уул | хар-ямаатын район | сайхан-уул,сб-234 | өг-206,L-50-XV | K-48-VI,436,23,орос,polygon,номенклатур 1:200 000 (2 хавтгай),10.0,үгүй,6.07,5.07,тийм,0000-0999\0733_2026_StudyReport_Sukhbaatar_Omnogov_aimgiin_nutagt_khiisen_erliin_tailan_183.md
876,prosp,Эрэл (эрлийн ажил),PROSP,1955,,"д.и.федорович, т.к.кречетович","сайхан уулын ховор металлын бүсийн районд хийсэн эрэл,хайгуулын үр дүн",урьд.хайгуул,,ховор металлын сайхан-уулын бүс | цагаан-уулын радио идэвхт хүдрийн илрэл,сб-230,L-50-XX,400,468,орос,polygon,номенклатур 1:200 000 (1 хавтгай),1.0,үгүй,34.68,57.87,тийм,0000-0999\0876_1955_StudyReport_Saikhan_uulyn_khovor_metallyn_busiin_raiond_khiisen_erel.md
1670,prosp,Эрэл (эрлийн ажил),PROSP,1965,,"э.в.пунчик, в.д.пунчик","дорнодын районд хийсэн барилгын материалын түүхий эд,нүүрсний эрэл,хайгуулын тайлан",эрэл | урьд.хайгуул,тоосгоны шавар | барилгын элс | элс ба хайрга | барилгын чулуу | шохойн чулуу,хамар даваа орд | дорнод орд | жамсран орд | дэвтээрийн толгой орд,до-127 | до-125,L-50-V-9 | L-50-VIII-39,400,203,орос,polygon,номенклатур 1:200 000 (2 хавтгай),3.333,үгүй,45.35,7.57,тийм,1000-1999\1670_1966_StudyReport_1965_ond_BNMAU_yn_zuun_zakhad_guitsetgesen_barilgyn.md
1663,prosp,Эрэл (эрлийн ажил),PROSP,1966,,"э.в.окунев, н.с.окунева",до аймгийн нутагт хийсэн давсны эрэл-хайгуулын тайлан,"эрэл,хайгуул",глауберийн давс,сангийн далай | шарбүрд | шорвог нуур | дундбаян нуур | нэргүй II,до-127 | до-120 | до-129,L-50 | M-50 | M-49,408,545,орос,polygon,номенклатур 1:1 000 000 (3 хавтгай),12.0,тийм,100.0,1.55,тийм,1000-1999\1663_1966_StudyReport_Dornod_Salt_Lakes_Sharaburdiinur.md
2149,prosp,Эрэл (эрлийн ажил),PROSP,1974,1:25 000,"д.пунцагдэлэг, а.я.гааз, в.я.беспалов","егүзөрийн ордын эрэл,хайгуулын тайлан",хайгуул,,егүзөр орд,су-230,L-50,408,87,орос,polygon,номенклатур 1:1 000 000 (1 хавтгай),6.0,тийм,100.0,4.64,тийм,2000-2999\2149_1974_StudyReport_Tungsten.md
639,prosp,Эрэл (эрлийн ажил),PROSP,1951-1953,,"к.п.столбков, е.г.федоровская, и.г.бондаренко","нүүрсний зүүнбулаг ба чойбалсан ордын эрэл, хайгуулын ажлын тайлан",хайгуул | эрэл,"хүрэн нүүрс | W | асбест, ус | Mo",зүүнбулаг орд | чойбалсан орд | нүүрсний холост орд | түмэнцогт орд | наранбулаг рашаан илрэл | цагаан-уул илрэл,хэ,,436,1872,орос,point,солбицол цэг,0.0,үгүй,0.0,0.0,тийм,0000-0999\0639_1953_StudyReport_1951_1953_ond_Zuun_bulag_Choibalsangiin_khuren_nuursnii.md
2739,prosp,Эрэл (эрлийн ажил),PROSP,1947-1977,1:25 000,"р.жарантай, и.н.бабкин, ю.и.максименко",төв ордын районд хийсэн 1:10000 эрлийн тайлан,эрэл,,төв ордын талбай | батгүй ширээтийн хэсэг | зүүнховд голын хэсэг | арбулаг,сб-230,L-50-XX | Д-50-ХХ,408,287,орос,polygon,номенклатур 1:200 000 (1 хавтгай),1.0,үгүй,34.68,57.87,тийм,2000-2999\2739_1974_StudyReport_Sukhbaatar_Prospecting.md
3000,prosp,Эрэл (эрлийн ажил),PROSP,1978-1979,,"б.амарсайхан, а.готовсүрэн, я.цэдэнбалжир","төмөртийн-овоо орд ба L-50-49 хавтгайд хийсэн геохимийн эрэл,туршилт аргачлалын тайлан",геохимийн эрэл | геохимийн судалгаа,,эрвээ хушуу овоо хэсэг | төмөртийн овоо орд | мухар-овооны хэсэг | баянцогт овооны хэсэг,сб-225 | сб-229,L-50-VII | L-50-XIII | L-49-XVIII | L-50-VIII,406,205,орос,polygon,номенклатур 1:200 000 (4 хавтгай),3.0,үгүй,9.59,4.0,тийм,3000-3999\3000_1980_StudyReport_1978_1979_onuudad_Tomortiin_ovoony_ord_bolon_L.md
3562,prosp,Эрэл (эрлийн ажил),PROSP,1978-1980,1:100 000,"р.жарантай, д.арслан","төв,егүзөрийн орд, арван сар, уртын илрэлд хийсэн эрэл,хайгуулын тайлан",хайгуул | урьд.хайгуул | нарийв.эрэл | эрэл-үнэлгээ,W,егүзөр | центр | арван сар | урт,сб-230,L-50,408,450,орос,polygon,номенклатур 1:1 000 000 (1 хавтгай),6.0,тийм,100.0,4.64,тийм,3000-3999\3562_1983_Study_Report_1978-1980.md
3789,prosp,Эрэл (эрлийн ажил),PROSP,1982-1984,,"а.должин, да.дамба, д.сүхбаатар","булангийн хоолойн хүрэн нүүрсний ордын урьд.хайгуул, эрлийн тайлан",урьд.хайгуул,хүрэн нүүрс,булангийн хоолой,до-127,L-50,408,188,орос,polygon,номенклатур 1:1 000 000 (1 хавтгай),6.0,тийм,100.0,4.64,тийм,3000-3999\3789_1984_StudyReport_1982_1984_ond_Bulangiin_Khooloin_khuren_nuursnii_ordod.md
4130,prosp,Эрэл (эрлийн ажил),PROSP,1986-1987,,"м.цогт, д.орсоо","барилгын чулууны жамсран-овоо, шаварлаг шохойн чулуу ба элс хайрганы зүүн ордуудад хийсэн эрэл,хайгуулын тайлан",хайгуул,элс хайрга | шохойн чулуу | барилгын чулуу,восточное орд | шохойт орд | жамсран-овоо орд,до-127,L-50-V | L-50-X,407,153,орос,polygon,номенклатур 1:200 000 (2 хавтгай),4.0,үгүй,45.35,7.57,тийм,4000-4999\4130_1986_StudyReport_1986_1987_ond_Dornod_aimgiin_Khalkhgol_Sumber_sumyn.md
12,prval,Эрэл-үнэлгээний ажил,PROSP,1938,,в.и.жерехов,"Дорнод,Сүхбаатар аймгийн нутагт хийсэн нүүрсний эрлийн тайлан",эрэл,нүүрс,далайбулаг | ханайн гол | зүүнбулаг | матадын талбай,"сб-230 | до-125 | до-125,129","L-50-В-XX | L-50-А-VIII | L-50-В-XX,L-50-А-VIII",436,7,орос,polygon,номенклатур 1:200 000 (4 хавтгай),2.0,үгүй,34.68,28.94,тийм,0000-0999\0012_1938_StudyReport_Dornod_Sukhbaatar_aimgiin_nutagt_khiisen_nuursnii_erliin_tailan.md
1086,prval,Эрэл-үнэлгээний ажил,PROSP,1955,,ж.дүгэрсүрэн,сб аймгийн нутагт хийсэн нүүрсний эрлийн тайлан,эрэл,нүүрс,рашаантын талбулаг | баянцогт орд | ханын гол орд,сб-225 | сб-230,L-50-XII | L-50-XX,467,130,монгол,polygon,номенклатур 1:200 000 (2 хавтгай),5.0,үгүй,34.68,28.94,тийм,1000-1999\1086_2026_StudyReport_Sukhbaatar_aimgiin_nutagt_khiisen_nuursnii_erliin_tailan.md
1330,prval,Эрэл-үнэлгээний ажил,PROSP,1957,,р.б.давыдов,өмнөт бүрдийн голын талбай ба баруун тамсагийн районд хийсэн нефтийн эрлийн тайлан,хайгуул,,баруун тамсагийн район | өмнөт бүрдийн голын талбай,до-127 | до-125,L-50-IX | L-50-XXXIX,436,252,орос,polygon,номенклатур 1:200 000 (2 хавтгай),6.0,тийм,100.0,4.64,тийм,1000-1999\1330_1955_StudyReport_Baruun_tamsagiin_profiliin_raion_Omnod_burdenii_golyn_talbai.md
1545,prval,Эрэл-үнэлгээний ажил,PROSP,1962,,"в.м.бочаров, а.я.ломоносов","сб,тө,дг аймгийн нутагт хийсэн перлитын эрлийн тайлан",эрэл,галт уулын шаарга | перлит,суталхан-уул | их эрээний район | дарьганга | шивээгийн район | цагаан-овоо уулын район | дг.аймгийн хойд хэсэг | алтан-овоо,"сб-230 | дг-106 | сб-231,230,221,223,224 | тө-254 | дг-108 | дг-103,116,106,104,109 | сб-221","L-50-XIX | L-49-XXI | L-49-XXIV,XXX,L-50-XIX,XXXV | L-48-XII | L-49-XXVIII | L-49-XX,XXI,XXVI,XXVII | L-49-XXIV",400,124,орос,polygon,номенклатур 1:200 000 (13 хавтгай),12.0,үгүй,10.07,1.68,тийм,1000-1999\1545_1962_StudyReport_1962_ond_Tov_Sukhbaatar_Dornogov_aimgiin_nutagt_guitsetgesen.md
1818,prval,Эрэл-үнэлгээний ажил,PROSP,1969,,"цэдэндамба, мауер",монголын зарим гол ашигт малтмалын ордын талаарх нэгдсэн дүгнэлт,эрэл-үнэлгээ,"W | Mo,W | Nb,Ta | Cu,Mo | коксжсон нүүрс",бүрэнцогт орд | егүзөр орд | хөх дэл илрэл | цагаансуварга орд | таван толгой орд,сб-222 | сб-230 | дг-104 | дг-107 | өг-214,L-49-X | L-50-XX | L-49-XIII | K-49-I | K-48-IV,423,232,орос,polygon,номенклатур 1:200 000 (5 хавтгай),11.0,үгүй,34.68,11.57,тийм,1000-1999\1818_1969_StudyReport_BNMAU_yn_gollokh_erdsiin_tuukhii_ediin_ordyn_olborlolt.md
1823,prval,Эрэл-үнэлгээний ажил,PROSP,1969,,"х.сүхбаатар, ш.алтангэрэл, б.ням","до, сб аймгийн нутагт хийсэн эрлийн тайлан",эрэл,,дагай хэсэг | эрдэнэ-толгой хэсэг | баян-хайлааст хэсэг,до-124 | сб-230,M-50-XIX | L-50-XX,408,143,орос,polygon,номенклатур 1:200 000 (2 хавтгай),4.667,үгүй,34.68,28.94,тийм,1000-1999\1823_1970_StudyReport_Dornodyn_4_r_angiin_1969_ond_yavuulsan_erel.md
1900,prval,Эрэл-үнэлгээний ажил,PROSP,1970,,"с.мөнхтогтох, т.намсрай, д.батбаяр",1970 онд хийсэн өнгөт чулууны эрлийн тайлан,эрэл | мэдээ шалгалт,цахиур | халцедон агат | агат | аметист | змеевик | агальмат | кварцит | Be | анар,дөрвөн дэрт орд | хүрмэн орд | богд цахиурт орд | баруун мандал орд | маань толгой орд | цагаан бургас орд | борт орд | борилжуут орд | авдархараат орд | дэрстэй орд,өг-205 | өх-182 | дг-106 | ув-296 | хв-340 | өх-192 | до-130 | га-094,L-48-XXXIII | L-48-XXXI | L-49-XIV | L-47-XXX | M-46-XXIX | M-47-XXVII | L-50-XX | L-46-XXIV,407,116,орос,polygon,номенклатур 1:200 000 (8 хавтгай),22.0,үгүй,34.68,7.23,тийм,1000-1999\1900_1971_StudyReport_UBGUG_yn_9_r_angiin_1970_ond_ongot.md
2409,prval,Эрэл-үнэлгээний ажил,PROSP,1971,1:200 000,"л.д.чирцов, г.г.ильин, в.к.полетаев",зүүн монголд хийсэн U-ны эрлийн тайлан,эрэл-үнэлгээ,U,дорнод монгол,,"M-49-Г,M-50-В,L-48-Б,L-49-А,Б,В,Г,L-50-А",417,466,орос,polygon,номенклатур 1:500 000 (8 хавтгай),12.0,үгүй,54.65,1.27,тийм,2000-2999\2409_1971_StudyReport_Dornod_Prospecting.md
2704,prval,Эрэл-үнэлгээний ажил,PROSP,1976,,"л.мөнхтогоо, с.жагар","сб аймгийн өмнөт хэсэгт хийсэн нүүрсний эрэл,хайгуулын тайлан",1:25000 эрэл | хайгуул,нүүрс,баянцогт орд | баянцогт 1 орд | ноёны хөндийн хэсэг | бавхайн хөндийн хэсэг | жаралын хэсэг,сб-230 | сб-224 | сб-219,L-50-XX-87 | L-50-XXX-120 | L-50-XXV-97 | L-50-XXIX-105,407,101,монгол,polygon,номенклатур 1:200 000 (4 хавтгай),6.0,үгүй,34.68,14.47,тийм,2000-2999\2704_1976_StudyReport_Sukhbaatar_Prospecting.md
3718,prval,Эрэл-үнэлгээний ажил,PROSP,1980,,"р.жарантай, д.арслан","баян-уулын илрэлд хийсэн нарийв.эрэл, арбаян,өвөрбаянгийн илрэлийн эрэл-үнэлгээний тайлан",эрэл-үнэлгээ | 1:10000 нарийв.эрэл,Mo | W | биндэръяа,өвөрбаян | арбаян | баян-уул,сб-230,L-50-XIV-64,408,157,орос,polygon,номенклатур 1:200 000 (1 хавтгай),1.0,үгүй,38.99,65.07,тийм,3000-3999\3718_1980_StudyReport_1980_ond_Arbayan_Ovorbayangiin_ilreld_khiisen_erel_unelgeenii.md
3208,prval,Эрэл-үнэлгээний ажил,PROSP,1981,,"ц.чойжамц, а.и.юдина",төв монголд хийсэн өнгөт чулууны эрлийн тайлан,ашиглалт шалгалт,"оюу | хризолит, сапидин | лефрит | аквамарин | Au, Cu, хризолит | лозулит | ягаан турмалин",эрдэнэт | тэвш хэсэг | эрдэнэцогт хэсэг | нүхтийн цагаан-овоо хэсэг | түвшрүүлэх хэсэг | шүрэн хэсэг | цагаан толгой хэсэг,бу-069 | өх-182 | бх-058 | сб-230 | ар-009 | сэ-240 | бу-067,M-48-XXVII | L-48-XXXI | L-47-XVII | L-50-XX | L-47-XII | M-48-XXII | L-48-III,460,60,орос,polygon,номенклатур 1:200 000 (7 хавтгай),16.0,үгүй,34.68,8.27,тийм,3000-3999\3208_1978_StudyReport_1978_ond_BNMAU_yn_nutagt_yavuulsan_ongot_chuluuny.md
4087,prval,Эрэл-үнэлгээний ажил,PROSP,1986,,"да.дамба, ц.сүхбаатар",буйр нуурын өмнөт эргийн K-ийн хурдасны нүүрсжилтэд үнэлгээ өгсөн эрлийн тайлан,эрэл,нүүрс,буйр нуур,до-127,L-50,408,86,орос,polygon,номенклатур 1:1 000 000 (1 хавтгай),6.0,тийм,100.0,4.64,тийм,4000-4999\4087_1986_StudyReport_1986_ond_Buir_Nuuryn_talbaid_guitsetgesen_nuursnii_erliin.md
1326,prval,Эрэл-үнэлгээний ажил,PROSP,1956-1957,,з.а.савельева,зүүн тамсагийн районд хийсэн нефтийн эрлийн тайлан,хайгуул,,зүүн тамсагийн район,"до-127,133",L-50-V,436,35,орос,polygon,номенклатур 1:500 000 (1 хавтгай),3.0,үгүй,45.35,8.41,тийм,1000-1999\1326_1956_StudyReport_BNMAU_yn_dornod_khesgiin_geologiin_togtots_neftjiltiin_khetiin.md
1881,prval,Эрэл-үнэлгээний ажил,PROSP,1969-1970,,"л.ф.лавриненко, т.захай, х.далилхан","тө,дг,до,бх аймгийн нутагт хийсэн Та-Nb ба бусад ховор металлын эрлийн тайлан",эрэл,ховор металл,бэрхийн хэсэг | ялын голын хэсэг | авдарын хэсэг | жанчивлан хэсэг | улзын хэсэг,до-124 | бх-050 | тө-267 | тө-257 | дг-106,L-50-XIII | L-47-XI | L-48-IV | L-48-VI | L-49-XV,407,185,орос,polygon,номенклатур 1:200 000 (5 хавтгай),15.0,үгүй,9.59,3.2,тийм,1000-1999\1881_1970_StudyReport_1969_1970_ond_Janchivlangiin_angiin_guitsetgesen_tantal_bolon.md
2992,prval,Эрэл-үнэлгээний ажил,PROSP,1976-1977,1:50 000,"ч.жадамба, д.пунцагдэлэг",егүзэрийн хүдрийн районы баян-уул-нүхтийн ба уртын талбайд хийсэн ерөнхий ба нарийв.эрлийн тайлан,эрэл,W,уртын талбай | баян-уул-нүхт талбай,сб-230,L-50-XX,408,96,орос,polygon,номенклатур 1:200 000 (1 хавтгай),1.0,үгүй,34.68,57.87,тийм,2000-2999\2992_1976_StudyReport_Prospecting.md
3494,prval,Эрэл-үнэлгээний ажил,PROSP,1982-1986,,"в.п.рыборак, т.захай, с.сэлэмбаатар",монгол улсын нутагт хийсэн геол.зурагл.эрлийн судалгааны зургийн тайлбар бичиг,эрэл,,монгол,,"M-45, M-46, M-47, M-48, M-50, L-46, L-47, L-48, L-49, L-50, K-47, K-49",405,97,орос,polygon,номенклатур 1:1 000 000 (12 хавтгай),36.0,тийм,100.0,0.39,тийм,3000-3999\3494_2023_StudyReport_Mongol_Ulsyn_nutagt_khiisen_geologiin_zuraglal_erliin_ajlyn.md
65,expl,Хайгуулын ажил,PROSP,1939,,п.н.шпанов,баянцогтын ордын хайгуулын тайлан,хайгуул,хүрэн нүүрс,баянцогт орд,сб-230,L-50-XX,436,30,орос,polygon,номенклатур 1:200 000 (1 хавтгай),1.0,үгүй,34.68,57.87,тийм,0000-0999\0065_1939_StudyReport_Bayantsogtyn_ordyn_khaiguulyn_tailan.md
656,expl,Хайгуулын ажил,PROSP,1939,,"м.н.бондаренко, н.т.смирнов",дорнодын эксп.1939 онд хийсэн ажлын товч тайлан,хайгуул | мэдээлэл,нүүрс | шороон Au | тоосгоны шавар | ус,баянтүмэн | жаргалант | ар чулуут | хөөт | түшлэг-уул | налайх | цагаанбулаг | баянцогт | уб хот,до-120 | до-121 | бх-043 | до-126 | дг-108 | тө-252 | тө-373 | сб-230 | тө,L-50-II | L-50-I | L-47-XVII | M-49-XXXVI | L-49-XXVII | L-48-VI | L-48-XIV | L-50-XX | L-48-V,436,20,орос,polygon,номенклатур 1:200 000 (9 хавтгай),16.0,үгүй,34.68,3.4,тийм,0000-0999\0656_1939_StudyReport_Dornod_ekspeditsiin_1939_ond_khiisen_ajlyn_tovch_tailan.md
386,expl,Хайгуулын ажил,PROSP,1943,,в.в.дельнов,"баруун ховд гол, нүхт голын хөндий дэх батгуйн гянт болд, цагаан тугалганы шороон ордод хийсэн хайгуулын урьд.тайлан",хайгуул,W,W-ын батгүй орд,сб-230,L-50-XX,436,24,орос,polygon,номенклатур 1:200 000 (1 хавтгай),1.0,үгүй,34.68,57.87,тийм,0000-0999\0386_1942_StudyReport_1943_ond_44_r_angi_Baruun_Khovd_gol.md
412,expl,Хайгуулын ажил,PROSP,1943,,"н.а.маринова,н.е.невзоров",геол.гидрогеол.ба хөрсний судалгааны тайлан,"эрэл,хайгуул",,до.аймгийн нутаг,"до,сб","M-50,L-50",436,454,орос,polygon,номенклатур 1:1 000 000 (2 хавтгай),8.0,тийм,100.0,2.32,тийм,0000-0999\0412_1943_StudyReport_1000kList_Marinov_Nevzorov_DornodSukhbaatar_GeologyHydrogeologySoil.md
2879,expl,Хайгуулын ажил,PROSP,1944,,"а.с.золотухин, и.с.усенко, ф.е.рубик",егүзэрийн ордод 1945 онд хийх геол.хайгуулын ажлын төлөвлөгөө,хайгуул | гүйцээх хайгуул,Mo,егүзөр | батгүй,сб-230,L-50-XX,454,,орос,polygon,номенклатур 1:200 000 (1 хавтгай),1.0,үгүй,34.68,57.87,тийм,2000-2999\2879_1945_StudyReport_Volfram_molibdeny_Eguzeriin_ordod_1945_ond_khiikh_geologi.md
869,expl,Хайгуулын ажил,PROSP,1945,,в.е.рявенко,егүзөр ордын хайгуулын тайлан,хайгуул,,егүзөр орд | бат орд,сб-230,L-50-XX,436,78,орос,polygon,номенклатур 1:200 000 (1 хавтгай),1.0,үгүй,34.68,57.87,тийм,0000-0999\0869_1945_StudyReport_1945_ond_Yuguzeriin_gyantboldyn_ordod_guitsetgesen_geologi_khaiguulyn.md
867,expl,Хайгуулын ажил,PROSP,1946,,"а.п.логвинов, в.е.рябенко",егүзөр ордын хайгуулын тайлан,нарийв.хайгуул,,егүзөр орд,сб-230,L-50-XX,436,29,орос,polygon,номенклатур 1:200 000 (1 хавтгай),1.0,үгүй,34.68,57.87,тийм,0000-0999\0867_1942_StudyReport_Eguzeriin_molibdeniin_ordyn_unelgeenii_asuudald.md
2897,expl,Хайгуулын ажил,PROSP,1946,,логвинов,тусгай эксп.(N 4)-ийн 1946 онд хийсэн ажлын тайлан,хайгуул,"W | W, Sn",егүзөр орд | түмэнцогт | бүрэнцогт | модот,сб-230 | сб-227 | сб-222 | хэ-358,L-50-XX | L-49-XI | L-49-X | L-49-II,436,27,орос,polygon,номенклатур 1:200 000 (4 хавтгай),7.0,үгүй,34.68,14.47,тийм,2000-2999\2897_2024_StudyReport_ZKhU_yn_ongot_metallurgiin_4_r_tusgai_ekspeditsiin.md
920,expl,Хайгуулын ажил,PROSP,1947,,"а.п.логваннов, в.е.рябенко",егүзөрийн ордын урьд.хайгуулын тайлан,урьд.хайгуул,"W, Mo",егүзөр орд,сб-230,L-50-XX,454,364,орос,polygon,номенклатур 1:200 000 (1 хавтгай),1.0,үгүй,34.68,57.87,тийм,0000-0999\0920_1947_StudyReport_Eguzeriin_ordyn_gyantbold_molibdeny_nootsiin_urdchilsan_khaiguulyn_tai.md
2892,expl,Хайгуулын ажил,PROSP,1948,,спецэкспедиция N 4,тусгай эксп.(N 4)-ийн 1948 оны ажлын тайлан,хайгуул,"W, Mo | W | Sn, W",егүзөр орд | бүрэнцогт орд | түмэнцогт | модот орд,сб-230 | сб-222 | сб-227 | хэ-358,L-50-XX | L-49-X | L-49-XI | L-49-II,436,41,орос,polygon,номенклатур 1:200 000 (4 хавтгай),7.0,үгүй,34.68,14.47,тийм,2000-2999\2892_1948_StudyReport_1948_ony_geologi_khaiguulyn_ajlyn_tailan.md
2880,expl,Хайгуулын ажил,PROSP,1953,,"с.к.светловский, в.ф.котик",егүзэрийн ордод хийсэн 1953 оны хайгуулын тайлан,хайгуул,W,егүзөр орд,сб-230,L-50-XX,454,164,орос,polygon,номенклатур 1:200 000 (1 хавтгай),1.0,үгүй,34.68,57.87,тийм,2000-2999\2880_1953_StudyReport_1953_ond_Yuguzeriin_ordod_guitsetgesen_geologi_khaiguulyn_ajil.md
2881,expl,Хайгуулын ажил,PROSP,1953,,"т.м.котик, с.к.светловский, н.г.чучев",егүзэрийн ордод хийсэн 1952 оны хайгуулын тайлан,хайгуул,W,егүзөр орд,сб-230,L-50-XX,454,119,орос,polygon,номенклатур 1:200 000 (1 хавтгай),1.0,үгүй,34.68,57.87,тийм,2000-2999\2881_1953_StudyReport_1952_ond_Yuguzeriin_ordod_guitsetgesen_geologi_khaiguulyn_ajlyn.md
3107,expl,Хайгуулын ажил,PROSP,1953,,"в.и.браташ, в.д.кирейчев, в.и.линьков",геол.хайгуулын конторын 1953 оны тайлан,хайгуул,нефть,сеноковын талбай | дөрвөлжний талбай | бэрхтийн талбай | тариачийн талбай | хамар хуралын талбай | сайншандын талбай | суман нуурын талбай,до | дг-105 | хэ-234 | дг-111 | дг-112 | до-124,L-49-XXVIII | L-49-IV | L-49-XXVII | L-49-XXXII | L-50-XIX,436,49,орос,polygon,номенклатур 1:200 000 (5 хавтгай),6.0,үгүй,10.07,3.36,тийм,3000-3999\3107_1954_StudyReport_Geologi_khaiguulyn_kontoryn_1953_ony_geologi_geofizikiin_tailan.md
652,expl,Хайгуулын ажил,PROSP,1955,,"д.и.федорович, н.э.геригардт",231-р ангийн 1955 оны ажлын тайлан,хайгуул,"Mo, W",егүзөр орд,сб-230,L-50-XX,436,66,орос,polygon,номенклатур 1:200 000 (1 хавтгай),1.0,үгүй,34.68,57.87,тийм,0000-0999\0652_1955_StudyReport_231_r_angiin_1955_ony_Geologiin_tailan.md
861,expl,Хайгуулын ажил,PROSP,1955,,"с.к.светловский, в.ф.котик",егүзөрийн ордын хайгуулын тайлан,хайгуул,W,егүзөр орд,сб-230,L-50-XX,454,274,орос,polygon,номенклатур 1:200 000 (1 хавтгай),1.0,үгүй,34.68,57.87,тийм,0000-0999\0861_1954_StudyReport_1954_ond_Eguzeriin_ordod_yavuulsan_geologi_khaiguulyn_ajlyn.md
3109,expl,Хайгуулын ажил,PROSP,1956,,а.а.шиманский,монголнефть трестийн 1956 оны тайлан,хайгуул,нефть,дорноговийн хөндий | глинкинийн структур | шинэ баянширээгийн талбай | зүүн хойд хамар хуралын талбай | ухины структур | нялгын хөндий,дг-112 | до | тө-254,L-49-XXXII | L-50 | L-49-XXXIII | L-48-XII,436,145,орос,polygon,номенклатур 1:200 000 (4 хавтгай),13.0,тийм,100.0,4.28,тийм,3000-3999\3109_1956_StudyReport_1956_ony_Mongolneft_trestyn_goviin_bused_khiisen_neftiin.md
1332,expl,Хайгуулын ажил,PROSP,1958,,барилгын яам,тамсагийн талбайд өрөмдсөн цооногийн материалыг устгасан тухай мэдээлэл,хайгуул,нефть,тамсагийн хотос,до-127,L-50,436,120,орос,polygon,номенклатур 1:1 000 000 (1 хавтгай),6.0,тийм,100.0,4.64,тийм,1000-1999\1332_1958_StudyReport_Tatan_buugdsan_Tamsagiin_talbaid_oromdson_Tamsag_1R_Baruun.md
1569,expl,Хайгуулын ажил,PROSP,1962,,"в.и.долженко, а.д.шведцов",1962 онд хийсэн болорын мэдээ шалгалтын ажлын тайлан,"эрэл,хайгуул | эрэл",даралтат болор | хайлуур жонш | болор,модот-өндөрийн район | хар-айрагийн район | баян-овоогийн район | угтаал цайдамын район | цахирын район | алингийрин голын сав,"до-124 | до-103,106 | тө-272 | ар-011 | ар-007","L-50-XIX | L-49-XX,XV | M-48-XXXIV | L-48-VI | L-47-III | M-47-XXXV",400,170,орос,polygon,номенклатур 1:200 000 (7 хавтгай),17.0,үгүй,10.07,2.4,тийм,1000-1999\1569_1963_StudyReport_Reviziin_10_r_angiin_1962_ond_pezo_optikiin.md
2371,expl,Хайгуулын ажил,PROSP,1975,,"н.дугаржав, е.мисник",галт уулын шааргын баянцагаан ордын нарийв.хайгуулын тайлан,,,баянцагааны талбай,сб-221,"L-49-XXIV, XXX, L-50-XIX, XXV",414,106,орос,polygon,номенклатур 1:200 000 (4 хавтгай),2.0,үгүй,10.07,4.2,тийм,2000-2999\2371_1976_StudyReport_1975_ond_Sukhbaatar_aimgiin_Bayantsagaany_galt_uulyn_shaargyn.md
826,expl,Хайгуулын ажил,PROSP,1955-1956,1:25 000,"д.и.федорович, т.к.кречетович",югзөрийн W-Мо-ны ордын хайгуулын тайлан,хайгуул,"W, Mo",езүзөр орд,сб-230,L-50-XX,454,671,орос,polygon,номенклатур 1:200 000 (1 хавтгай),1.0,үгүй,34.68,57.87,тийм,0000-0999\0826_1956_StudyReport_Yeguzer_MolybdenumTungsten_Unit231.md
2153,expl,Хайгуулын ажил,PROSP,1973-1974,,"а.дамиран, в.а.коробкин, б.найдан","тамсагийн хотосын өмнөт хэсэгт хийсэн эрэл,нүүрсний хөөт ордын хайгуулын тайлан",хайгуул | эрэл,нүүрс,хөөт | модон-овоо хэсэг,до-133,L-50,408,89,орос,polygon,номенклатур 1:1 000 000 (1 хавтгай),6.0,тийм,100.0,4.64,тийм,
2576,expl,Хайгуулын ажил,PROSP,1974-1976,1:25 000,"и.н.бабкин, ю.и.максименко, н.н.бабкина",Мо-W-ын егүзөр ордын урьд.хайгуулын тайлан,урьд.хайгуул,"Mo, W",егүзөр орд,сб-230,L-50-XX-75,408,561,орос,polygon,номенклатур 1:200 000 (1 хавтгай),1.0,үгүй,34.68,57.87,тийм,2000-2999\2576_1974_StudyReport_Sukhbaatar_Exploration.md
4193,expl,Хайгуулын ажил,PROSP,1986-1987,,ч.энхтуяа,"барилгын элсний жамсран-овоо ордын эрэл,нарийв.хайгуулын тайлан",нарийв.хайгуул,элс хайрга,жамсран-овоо,до-127,L-50,407,67,орос,polygon,номенклатур 1:1 000 000 (1 хавтгай),6.0,тийм,100.0,4.64,тийм,4000-4999\4193_1987_StudyReport_Dornod_aimgiin_nutagt_bairlakh_Jamsran_Ovoo_barilgyn_elsny.md
6295,expl,Хайгуулын ажил,PROSP,,,Ж. Алтан-Од Г. Ганзориг,Сүхбаатар аймгийн Эрдэнэцагаан сумын нутагт орших Сайн Хөөврийн хүрэн нүүрсний ордод 2008-2009 онд гүйцэтгэсэн хайгуулын ажлын үр дүнгийн тайлан. Лиценз №13220Х,,,,,,Бадмаараг Хаш ХХК,,,polygon,лиценз XB-013220,0.33,үгүй,0.03,1.35,тийм,6000-6999\6295_2021_StudyReport_6295.md
6314,expl,Хайгуулын ажил,PROSP,,,О. Гомбобаатар Д. Доржготов О. Цэвэгсүрэн Н. Батдорж,Сүхбаатар аймгийн Эрдэнэцагаан сумын нутагт орших Билүүт уул нэртэй хайгуулын 15301Х тусгай зөвшөөрлийн талбай дахь Егүзэрийн гянтболд-молибдений ордын зүүн хэсэгт 2009-2010 онд гүйцэтгэсэн хайгуулын ажлын үр дүнгийн тайлан. Лиценз №1530IX,,,,,,Голден Хейлс ххк,,,polygon,лиценз XB-015301,0.125,үгүй,0.47,100.0,тийм,6000-6999\6314_2010_StudyReport_Sukhbaatar_Erdenetsagaan_Orshikh_Biluut_Uul_Nertei_Talbai_Dakh.md
6317,expl,Хайгуулын ажил,PROSP,,,Д. Доржготов П. Маранхүү О. Цэвэгсүрэн Н. Чимид,Сүхбаатар аймгийн Эрдэнэцагаан сумын нутагт орших Даажийн булагийн төв ордын берилл-гянтболдын ордод 2009-2010 онд гүйцэтгэсэн хайгуулын ажлын үр дүнгийн тайлан. Лиценз №15303Х,,,,,,Голден Хейлс ХХК,,,polygon,лиценз XB-015303,0.066,үгүй,0.1,100.0,тийм,6000-6999\6317_2023_StudyReport_6317.md
6443,expl,Хайгуулын ажил,PROSP,,,Ч. Батцэнгэл Р. Жарантай О. Бямбацогт Э. Цогтбаатар,Сүхбаатар аймгийн Эрдэнэцагаан сумын нутагт орших Өвөрбаянгийн молибдений ордод 2006-2010 онуудад гуйцэтгэсэн нарийвчилсан хайгуулын ажлын үр дүнгийн тайлан. Лиценз 11123А,,,,,,Баян-Эрч ХХК,,,polygon,лиценз MV-011123,0.016,үгүй,0.01,100.0,тийм,6000-6999\6443_2010_StudyReport_Sukhbaatar_Erdenetsagaan_Orshikh_Uvurbayangiin_Molibdenii_Ordod_Guitse.md
6641,expl,Хайгуулын ажил,PROSP,,,П. Наранхүү Н. Батдорж Ц. Энхжаргалан,Сүхбаатар аймгийн Эрдэнэцагаан сумын нутагт орших Даажийн булагын 15303Х тусгай зөвшөөрлийн талбай дахь Төвийн берилл-вольфрамын ордод 2011 онд гүТщэтгэсэн гүйцээх хайгуулын ажлын үр дүнгийн тайлан.,,,,,,Голден Хейлс ХХК,,,polygon,лиценз XB-015303,0.066,үгүй,0.1,100.0,тийм,6000-6999\6641_2023_StudyReport_6641.md
6656,expl,Хайгуулын ажил,PROSP,,,X. Уламбаяр Р. Эрдэнэбаяр Б. Ганзориг,Сүхбаатар аймгийн Эрдэнэцагаан сумын нутагт орших Баянцогтын нүүрсний ордод 2009-2011 онд гүйцэтгэсэн эрэл хайгуулын ажлын үр дүнгийн тайлан. Лиценз 13496Х,,,,,,Си Да Куангай ХХК,,,polygon,лиценз XB-013496,0.405,үгүй,2.26,77.88,тийм,6000-6999\6656_2021_StudyReport_6656.md
6799,expl,Хайгуулын ажил,PROSP,,,Л. Мөнхтогоо Д. Баатарчулуун,Сү^хбаатар аймгийн Эрдэнэцагаан сумын нутагт орших 12297А 12307А тусгай зөвшөөрөлтэй Баянцогт-1 хүрэн нүүрсний ордод 2010 онд гүйцэтгэсэн хайгуулын ажлын үр дүнгийн тайлан.,,,,,,Андын илч ХХК Эрдэнийн олз ХХК,,,polygon,Эрдэнэцагаан сумын нутаг (нэрнээс),2.113,үгүй,100.0,56.53,тийм,6000-6999\6799_2021_StudyReport_6799.md
6808,expl,Хайгуулын ажил,PROSP,,,Б. Баттулга Д. Сүхбазар О. Нармандах Д. Алтаншагай,Сүхбаатар аймгийн Эрдэнэцагаан сумын нутагт орших Далай булаг шатдаг занарын ордод 2010-2012 онд гүйцэтгэсэн хайгуулын ажлын үр дүнгийн тайлан. Лиценз 14938Х,,,,,,Мөнхийн илчит рашаан ХХК,,,polygon,Эрдэнэцагаан сумын нутаг (нэрнээс),2.113,үгүй,100.0,56.53,тийм,6000-6999\6808_2021_StudyReport_6808.md
6835,expl,Хайгуулын ажил,PROSP,,,Н. Цэнгэлбаяр Ч. Өсөхбаяр Ч. Эрдэнэчулуун,Сүхбаатар аймгийн Эрдэнэцагаан сумын нутагт орших Арбаянгийн гянтболдын ордод 2009-2011 онуудад гүйцэтгэсэн хайгуулын ажлын үр дүнгийн тайлан. Лиценз 11124А,,,,,,СОБТ трейд ХХК,,,polygon,лиценз MV-011124,0.014,үгүй,0.01,100.0,тийм,6000-6999\6835_2026_StudyReport_6835.md
7239,expl,Хайгуулын ажил,PROSP,,,С. Бямбаа Ч. Энхжаргач,Сүхбаатар аймгийн Эрдэнэцагаан сумын нутагт орших Хулман нуурын хурэн нуүрсний ордод 2009-2013 онуудад гүйцэтгэсэн хайгуулын ажлын үр дүнгийн тайлан. Тусгай зөвшөөрөл -14743Х,,,,,,Эрдэнийн босго ХХК,,,polygon,Эрдэнэцагаан сумын нутаг (нэрнээс),2.113,үгүй,100.0,56.53,тийм,
7366,expl,Хайгуулын ажил,PROSP,,,В. Нямаа Д. Сосорбарам,Сүхбаатар аймгийн Эрдэнэцагаан сумын нутагт орших Далай булагийн шатдаг занарын ордод 2013 онд гүйцэтгэсэн хайгуулын ажлын үр дүнгийн тайлан. Тусгай зөвш өөрөл-17169 А,,,,,,Мөнхийн эрчит рашаан ХХК,,,polygon,Эрдэнэцагаан сумын нутаг (нэрнээс),2.113,үгүй,100.0,56.53,тийм,7000-7999\7366_2021_StudyReport_7366.md
7449,expl,Хайгуулын ажил,PROSP,,,Г. Энхцэцэг Ч. Оюундэлгэр,Сүхбаатар аймгийн Эрдэнэцагаан сумын нутагт орших Хохтэй нуруу нэртэй хүрэн нүүрсний ордод 2010-2013 онд гүйцэтгэсэн хайгуулын ажлын үр дүнгийн тайлан. Тусгай зөвшөөрөл - 8362Х 8363Х,,,,,,Товгор хад ХХК,,,polygon,Эрдэнэцагаан сумын нутаг (нэрнээс),2.113,үгүй,100.0,56.53,тийм,7000-7999\7449_2024_StudyReport_7449.md
7858,expl,Хайгуулын ажил,PROSP,,,X. Уламбаяр Д. Батсайхан Б. Анар-Од Б.Дэмбэрэлсүрэн,Сүхбаатар аймгийн Эрдэнэцагаан сумын нутагт орших Егүзэрийн гянтболд-молибдений ордод 2012 онд гүйцэтгэсэн нарийвчилсан хайгуулын ажлын үр дүнгийн тайлан. Тусгай зөвшөөрөл-10224А,,,,,,Билуүт майнинг ХХК,,,polygon,Эрдэнэцагаан сумын нутаг (нэрнээс),2.113,үгүй,100.0,56.53,тийм,7000-7999\7858_2022_StudyReport_7858.md
118,deposit,"Ордын нөөцийн тооцоо, үнэлгээ",PROSP,1941,,в.ф.ковалев,монголын шаврын ордны мэдээлэл,мэдээлэл,тоосгоны шавар | шаазангийн шавар,туул | хавирга булаг | налайх | сэлбэ,уб | сб-221 | тө-252 | тө-253,L-48-V | L-50-XIII | L-48-VI,436,2,орос,polygon,номенклатур 1:200 000 (3 хавтгай),13.0,үгүй,9.59,1.46,тийм,0000-0999\0118_1941_StudyReport_Mongol_orny_shavryn_ordyn_tukhai_medeelel.md
289,deposit,"Ордын нөөцийн тооцоо, үнэлгээ",PROSP,1941,,в.ковалев,W-ын егүзөрийн ордын товч дүгнэлт,мэдээлэл,W,егүзөр орд,сб-230,L-50-XX,436,2,орос,polygon,номенклатур 1:200 000 (1 хавтгай),1.0,үгүй,34.68,57.87,тийм,0000-0999\0289_1941_StudyReport_Gyantboldyn_Eguzoriin_ordyn_tovch_dugnelt.md
290,deposit,"Ордын нөөцийн тооцоо, үнэлгээ",PROSP,1941,,"в.ф.ковалев,н.ф.соловьев",егүзөрийн W-ын ордын районы талаарх мэдээлэл,мэдээлэл,W,егүзөр орд,сб-230,L-50-XX,436,31,орос,polygon,номенклатур 1:200 000 (1 хавтгай),1.0,үгүй,34.68,57.87,тийм,0000-0999\0290_1941_StudyReport_Eguzoriin_gyantboldyn_ordyn_raiony_talaarkh_medeelel.md
391,deposit,"Ордын нөөцийн тооцоо, үнэлгээ",PROSP,1941,,"ф.к.шипулин, м.и.носиков,к.помазков","нүүрс, гантигийн ордуудын лавлах материал (паспорт)",мэдээлэл,чулуун нүүрс | хүрэн нуурс | хүрэн нүүрс | глауберийн давс | шилний элс | хайлуур жонш | бал чулуу,мөрөн орд | түшлэг орд | баянцогт орд | баянбулаг орд | их цайдам орд | элстэй орд | овоо сум орд | жаргалант орд | хөөт орд | харгана | овоо-сум орд,хэ-350 | дг-108 | сб-230 | до-120 | тө-254 | тө-252 | хэ-340 | өг-212 | до-126 | хв-338,L-49-I | L-49-XXVII | L-50-XX | L-50-XXXI | L-48-VI | L-49-IV | K-48-III | M-49-XXXVI | M-47-XVII,436,88,орос,polygon,номенклатур 1:200 000 (9 хавтгай),16.0,үгүй,34.68,6.43,тийм,0000-0999\0391_1938_StudyReport_Mongol_orny_nuurs_davs_bal_chuluu_khailuur_jonsh.md
117,deposit,"Ордын нөөцийн тооцоо, үнэлгээ",PROSP,1942,,ю.с.желубовский,зүүн хойд монголын нефтийн тухай мэдээлэл,мэдээ шалгалт,нефрит,хар-овоо | баянтүмэн | егүзөр | зүүнбаян,до-123 | до-120 | сб-230 | дг-112,M-50-XXV | M-50-XXXI | L-50-XX | L-49-XXXI,436,3,орос,polygon,номенклатур 1:200 000 (4 хавтгай),8.0,үгүй,34.68,14.47,тийм,0000-0999\0117_1942_StudyReport_Mongol_orny_zuun_khoid_khesgiin_gazryn_tosny_shine.md
356,deposit,"Ордын нөөцийн тооцоо, үнэлгээ",PROSP,1942,,с.смирнов,егүзөрийн W-ын ордын тухай дүгнэлт,эрдэм шинжилгээний ажил,W,W-ын егүзөр орд,сб-230,L-50-XX,442,27,орос,polygon,номенклатур 1:200 000 (1 хавтгай),1.0,үгүй,34.68,57.87,тийм,0000-0999\0356_1941_StudyReport_Eguzeriin_gyantboldyn_ordyn_tukhai_dugnelt.md
866,deposit,"Ордын нөөцийн тооцоо, үнэлгээ",PROSP,1942,,"ю.с.желубовский, р.а.хасин",егүзөр ордын ба түүний орчины геол.тогтоцын тухай мэдээлэл,нарийв.хайгуул,,егүзөр орд | матадын район,сб-230 | до-125,"L-50-XX | L-50-VII,L-50-X",436,224,орос,polygon,номенклатур 1:200 000 (3 хавтгай),4.0,үгүй,34.68,19.29,тийм,0000-0999\0866_1943_StudyReport_Gyantboldyn_Eguzor_ord_ba_tuunii_orchiny_geologiin_togtotsyn.md
504,deposit,"Ордын нөөцийн тооцоо, үнэлгээ",PROSP,1945,,а.п.логвинов,зүүн монголын ховор металлын шинэ районы тухай мэдээлэл,мэдээлэл,"ховор металл | W | W,Mo",зүүн монгол | түмэнцогт орд | шархад орд | баруунцогт орд | модот орд | чулуун хороот орд | егүзөр орд | түмэнцогт | батгүй орд | зүүнтарц гол орд | баянхаан орд,"до,хэ,сб | хэ-342 | сб-222 | хэ-358 | до-124 | сб-230 | хэ-359","M-49,M-50,L-49,L-50 | L-49-V | L-49-X | L-49-I | M-49-X | L-50-XX | M-49-XXVI | L-49-XI",436,190,орос,polygon,номенклатур 1:200 000 (11 хавтгай),12.0,тийм,100.0,1.16,тийм,0000-0999\0504_1949_StudyReport_Zuun_Mongolyn_khovor_metallyn_shine_duurgiin_tukhai_medeelel.md
2875,deposit,"Ордын нөөцийн тооцоо, үнэлгээ",PROSP,1945,,"н.а.нагаенко, о.с.салтыкова, в.м.семенова",егүзэр ордын W-ийн нөөц тооцоолоход хэрэглэсэн дээжийн шинжилгээний жагсаалт,нөөцийн тооцоо,W,егүзөр орд,сб-230,L-50-XX,454,92,орос,polygon,номенклатур 1:200 000 (1 хавтгай),1.0,үгүй,34.68,57.87,тийм,2000-2999\2875_1945_StudyReport_Khuder_ba_volframyn_guravch_isliin_nootsiin_tootsoond_orson.md
477,deposit,"Ордын нөөцийн тооцоо, үнэлгээ",PROSP,1946,,а.д.каленов,зүүн монголын ховор металлын ордуудын тухай мэдээлэл,эрдэм шинжилгээний ажил,ховор металл,зүүн монгол,"хэ,до,сб,дг","M-49,M-50,L-49,L-50,K-49",436,321,орос,polygon,номенклатур 1:1 000 000 (5 хавтгай),12.0,тийм,100.0,0.93,тийм,0000-0999\0477_1945_StudyReport_1946_ond_Dornod_ekspeditsiin_78_r_angiin_guitsetgesen.md
2896,deposit,"Ордын нөөцийн тооцоо, үнэлгээ",PROSP,1947,,цветков,егүзэр ордын W-Mo-ны нөөцийн тооцоо,нөөцийн тооцоо,"W, Mo",егүзөр орд,сб-230,L-50-XX,454,26,орос,polygon,номенклатур 1:200 000 (1 хавтгай),1.0,үгүй,34.68,57.87,тийм,2000-2999\2896_2024_StudyReport_Eguzer_ordyn_volfram_molibdeny_ordyn_nootsiin_tootsoony_tailan.md
1104,deposit,"Ордын нөөцийн тооцоо, үнэлгээ",PROSP,1954,,в.ф.котик,егүзөрийн ордын нөөцийн тооцооны үр дүнгийн дүгнэлт,нөөцийн тооцоо,W,егүзөр орд,сб-230,L-50-XX,454,15,орос,polygon,номенклатур 1:200 000 (1 хавтгай),1.0,үгүй,34.68,57.87,тийм,1000-1999\1104_1953_StudyReport_Eguzeriin_gyantboldyn_ordyn_jiliin_tailan_balansad_khiisen_dugnelt.md
915,deposit,"Ордын нөөцийн тооцоо, үнэлгээ",PROSP,1955,,в.ф.котик,егүзөрийн ордын урьд.хайгуулын тайлан,урьд.хайгуул,"W, Mo",егүзөр орд,сб-230,L-50-XX,454,213,орос,polygon,номенклатур 1:200 000 (1 хавтгай),1.0,үгүй,34.68,57.87,тийм,0000-0999\0915_1954_StudyReport_Eguzeriin_ordyn_1954_ony_geologi_khaiguulyn_ajil_bolon.md
2891,deposit,"Ордын нөөцийн тооцоо, үнэлгээ",PROSP,1955,,в.ф.котик,егүзэрийн ордын 1955 оны ашиглалтын тайлан,,"W, Mo",егүзөр орд,сб-230,L-50-XX,454,72,орос,polygon,номенклатур 1:200 000 (1 хавтгай),1.0,үгүй,34.68,57.87,тийм,2000-2999\2891_1954_StudyReport_Yuguzeriin_ordyn_1954_ony_ashiglaltyn_tailan.md
2258,deposit,"Ордын нөөцийн тооцоо, үнэлгээ",PROSP,1975,,"т.захай, к.м.сапогова",монголын Мо-ны нөөцийн нэгдсэн баланс (1975.1.1-ний байдлаар),нөөцийн баланс,,"Cu,Mo-ны эрдэнэтийн овоо орд | егүзөр | цагаансуварга | арын нуур | дээд-илүүр",бу-073 | сб-230 | дг-107 | сб-225 | сэ-239,L-48-XXVII | L-50-XX | K-49-I | L-49-XII | M-49-XXV,405401,17,орос,polygon,номенклатур 1:200 000 (5 хавтгай),12.0,үгүй,34.68,11.57,тийм,2000-2999\2258_1974_StudyReport_1975_ony_1_r_saryn_1_nii_baidlaar.md
2261,deposit,"Ордын нөөцийн тооцоо, үнэлгээ",PROSP,1975,,"т.захай, к.м.сапогова",W-ын нөөцийн нэгдсэн баланс (1975.1.1-ний байдлаар),нөөцийн баланс,,нуурын гол | егүзөр | W-ын бүрэнцогт орд | цагаан даваа | онгонхайрхан | түмэнцогт | салаа | нарангийн гол | их хайрхан | чулуун хүрээт,бө-033 | сб-230 | сб-222 | тө-260 | тө-269 | сб-227 | сб-225 | хэ-359 | до-124,M-45-XXIX | L-50-XX | L-49-V | M-48-XXXV | L-48-X | L-49-XII | M-49-XXVI | M-50-XIX,401405,76,орос,polygon,номенклатур 1:200 000 (8 хавтгай),28.0,үгүй,34.68,3.62,тийм,2000-2999\2261_1974_StudyReport_1975_ony_1_r_saryn_1_nii_baidlaarkh.md
2257,deposit,"Ордын нөөцийн тооцоо, үнэлгээ",PROSP,1976,,ю.м.иванова,монголын хүрэн нүүрсний нөөцийн баланс (1976.01.01-ний байдлаар),,,өвдөг худаг | налайх | сайхан овоо | чандган тал | түшлэг | шарын гол | баян-тээг | могойн гол | адуун чулуун | баянцогт,ду-144 | тө-257 | бу-070 | хэ-353 | дг-108 | сэ-241 | өх-187 | хв-340 | до-120 | сб-230,L-49-XIX | L-48-VI | M-48-XXV | L-49-III | L-49-XXVII | M-48-XXIX | L-47-XXIV | M-47-XX | M-50-XXXI | L-50-XX,405401,95,орос,polygon,номенклатур 1:200 000 (10 хавтгай),19.0,үгүй,34.68,5.79,тийм,2000-2999\2257_1976_StudyReport_Chuluun_bolon_khuren_nuursnii_nootsiin_balans_1976_01.md
422,deposit,"Ордын нөөцийн тооцоо, үнэлгээ",PROSP,1943-1944,,"ю.с.желубовский, м.а.анпилов, в.а.чеховский",егүзөрийн ордын нөөцийн тооцоо,хайгуул,W,егүзөр,сб-230,L-50-XX,436,422,орос,polygon,номенклатур 1:200 000 (1 хавтгай),1.0,үгүй,34.68,57.87,тийм,0000-0999\0422_1942_StudyReport_1943_ond_Eguzeriin_gyantbold_molibdeny_ord_deer_khiisen.md
7083,deposit,"Ордын нөөцийн тооцоо, үнэлгээ",PROSP,,,X.Золбоо Ц. Дэдхүү Т. Отгонбаяр М. Санноканцам,Сүхбаатар аймгийн Эрдэнэцагаан сумын нутагт орших Баянцогтын ордын Сайн хөөвөрийн хэсэгт орших 16679 тоот тусгай зөвшөөрлийн ашиглалтын талбайд 2008-2012 омуудад 1 үйцзи гсологи лайгуулшп ажлын ур дүпгинп тайлан.,,,,,,Бадмаараг хаш ХХК,,,polygon,Эрдэнэцагаан сумын нутаг (нэрнээс),2.113,үгүй,100.0,56.53,тийм,7000-7999\7083_2024_StudyReport_7083.md
293,theme,"Сэдэвчилсэн, эрдэм шинжилгээ, мэдээлэл",OTHER,1941,,к.г.вовк,до.аймагт хийсэн эрэл шалгуурын ажлын дун,мэдээ шалгалт,хүлэр | нүүрс | Au,хамардаваа илрэл | матат сум орд | баяншанд орд | шинэ-овоо орд | завсрын худаг илрэл,до-133 | до-125 | сб-226,L-50-V | L-50-VII | L-49-XVI | L-50-III | L-50-IX,436,32,орос,polygon,номенклатур 1:200 000 (5 хавтгай),6.0,үгүй,45.35,5.82,тийм,0000-0999\0293_1941_StudyReport_Dornod_aimagt_khiisen_erel_shalgaltyn_ajlyn_dungiin_tailan.md
2905,theme,"Сэдэвчилсэн, эрдэм шинжилгээ, мэдээлэл",OTHER,1942,,смирнов,егүзэр ордын районы геол.тогтоц ба эрдэсжилтийн тухай мэдээлэл,эрдэм шинжилгээний ажил,,егүзөрийн район,сб-230,L-50-XX,436,65,орос,polygon,номенклатур 1:200 000 (1 хавтгай),1.0,үгүй,34.68,57.87,тийм,2000-2999\2905_1942_StudyReport_Ord_bolon_tuunii_ergen_toiron_dakh_geologi_mineralogiin.md
1042,theme,"Сэдэвчилсэн, эрдэм шинжилгээ, мэдээлэл",OTHER,1944,,барилгын яам,зүүн монголд илрүүлж судалсан ашигт малтмалын ордын лавлах мэдээлэл,мэдээлэл,,Au-ны хөмөл орд | нүүрсний зүүнбулаг орд | Au-ны цагаан чулуут орд | глауберийн давсны зүүн өлзийт орд | хүрэн нүүрсний баянцогт орд,хэ-345 | до-125 | бу-072 | до-130 | сб-230,M-49-XXVII | L-50-VIII | M-48-XIV | M-48-XXXI | L-50-XX,436,117,орос,polygon,номенклатур 1:200 000 (5 хавтгай),14.0,үгүй,34.68,11.57,тийм,1000-1999\1042_1943_StudyReport_1943_ond_geologi_khaiguulyn_Dornod_ekspeditsiin_Zuun_Mongold.md
1044,theme,"Сэдэвчилсэн, эрдэм шинжилгээ, мэдээлэл",OTHER,1944,,в.с.сверчков,сб аймгийн нүүрсний ордуудын тухай товч мэдээлэл,мэдээлэл,,нүүрсний баянцогт орд,сб-230,L-50-XX,436,20,орос,polygon,номенклатур 1:200 000 (1 хавтгай),1.0,үгүй,34.68,57.87,тийм,1000-1999\1044_1943_StudyReport_Sukhbaatar_aimgiin_zarim_nuursnii_orduudyn_tukhai_tovch_medeelel.md
457,theme,"Сэдэвчилсэн, эрдэм шинжилгээ, мэдээлэл",OTHER,1946,,ю.с.желубовский,79-р ангийн жилийн ажлын тайлан,мэдээлэл,,зүүн монгол,,"M-49,M-50,L-49,L-50",436,3,орос,polygon,номенклатур 1:1 000 000 (4 хавтгай),12.0,тийм,100.0,1.16,тийм,0000-0999\0457_1946_StudyReport_79_r_angiin_1946_ony_ajlyn_tovch_tailan.md
484,theme,"Сэдэвчилсэн, эрдэм шинжилгээ, мэдээлэл",OTHER,1946,,р.а.хасин,зүүн монголын гянт болдын ордуудын эрдэсийн химийн найрлагын тухай мэдээлэл,лабор.шинжилгээ,,егүзөр орд | баруунцогт | шархад | түмэнцогт | баянхан | чулуун хороот | зүүнтарцаг гол,сб-230 | сб-222 | хэ-354 | хэ-342 | до-122 | до-124 | хэ-359,,436,11,орос,point,солбицол цэг,0.0,үгүй,0.0,0.0,тийм,0000-0999\0484_1957_StudyReport_Dornod_Mongolyn_gyantboldyn_orduudyn_khimiin_shinj_chanaryn_tukhai.md
499,theme,"Сэдэвчилсэн, эрдэм шинжилгээ, мэдээлэл",OTHER,1948,,"а.х.иванов, н.а.маринов, р.а.хасин",зүүн хойд монголын геол.тогтоцын тухай мэдээлэл,нэгдсэн судалгаа,,зүүн хойд монгол,"хэ,до,сб-222,225","M-49,M-50,L-49,L-50",436,366,орос,polygon,номенклатур 1:1 000 000 (4 хавтгай),12.0,тийм,100.0,1.16,тийм,0000-0999\0499_1947_StudyReport_Zuun_khoid_Mongolyn_geologiin_togtotsyn_tukhai_medeelel.md
863,theme,"Сэдэвчилсэн, эрдэм шинжилгээ, мэдээлэл",OTHER,1948,,"е.н.вишневский, в.п.соколов",егүзөрийн ордын хүдрийн баяжуулалтын технологийг боловсронгуй болгох лабораторийн ажлын тайлан,технолог.шинжилгээ | лабор.шинжилгээ,W,егүзөр орд,сб-230,L-50-XX,436,107,орос,polygon,номенклатур 1:200 000 (1 хавтгай),1.0,үгүй,34.68,57.87,тийм,0000-0999\0863_1950_StudyReport_Eguzoriin_ordyn_khudriin_bayajuulaltyn_tekhnologiig_bolovsrongui_bolgo.md
864,theme,"Сэдэвчилсэн, эрдэм шинжилгээ, мэдээлэл",OTHER,1948,,е.н.вишневский,"W,Mo-ны хүдрийн баяжуулалтыг сайжруулах лабор.шинжилгээний үр дүн",технолог.шинжилгээ,,егүзөр орд,сб-230,L-50-XX,436,96,орос,polygon,номенклатур 1:200 000 (1 хавтгай),1.0,үгүй,34.68,57.87,тийм,0000-0999\0864_1955_StudyReport_Gyantbold_molibdeny_khudriin_bayajuulaltyg_saijruulakh_laboratoryn_shi.md
2893,theme,"Сэдэвчилсэн, эрдэм шинжилгээ, мэдээлэл",OTHER,1948,,а.п.логинов,зүүн монголын ховор металлын шинэ районы тухай мэдээлэл,эрдэм шинжилгээний ажил,W,егүзөр орд | түмэнцогт орд,сб-230 | сб-227,L-50-XX | L-49-XI,436,171,орос,polygon,номенклатур 1:200 000 (2 хавтгай),4.0,үгүй,34.68,28.94,тийм,2000-2999\2893_1948_StudyReport_BNMAU_yn_dornod_kheseg_dekh_khovor_metallyn_shine.md
534,theme,"Сэдэвчилсэн, эрдэм шинжилгээ, мэдээлэл",OTHER,1950,,н.а.маринов,зүүн монголын ховор металлын шинэ районы тухай мэдээлэл,эрдэм шинжилгээний ажил,"W | Мо,W | Sn","W-ын зүүнтарц гол орд | Мо,W-ын егүзөр орд | Sn-ны модот орд | W-ын түмэнцогт орд | W-ын чулуун хороот хүдрийн зангилаа",хэ-359 | сб-230 | хэ-358 | до-124,M-49-XXVI | L-50-XX | L-49-II | L-49-V | M-50-XIX,436,188,орос,polygon,номенклатур 1:200 000 (5 хавтгай),8.0,үгүй,34.68,4.45,тийм,0000-0999\0534_2024_StudyReport_Zuun_mongolyn_khovor_metallyn_shine_raiony_tukhai_medeelel.md
862,theme,"Сэдэвчилсэн, эрдэм шинжилгээ, мэдээлэл",OTHER,1952,,и.н.шоршер,"W,Sn,Mo гаргаж авах баяжуулалтын схем ба югзөрийн ордын хүдэрт хийсэн лабор.шинжилгэээний үр дүн",технолог.шинжилгээ,,егүзөр орд,сб-230,L-50-XX,436,61,орос,polygon,номенклатур 1:200 000 (1 хавтгай),1.0,үгүй,34.68,57.87,тийм,0000-0999\0862_1952_StudyReport_Eguzeriin_ordyn_niilmel_butetstei_khuderiin_neg_sortsyg_bayajuulakh.md
1138,theme,"Сэдэвчилсэн, эрдэм шинжилгээ, мэдээлэл",OTHER,1952,,ж.дүгэрсүрэн,"до аймагт тархсан хужир,шүүний талаархи товч мэдээлэл",мэдээлэл,,до.аймгийн нутаг,до,"M-50, L-50",467,6,орос,polygon,номенклатур 1:1 000 000 (2 хавтгай),8.0,тийм,100.0,2.32,тийм,1000-1999\1138_1952_StudyReport_Dornod_aimagt_tarkhsan_khujir_shuunii_talaarkhi_tovch_medeelel.md
1161,theme,"Сэдэвчилсэн, эрдэм шинжилгээ, мэдээлэл",OTHER,1956,,ж.дүгэрсүрэн,зүүн монголын зарим ашигт малтмалын мэдээлэл,мэдээлэл,гоёл чимэглэлийн чулуу | хужир | W,буурал-уул орд | шар бүрд нуур орд | их хайрхан орд | егүзөр орд,хэ-345 | до-120 | тө-269 | сб-230,M-49-XXXIII | M-50-XXXI | L-48-X | L-50-XX,467,17,орос,polygon,номенклатур 1:200 000 (4 хавтгай),11.0,үгүй,34.68,14.47,тийм,1000-1999\1161_1957_StudyReport_Mongol_orny_zarim_ashigt_maltmalyn_medeelel_gyantbold_molibden.md
1592,theme,"Сэдэвчилсэн, эрдэм шинжилгээ, мэдээлэл",OTHER,1963,,"р.а.хасин, и.и.волчек, лувсанданзан",монголын нутаг дэвсгэрт 1963 онд хийсэн эрдэм шинжилгээний ангийн хээрийн ажлын мэдээлэл,иэдээлэл,,монгол,"хо,за,хэ,до,сб","M-47,L-47,M-48,M-49,L-49,L-50",446,105,орос,polygon,номенклатур 1:1 000 000 (6 хавтгай),24.0,тийм,100.0,0.77,тийм,1000-1999\1592_1965_StudyReport_1963_ony_7_r_saraas_10_r_saryn.md
1969,theme,"Сэдэвчилсэн, эрдэм шинжилгээ, мэдээлэл",OTHER,1970,,"хоролсүрэн, баасанбат",1968-1969 онд хийсэн геол.ажлын судалгааны зургийн эмхтгэл,эрдэм шинжилгээний ажил,,монгол,,"M-46,M-47,M-48,M-49,M-50,L-46,L-47,L-48,L-49,L-50,K-49",405,66,орос,polygon,номенклатур 1:1 000 000 (11 хавтгай),30.0,тийм,100.0,0.42,тийм,1000-1999\1969_1989_StudyReport_1968_1969_ond_khiisen_geologiin_ajlyn_sudalgaany_zurgiin.md
1933,theme,"Сэдэвчилсэн, эрдэм шинжилгээ, мэдээлэл",OTHER,1971,,"г.ф.иванова, р.болд",монголын W-ын ордуудын төрөл ба тэдгээрийн геохимийн шинж чанарын тухай мэдээлэл,геохимийн судалгаа,W,их-нартын хийд хүдрийн зангилаа | түмэнцогтын хүдрийн зангилаа | онгон хайрхан | салаа орд | егүзөрийн хүдрийн зангилаа | арын нуурын хүдрийн зангилаа | чулуун хүрэмт | модотын хүдрийн зангилаа | буянтын хүдрийн зангилаа | их-хайрхан,дг-104 | сб-227 | тө-262 | сб-225 | сб-229 | бу-071 | хэ-358 | хэ-346 | тө-269,L-49-XIX | L-49-V | L-48-X | L-49-XII | L-50-XX | M-48-XXI | L-49-I | L-49-XV,467,421,орос,polygon,номенклатур 1:200 000 (8 хавтгай),12.0,үгүй,34.68,3.86,тийм,1000-1999\1933_1972_StudyReport_Mongolyn_gyantboldyn_ordyn_torol_tedgeeriin_geokhimiin_shinj_sedevt.md
1996,theme,"Сэдэвчилсэн, эрдэм шинжилгээ, мэдээлэл",OTHER,1972,,"д.и.фрих-хар, ж.бадамгарав",MZ2-ийн бялхмал чулуулгийн геол.онцлогийн талаарх эрдэм шинжилгээний ажлын дүгнэлт,эрдэм шинжилгээний ажил,,жаргалант голын район | сэргэлэн сумын район | бэрх сумын район | галшар сумын район | халх голын район | цагаан-овоо сумын район,до-126 | хэ | хэ-347 | до-127 | ду-146,M-50-XXXI-121 | L-49-XV-54 | L-50-V-9 | L-48-XX-88,424,95,орос,polygon,номенклатур 1:200 000 (4 хавтгай),14.0,үгүй,45.35,6.31,тийм,1000-1999\1996_1972_StudyReport_BNMAU_yn_khojuu_mezozoin_effuziv_chuluulagiin_geologiin_zarim.md
1993,theme,"Сэдэвчилсэн, эрдэм шинжилгээ, мэдээлэл",OTHER,1973,,техник экспорт,егүзөр ордын W-Mo хүдрийн баяжуулалтад хийсэн лабор.шинжилгээний үр дүн,лабор.шинжилгээ,W,егүзөр орд,сб-230,L-50-XX-75,445,79,орос,polygon,номенклатур 1:200 000 (1 хавтгай),1.0,үгүй,34.68,57.87,тийм,1000-1999\1993_1973_StudyReport_Yuguzeriin_ordyn_gyantbold_molibdeny_khudriin_bayajuulaltyn_sudalgaany.md
1531,theme,"Сэдэвчилсэн, эрдэм шинжилгээ, мэдээлэл",OTHER,1975,,ч.хоролсүрэн,монгол улсын геол.судалгааны лавлах мэдээлэл,,,монгол,,"M-45,M-46,M-47,M-48,M-49,M-50,L-46,L-47,L-48,L-49,L-50,K-47,K-48,K-49",405,318,орос,polygon,номенклатур 1:1 000 000 (14 хавтгай),36.0,тийм,100.0,0.33,тийм,1000-1999\1531_1977_StudyReport_1970_ony_1_r_saryn_1_ny_baidlaar.md
2106,theme,"Сэдэвчилсэн, эрдэм шинжилгээ, мэдээлэл",OTHER,1975,,ж.сумъяа,монголын давсны нөөцийн тухай мэдээлэл,эрдэм шинжилгээний ажил,,монгол,,"L-16,L-47,L-48,L-49,L-50,M-45,M-46,M-49,M-50",404,345,орос,polygon,номенклатур 1:1 000 000 (8 хавтгай),36.0,тийм,100.0,0.58,тийм,2000-2999\2106_1975_StudyReport_BNMAU_yn_davsny_noots_bayalag.md
3784,theme,"Сэдэвчилсэн, эрдэм шинжилгээ, мэдээлэл",OTHER,1983,,"х.грунер, а.тольке",югүзөрийн ордын Mo-W-ын хүдэрт хийсэн баяжуулалтын шинжилгээний тайлан,лабор.шинжилгээ,"Mo, W",егүзөр орд,сб-230,L-50,423,78,орос,polygon,номенклатур 1:1 000 000 (1 хавтгай),6.0,тийм,100.0,4.64,тийм,3000-3999\3784_1983_StudyReport_Eguzeriin_ordyn_molibden_gyantboldyn_khudriin_tukhai_tailan_BNMAU.md
57,theme,"Сэдэвчилсэн, эрдэм шинжилгээ, мэдээлэл",OTHER,1932-1936,,"н.к.кудрявцева,н.в.глазов,а.д.данилевский бусад",монголын ашигт малтмалын ба үйлдвэрлэлийн хэтийн төлвийн товч мэдээлэл,мэдэээлэл,,монгол,,"M-45,M-46,M-47,M-48,M-49,M-50,L-45,L-46,L-47,L-48,L-49,L-50,K-46,K-47,K-48,K-49",436,112,орос,polygon,номенклатур 1:1 000 000 (16 хавтгай),36.0,тийм,100.0,0.29,тийм,0000-0999\0057_1975_StudyReport_Tsagaansuvarga_Mantakh_Metallogeny.md
1093,theme,"Сэдэвчилсэн, эрдэм шинжилгээ, мэдээлэл",OTHER,?,,ж.дүгэрсүрэн,зүүн монголын зарим ашигт малтмалын тухай товч мэдээлэл,эрдэм шинжилгээний ажил,,нүүрсний зүүнбулаг орд | Au-ны шороон ханийн гол илрэл,до-125 | сб-230,L-50-VIII | L-50-XX,467,7,орос,polygon,номенклатур 1:200 000 (2 хавтгай),2.0,үгүй,34.68,28.94,тийм,1000-1999\1093_1944_StudyReport_Zuun_Mongolyn_zarim_ashigt_maltmalyn_tukhai_tovch_medeelel.md
1713,theme,"Сэдэвчилсэн, эрдэм шинжилгээ, мэдээлэл",OTHER,1947-1950,,з.а.каленов,"зүүн-өмнөд монголын W-ын ордуудын гарал үүсэл,эрдэсжилт ба хэтийн төлвийн тухай мэдээлэл",эрдэм шинжилгээний ажил,W,зүүн-өмнөт монгол | егүзөрийн зангилаа | баруунцогтын зангилаа | түмэнцогтын зангилаа | модотын зангилаа,"тө,хэ,сб | сб-230 | хэ-344 | хэ-358","L-48,L-49 | L-50-XX | L-49-X | L-49-I | L-49-I,II",436,244,орос,polygon,номенклатур 1:200 000 (7 хавтгай),14.0,үгүй,34.68,0.79,тийм,1000-1999\1713_1951_StudyReport_Sedev_586_4_r_tusgai_ekspeditsi_yanz_buriin.md
1738,theme,"Сэдэвчилсэн, эрдэм шинжилгээ, мэдээлэл",OTHER,1963-1967,,"в.а.амантов, ю.а.борзаковский, и.и.волчек","монголын геол.тогтоц,ашигт малтмалын тухай мэдээллийн нэгдсэн дүгнэлт",мэдээлэл,,монгол,,"M-45,M-46,M-47,M-48,M-49,M-50,L-46,L-47,L-48,L-49,L-50,K-47,K-48,K-49",430,5006,орос,polygon,номенклатур 1:1 000 000 (14 хавтгай),36.0,тийм,100.0,0.33,тийм,1000-1999\1738_1965_StudyReport_BNMAU_yn_geologiin_togtots_ba_ashigt_maltmal.md
2323,theme,"Сэдэвчилсэн, эрдэм шинжилгээ, мэдээлэл",OTHER,1973-1974,,"б.амарсайхан, а.готовсүрэн, я.цэдэнбалжир",геохимийн туршилт аргачлалын үр дүнгийн тайлан,лабор.шинжилгээ | лабор.шмнжилгээ,,сүжигтэй | цагаантолгой | егүзөр | хүнгүйт | цагаансуварга | тумэнцогт | ерөө,тө-263 | хв-322 | сб-230 | дг-107 | хв-342 | сэ-239,M-48-XXIX | M-47-XIX | L-50-XX | L-48-XXXVI | L-49-XXXI | L-49-V | M-48-XXIII,417,303,орос,polygon,номенклатур 1:200 000 (7 хавтгай),20.0,үгүй,34.68,4.13,тийм,2000-2999\2323_1975_StudyReport_Geokhimiin_angiin_1973_1974_ony_khoorondokh_geokhimiin_turshilt.md
3362,theme,"Сэдэвчилсэн, эрдэм шинжилгээ, мэдээлэл",OTHER,1978-1980,,"иентхен, вухер, зауерберг",зүүн монголын металлогений бүсэд хийсэн эрдэм шинжилгээний тайлан,сэдэвчилсэн судалгаа,металл,зүүн монгол,"сб-225,231,229","L-49-XII,XVIII,L-50-VII,XIII",423,455,орос,polygon,номенклатур 1:200 000 (4 хавтгай),2.0,үгүй,9.59,4.0,тийм,3000-3999\3362_1980_StudyReport_Erdem_shinjilgeenii_khamtyn_ajillagaany_2_r_shuud_sedviin.md
3677,theme,"Сэдэвчилсэн, эрдэм шинжилгээ, мэдээлэл",OTHER,1976-1980,,ж.бадамгарав,"төв ба баруун монголын хайлуур жоншны ордын зүй тогтол, байршил ба MZ-ийн структурын шинж чанар сэдэвт эрдэм шинжилгээний ажлын тайлан",эрдэм шинжилгээний ажил,хайлуур жонш,"төв ба баруун монгол | төв, зүүн монгол","бу,сэ,тө,хэ,до,сб","M-48,M-49,M-50,L-48,L-49,L-50",467,185,орос,polygon,номенклатур 1:1 000 000 (6 хавтгай),18.0,тийм,100.0,0.77,тийм,3000-3999\3677_1981_StudyReport_1976_1980_onuudad_guitsetgesen_Tov_ba_Dornod_Mongolyn.md
