source_file,record_type,sample_id,lab_tag,drillhole_id,depth_m,depth_from_m,depth_to_m,sample_type,rock_name,rock_name_original,texture,minerals,alteration,mineralization,description_summary,analyst_or_lab,report_date
Петрограф008.docx,petrographic_description,OVD008-27.3,41028,OVD008,27.3,,,polished thin section (ӨТШ),Porphyritic fine-grained pyroxene-hornblende gabbro (altered gabbro porphyry),Шигтгээ маягийн жижиг ширхэгтэй пироксен эвэр хуурмагт габбро (Хувирсан габбро порфир),"Структур: невадит шигтгээлэг; үндсэн хэсэг субофитлог, пойкилоофитлог, призмлэг мөхлөгт. Текстур: цул нягт. Мөхлөг: шигтгээ 1.0-7.0 мм, үндсэн хэсэг 0.1-0.8 мм",хувирсан плагиоклаз:55-60; эвэр хуурмаг:35-40; моноклин пироксен:цөөн; биотит:цөөн; кварц:цөөн; гётит:цөөн; пирит:ганц нэг,"серицит, мусковит, соссюрит, хлорит, актинолит, карбонат; биотит хлоритжсон","Гётит-гидрогётит; гётит 0.05-0.3 мм шигтгээлэг мөхлөг, дотор нь ганц нэг бичил пирит","Эвэр хуурмагийн шигтгээлэг ялгарлууд (60-65%) болон плагиоклаз, эвэр хуурмаг, цөөн мон.пироксен, кварцаас тогтсон офитлог, пойкилоофитлог үндсэн хэсгээс бүрдэнэ. Плагиоклаз нь дундлаг-суурилаг найрлагатай, серицит, мусковит, карбонат, соссюритад хүчтэй хувирсан. Ойсон гэрэлд гётитын цөөн мөхлөгүүд өнгөт эрдсүүдтэй ассоциаци үүсгэн тодорхойлогдсон.",not stated in document (Khanlab per ABM 'Suggested Petro for the Oval 2024' list),
Петрограф008.docx,petrographic_description,OVD008-39.5,41032,OVD008,39.5,,,polished thin section (ӨТШ),Altered porphyritic fine-grained pyroxene-hornblende melanocratic gabbro (altered melanocratic gabbro porphyry),Хувирсан шигтгээ маягийн жижиг ширхэгтэй пироксен эвэр хуурмагт меланократ габбро (Хувирсан меланократ габбро порфир),"Структур: невадит шигтгээлэг; үндсэн хэсэг субофитлог, пойкилоофитлог, призмлэг мөхлөгт. Текстур: цул нягт. Мөхлөг: шигтгээ 1.0-6.0 мм, үндсэн хэсэг 0.1-0.8 мм",хувирсан плагиоклаз:30-35; эвэр хуурмаг:50-55; моноклин пироксен:10-15; биотит:1-3; пирит:цөөн; халькопирит:цөөн; пирротин:цөөн; ильменит:цөөн; магнетит:цөөн,"серицит, мусковит, соссюрит, хлорит, актинолит, карбонат; ромбо пироксеноор үүссэн актинолит(+тальк) псевдоморфозууд",Ильменит - пирит - пирротин - халькопирит; шигтгээлэг бичил мөхлөгүүд; халькопирит (0.01-0.05 мм) пирротины шигтгээг эмжээрлэнэ; магнетит хааяа гематитжсэн,"OVD008-27.3 дээжтэй ижилхэн: эвэр хуурмагийн шигтгээлэг ялгарлууд (60-65%) невадит бүтэцтэй, үндсэн хэсэг нь офитлог, пойкилоофитлог. Зарим шигтгээ актинолитын зүүлэг агрегатад (тальктай) бүрэн хувирсан ромбо пироксены псевдоморфоз бололтой. Хүдрийн эрдсээс магнетит, ильменит, пирротин, халькопирит, пиритын цөөн бичил шигтгээлэг мөхлөгүүд өнгөт эрдсүүдтэй ассоциацитай.",not stated in document (Khanlab per ABM 'Suggested Petro for the Oval 2024' list),
Петрограф008.docx,petrographic_description,OVD008-40.1,41013,OVD008,40.1,,,polished thin section (ӨТШ),Strongly metasomatically altered gabbrodiorite porphyry,Метасоматозоор хүчтэй хувирсан габбродиорит порфир,"Структур: реликт шигтгээлэг; үндсэн хэсэг бичил реликт призмлэг мөхлөгт, микрогранонематобласт. Текстур: цул нягт, линзлэг, судлархаг. Мөхлөг: реликт шигтгээ 1.0-2.0 мм, үндсэн хэсэг 0.05-0.2 мм",хувирсан плагиоклаз:30-35; хувирсан эвэр хуурмаг:30-35; пирит:0.5; ильменит:0.5; халькопирит:цөөн; сфен:цөөн,"серицит, пелит, актинолит, эпидот, хлорит, лейкоксен; эпигенетик: кварц, эпидот; серицит-эпидот-хлорит-актинолитот бичил үе, зурвасууд",Ильменит - пирит - халькопирит; бичил шигтгээлэг мөхлөгүүд хлорит-актинолит псевдоморфозтой ассоциацитай; эпидот-альбит-кварцын 0.01-0.1 мм судлууд дунд ч хүдрийн эрдэс үүссэн,"Габбродиорит порфир метасоматоз хувиралд хүчтэй өртөж, эвэр хуурмагийн шигтгээ актинолитод, үндсэн хэсгийн плагиоклаз болон эвэр хуурмаг серицит-эпидот-хлорит-актинолитот агрегатад хувирсан. Хүдрийн эрдсээс ильменит, халькопирит, пиритын бичил шигтгээлэг мөхлөгүүд тодорхойлогдож, пирит заримдаа бичил линз үүсгэн бөөгнөрсөн.",not stated in document (Khanlab per ABM 'Suggested Petro for the Oval 2024' list),
Петрограф008.docx,petrographic_description,OVD008-60.3,41029,OVD008,60.3,,,polished thin section (ӨТШ),Porphyritic fine-grained pyroxene-hornblende melanocratic gabbro (altered melanocratic gabbro porphyry),Шигтгээ маягийн жижиг ширхэгтэй пироксен-эвэр хуурмагт меланократ габбро (Хувирсан меланократ габбро порфир),"Структур: невадит шигтгээлэг; үндсэн хэсэг субофитлог, пойкилоофитлог, призмлэг мөхлөгт. Текстур: цул нягт. Мөхлөг: шигтгээ 1.0-6.0 мм, үндсэн хэсэг 0.1-0.7 мм",хувирсан плагиоклаз:30-35; эвэр хуурмаг:45-50; моноклин пироксен:15-20; биотит:цөөн; кварц:цөөн; пирит:цөөн; халькопирит:цөөн; пирротин:ганц нэг; ильменит:цөөн; магнетит:цөөн,"серицит, соссюрит, хлорит, актинолит, тальк; ромбо пироксены актинолит+талькийн бүрэн псевдоморфозууд (1.0-5.0 мм)",Магнетит - ильменит - пирит - пирротин - халькопирит; цөөн бичил шигтгээлэг мөхлөгүүд; халькопирит пирротиныг эмжээрлэнэ,"OVD008-39.5-тай ижил төстэй: эвэр хуурмагийн шигтгээлэг ялгарлууд (55-60%) болон офитлог, пойкилоофитлог үндсэн хэсэг. Актинолит, талькэд бүрэн хувирсан ромбо пироксены псевдоморфоз шигтгээнүүд цөөнгүй. Хүдрийн эрдсүүд шигтгээ байдлаар өнгөт эрдсүүдтэй ассоциаци үүсгэсэн.",not stated in document (Khanlab per ABM 'Suggested Petro for the Oval 2024' list),
Петрограф008.docx,petrographic_description,OVD008-88.9,41030,OVD008,88.9,,,polished thin section (ӨТШ),Porphyritic fine-grained pyroxene-hornblende gabbro (altered gabbro porphyry),Шигтгээ маягийн жижиг ширхэгтэй пироксен-эвэр хуурмагт габбро (Хувирсан габбро порфир),"Структур: невадит шигтгээлэг; үндсэн хэсэг субофитлог, пойкилоофитлог, призмлэг мөхлөгт. Текстур: цул нягт. Мөхлөг: шигтгээ 1.0-5.0 мм, үндсэн хэсэг 0.1-0.9 мм",хувирсан плагиоклаз:40-45; эвэр хуурмаг:35-40; пироксен:15-20; биотит:1-3; пирит:цөөн; халькопирит:цөөн; пирротин:ганц нэг; ильменит:цөөн; магнетит:цөөн,"серицит, эпидот, хлорит, актинолит, тальк, карбонат; эпигенетик: альбит, кварц; хлорит-актинолит(+тальк) псевдоморфозууд 2.0-4.0 мм","Магнетит - ильменит - пирит - халькопирит; жижиг ширхэгтэй мөхлөгүүд өнгөт эрдсүүдтэй ассоциаци, ургалт үүсгэсэн; халькопирит ильмениттэй ассоциацитай","Хувирсан мон.пироксен, эвэр хуурмагийн шигтгээлэг ялгарлууд (60-65%) болон плагиоклаз, эвэр хуурмаг, цөөн мон.пироксен, биотитоос тогтсон офитлог, пойкилоофитлог үндсэн хэсэг. Пироксеноор үүссэн хлорит-актинолитын псевдоморфозууд эвэр хуурмагаар түрэгдсэн. Хүдрийн эрдсээс магнетит, ильменит, халькопирит, пиритын жижиг мөхлөгүүд тодорхойлогдсон.",not stated in document (Khanlab per ABM 'Suggested Petro for the Oval 2024' list),
Петрограф008.docx,petrographic_description,OVD008-90.5,41024,OVD008,90.5,,,polished thin section (ӨТШ),Strongly mineralized quartz diorite porphyry (andesite-dacite),Хүчтэй хүдэржсэн кварцат диорит порфир (Андезит дацит),"Структур: шигтгээлэг; үндсэн хэсэг бичил гипидиоморфлог. Текстур: цул нягт. Мөхлөг: шигтгээ 0.2-0.7 мм, үндсэн хэсэг 0.02-0.1 мм",хувирсан плагиоклаз:75-80; хувирсан биотит:10-15; кварц:5-10; титанит:цөөн; халькопирит:8-10; магнетит:0.5-1.0; пирит:1-3; пирротин:3-5,"серицит, пелит, хлорит, мусковит, эпидот; эпигенетик: кварц, карбонат; биотит мусковит-хлоритод бүрэн хувирсан",Магнетит - пирит - пирротин - халькопирит; халькопирит жигд тархсан шигтгээ + кварц-карбонатын судлын дагуух пирит-халькопиритын судлууд (0.05-0.2 мм); пирит-халькопирит-пирротины линзүүд 2.5-3.0 мм; хүдрийн судал линзийн өргөн 0.5-25.0 мм,"Хувирсан биотитын бичил шигтгээнүүд (5-10%) болон плагиоклаз, биотит, кварцаас тогтсон бичил гипидиоморфлог үндсэн хэсэгтэй, талсжилт муутай (дацит-андезит гэж ч нэрлэж болно). Чулуу хүдэржилтэнд хүчтэй өртөж, хүдрийн эрдсүүд жигд тархсан шигтгээ, кварц-карбонатын судлын дагуух судал, линзээр үүссэн. Ойсон гэрэлд магнетит, пирит, халькопирит, пирротин тодорхойлогдлоо.",not stated in document (Khanlab per ABM 'Suggested Petro for the Oval 2024' list),
Петрограф008.docx,petrographic_description,OVD007-50.0,41011,OVD007,50.0,,,polished thin section (ӨТШ),Mineralized fine- to medium-grained hornblende-pyroxene melanocratic gabbro (peridotite?),Хүдэржсэн жижиг дунд ширхэгтэй эвэр хуурмаг-пироксент меланократ габбро (перидотит?),"Структур: панидиоморфлог, пойкилоофитлог, пойкилитлог. Текстур: цул нягт. Мөхлөг: 0.4-4.0 мм",хувирсан пироксен (ромбо ба моноклин):55-60; эвэр хуурмаг:15-20; хувирсан плагиоклаз:10; хувирсан оливин:5-10; биотит:3-5; халькопирит:1-3; пирротин:5-8; ильменит:цөөн; магнетит:3-5; пентландит:цөөн; хромит:цөөн,"серицит, карбонат, хлорит, актинолит, серпентин, тальк?; оливин, ромбо пироксен серпентины судлуудаар зүсэгдсэн, торлог бүтэцтэй",Магнетит - ильменит - хромит - пентландит - пирротин - халькопирит; пентландит-пирротин-халькопиритын ургалтаас тогтсон линзүүд чулууны 20-25%-ийг эзэлнэ (1.0-6.0 мм); халькопирит пирротиныг түрж эмжээрлэсэн; магнетит серпентины судланцрын дагуу бичил судлууд үүсгэнэ,"Хувирсан пироксен (ромбо ба мон.), эвэр хуурмаг, хувирсан оливин, бага плагиоклаз, биотитоос тогтоно. Хүчтэй хүдэржилтэд өртсөний улмаас пентландит-пирротин-халькопиритын линзүүд (чулууны 20-25%) жигд тархсан. Пирротин линз дотор зонхилж, захаасаа халькопиритээр эмжээрлэгдэж, дунд нь цөөн пентландит агуулагдана.",not stated in document (Khanlab per ABM 'Suggested Petro for the Oval 2024' list),
Петрограф008.docx,petrographic_description,OVD007-55.9,41031,OVD007,55.9,,,polished thin section (ӨТШ),Porphyritic fine-grained pyroxene-hornblende gabbro (altered gabbro porphyry),Шигтгээ маягийн жижиг ширхэгтэй пироксен-эвэр хуурмагт габбро (Хувирсан габбро порфир),"Структур: невадит шигтгээлэг; үндсэн хэсэг субофитлог, пойкилоофитлог, призмлэг мөхлөгт. Текстур: цул нягт. Мөхлөг: шигтгээ 1.0-7.5 мм, үндсэн хэсэг 0.1-0.9 мм",хувирсан плагиоклаз:40-45; эвэр хуурмаг:40-45; моноклин пироксен:10-15; биотит:1-3; пирит:цөөн; хромит:цөөн; ильменит:цөөн; магнетит:цөөн,"серицит, соссюрит, эпидот, хлорит, актинолит, тальк, карбонат; хлорит-актинолит(+тальк) бүрэн псевдоморфозууд 2.0-5.0 мм",Магнетит - ильменит - пирит; цөөн шигтгээлэг мөхлөгүүд өнгөт эрдсүүдтэй ассоциацитай,"OVD008-88.9-тэй ерөнхийдөө ижилхэн: эвэр хуурмагийн шигтгээлэг ялгарлууд (60-65%) болон офитлог, пойкилоофитлог үндсэн хэсэг. Пироксеноор үүссэн хлорит-актинолитын псевдоморфозууд эвэр хуурмагаар түрэгдсэн. Хүдрийн эрдсээс магнетит, ильменит, пиритын цөөн шигтгээлэг мөхлөг тодорхойлогдлоо.",not stated in document (Khanlab per ABM 'Suggested Petro for the Oval 2024' list),
Петрограф008.docx,petrographic_description,OVD007-58.2,41025,OVD007,58.2,,,polished thin section (ӨТШ),Altered melanocratic microgabbro (with lenses/bands of porphyritic melanocratic gabbronorite),Хувирсан меланократ микрогаббро,"Структур: бичил панидиоморфлог, пойкилоофитлог. Текстур: линзлэг, зурваслаг. Мөхлөг: 0.1-0.5 мм",моноклин пироксен:40-45; хувирсан плагиоклаз:40-45; эвэр хуурмаг:10-15; пирит:цөөн; халькопирит:1-3; пирротин:1-3; ильменит:цөөн; сфен:цөөн; магнетит:цөөн,"соссюрит, серицит, эпидот, хлорит, актинолит; эпигенетик: хлорит, эпидот; плагиоклаз соссюритад бүрэн хувирсан","Магнетит - ильменит - пирит - пирротин - халькопирит; хүдрийн линз, судлууд (0.3-6.0 мм) карбонат-эпидот-хлорит-актинолитын линз дотор; пирротин зонхилно (0.8-5.0 мм), халькопирит түүнийг түрж эмжээрлэнэ","Мөхлөгийн хэмжээ, эрдэслэг бүрэлдэхүүнээрээ ялгаатай 2 хэсгээс бүрдэнэ: зонхилох жижиг ширхэгтэй хувирсан меланократ микрогаббронорит болон 35-40%-ийг эзлэх шигтгээ маягийн меланократ габброноритын линз, зурвасууд. Хүдэржилтэд өртөж, хүдрийн эрдсийн бичил шигтгээ болон пирит-халькопирит-пирротины линз, судлууд аль алинд нь үүссэн.",not stated in document (Khanlab per ABM 'Suggested Petro for the Oval 2024' list),
Петрограф008.docx,petrographic_description,OVD007-87.8,41026,OVD007,87.8,,,polished thin section (ӨТШ),Altered gabbro porphyry,Хувирсан габбро порфир,"Структур: шигтгээлэг; үндсэн хэсэг субофитлог, пойкилоофитлог, призмлэг мөхлөгт. Текстур: цул нягт. Мөхлөг: шигтгээ 0.8-1.2 мм, үндсэн хэсэг 0.1-0.8 мм",хувирсан плагиоклаз:55-60; эвэр хуурмаг:35-40; моноклин пироксен:цөөн; биотит:5-8; кварц:1-3; пирит:ганц нэг; халькопирит:цөөн; ильменит:0.5; магнетит:цөөн,"серицит, мусковит, пелит, хлорит, актинолит, карбонат; серицит(тальк?)-хлорит-актинолитын псевдоморфозууд (0.2-0.4 мм, пироксеноор үүссэн байх магадлалтай)","Ильменит - магнетит - пирит - халькопирит; бичил цөөн мөхлөгүүд эвэр хуурмаг, биотиттой ассоциацитай","Эвэр хуурмагийн цөөн шигтгээ болон плагиоклаз, эвэр хуурмаг, биотит, кварцаас тогтсон офитлог, пойкилоофитлог, призмлэг мөхлөгт үндсэн хэсгээс бүрдэнэ. Плагиоклаз дундлаг-суурилаг найрлагатай, серицит, карбонат, хлорит, пелитэд хүчтэй хувирсан. Хүдрийн эрдсээс ильменит, магнетит, пирит, халькопиритын бичил цөөн мөхлөг тодорхойлогдсон.",not stated in document (Khanlab per ABM 'Suggested Petro for the Oval 2024' list),
Петрограф008.docx,petrographic_description,OVD003-155.3,41012,OVD003,155.3,,,polished thin section (ӨТШ),Porphyritic fine-grained pyroxene-hornblende gabbro (altered gabbro porphyry),Шигтгээ маягийн жижиг ширхэгтэй пироксен-эвэр хуурмагт габбро (Хувирсан габбро порфир),"Структур: невадит шигтгээлэг; үндсэн хэсэг субофитлог, пойкилоофитлог, призмлэг мөхлөгт. Текстур: цул нягт. Мөхлөг: шигтгээ 1.0-5.0 мм, үндсэн хэсэг 0.1-0.9 мм",хувирсан плагиоклаз:45-50; эвэр хуурмаг:35-40; моноклин пироксен:5-10; биотит:1-3; пирит:цөөн; хромит:ганц нэг; ильменит:цөөн; халькопирит:0.5; магнетит:цөөн; пентландит:цөөн,"серицит, хлорит, актинолит, карбонат, тальк; актинолит(+серпентин төст, тальк) бүрэн псевдоморфозууд 1.0-5.0 мм (ромбо пироксеноор үүссэн байх магадлалтай)","Магнетит - ильменит - пирит - халькопирит; шигтгээлэг мөхлөгүүд ба пирит (0.05-2.0 мм), халькопиритын (0.5-2.5 мм) линзлэг бөөгнөрөлүүд (0.8-2.5 мм); нүдээр хүдрийн линз багагүй харагдана","OVD008-88.9, OVD007-55.9 дээжүүдтэй ижил төстэй: эвэр хуурмагийн шигтгээлэг ялгарлууд (50-55%) болон офитлог, пойкилоофитлог үндсэн хэсэг. Ромбо пироксеноор үүссэн бүрэн псевдоморфозууд энэ төрлийн бараг бүх дээжид ажиглагдана. Хүдрийн эрдсээс ильменит, магнетит, халькопирит, пирит тодорхойлогдож, заримдаа 0.8-2.5 мм линзлэг бөөгнөрөл үүсгэнэ; шлиф хүдрийн эрдэс багатай хэсгээс орсон байна.",not stated in document (Khanlab per ABM 'Suggested Petro for the Oval 2024' list),
Петрограф008.docx,petrographic_description,OVD005-13.4,41027,OVD005,13.4,,,polished thin section (ӨТШ),Fine- to medium-grained olivine-hornblende-pyroxene peridotite,Жижиг-дунд ширхэгтэй оливин-эвэр хуурмаг-пироксент перидотит,"Структур: панидиоморфлог, пойкилоофитлог. Текстур: цул нягт. Мөхлөг: 0.6-6.0 мм",эвэр хуурмаг:35-40; пироксен (ромбо ба моноклин):35-40; хувирсан оливин:5-10; биотит:5-7; хувирсан плагиоклаз:цөөн; магнетит:3-5; ильменит:цөөн; хромит:цөөн,"иддингсит?, серпентин, хлорит, актинолит, брусит, тальк, гидрогётит; эпигенетик: карбонат; ромбо пироксен гидрогётитийн тоосонцроор баяжиж улаан хүрэн өнгөтэй болсон; карбонатын судланцрууд 0.01-0.1 мм",Ильменит - хромит - магнетит; магнетит шигтгээлэг мөхлөг (0.1-0.3 мм) болон серпентины судланцрын дагуух тасархай бичил судлууд; сульфид тэмдэглэгдээгүй,"Хувирсан пироксен (ромбо, мон.), эвэр хуурмаг, бага хувирсан оливин, плагиоклаз, биотитоос бүрдэнэ. Ромбо пироксен хүчтэй хувирч серпентины судлуудаар зүсэгдэн, брусит, тальк, актинолитоор түрэгдсэн; оливинд торлог бичил бүтэц үүссэн. Ойсон гэрэлд ильменит, магнетит, хромит тодорхойлогдсон.",not stated in document (Khanlab per ABM 'Suggested Petro for the Oval 2024' list),
AM_ThinSectionMongolia_Report_2024.pdf,petrographic_description,TS-2 (ТЦ-2),,,,,,polished thin section (өнгөлсөн тунгалаг шлиф),Altered andesite,Хувирсан андезит,"Структур: цул. Текстур: порфирлог, урсгал. Мөхлөг: үндсэн хэсэг <0.1 мм, шигтгээ 2 мм хүртэл",плагиоклаз (шигтгээ):55-60; өнгөт эрдсийн псевдоморф:10-15; үндсэн хэсэг:20-25; титанит:<1; циркон:<1; гематит:<1; хүдрийн эрдэс:<1,плагиоклаз эпидотжсон; өнгөт эрдэс хлоритод бүрэн хувирсан,гематит ба тодорхойлогдоогүй хүдрийн эрдэс (<1%),"Их хэмжээний фенокрист (65-75%) болон далд ширхэгт галт уулын шил, плагиоклазын микролит, багавтар кварцаас тогтсон үндсэн хэсэгтэй (20-25%). Плагиоклазын фенокристууд полисинтет ихэрлэлттэй, хэсэгчлэн эпидотжсон; өнгөт эрдсийн псевдоморфууд хлоритод бүрэн хувирсан.","ThinSection Mongolia LLC (Dr. T.Oyunchimeg PhD, Dr. B.Enkhjargal PhD, Dr. B.Dolzodmaa PhD); client: Aventura Minerals LLC",2024-05-09
AM_ThinSectionMongolia_Report_2024.pdf,petrographic_description,TS-3 (ТЦ-3),,,,,,polished thin section (өнгөлсөн тунгалаг шлиф),Quartz-bearing amphibolite,Кварц агуулсан амфиболит,Структур: цул. Текстур: толболог. Мөхлөг: 0.5-1 мм,эвэрхуурмаг:65-70; плагиоклаз:15-20; кварц:5-10; апатит:<1; хүдрийн эрдэс:<1,эвэрхуурмаг хэсэгчлэн актинолитод хувирсан,зөв хэлбэртэй хүдрийн эрдсийн цөөн мөхлөг (0.05 мм хүртэл) эвэрхуурмагтай хамааралтай,"Жижиг мөхлөгт кварц агуулсан амфиболит; зонхилох эвэрхуурмаг, багавтар плагиоклаз, кварцаас бүрдэнэ. Эвэрхуурмаг цайвар ногоон өнгөтэй нь бага температурын фацыг илэрхийлж байна.","ThinSection Mongolia LLC (Dr. T.Oyunchimeg PhD, Dr. B.Enkhjargal PhD, Dr. B.Dolzodmaa PhD); client: Aventura Minerals LLC",2024-05-09
AM_ThinSectionMongolia_Report_2024.pdf,petrographic_description,TS-4 (ТЦ-4),,,,,,polished thin section (өнгөлсөн тунгалаг шлиф),Altered andesite,Хувирсан андезит,"Структур: порфирлог, микролитлог. Текстур: цул нягт. Мөхлөг: порфир 0.5-1.0 мм, үндсэн хэсэг 0.1-0.3 мм",плагиоклаз:60-65; галт уулын шил:20-25; хувирсан эвэр хуурмаг:10-15; кварц:0-5; апатит; хүдрийн эрдэс,"серицит, карбонат (плагиоклаз); хлорит (эвэр хуурмаг, галт уулын шил); хоёрдогч хлорит, карбонат, серицит","үндсэн хэсэгт зөв бус, изометрлэг хэлбэртэй хүдрийн эрдсүүд (акцессор)",Плагиоклазын порфир шигтгээ (10-15%) болон микролитлог үндсэн хэсгээс (85-90%) тогтоно. Галт уулын шил хлорит болон хүдрийн бичил агрегатад бүрэн задран хувирсан; эвэр хуурмаг хлоритоор бүрэн түрэгдсэн ч хэлбэрээ хадгалсан.,"ThinSection Mongolia LLC (Dr. T.Oyunchimeg PhD, Dr. B.Enkhjargal PhD, Dr. B.Dolzodmaa PhD); client: Aventura Minerals LLC",2024-05-09
AM_ThinSectionMongolia_Report_2024.pdf,petrographic_description,TS-5 (ТЦ-5),,,,,,polished thin section (өнгөлсөн тунгалаг шлиф),Carbonate-altered basalt,Карбонатжиж хувирсан базальт,Структур: афирлаг. Текстур: цул нягт. Мөхлөг: 0.5-1.0 мм,плагиоклаз:65-70; клинопироксен (авгит):20-25; эвэр хуурмаг:10-15; галт уулын шил; хүдрийн эрдэс:5-10,"серицит, эпидот (плагиоклаз); хлорит (эвэр хуурмаг, шил); хоёрдогч хлорит, актинолит, эпидот, серицит; эрчимтэй карбонатын хувирал","хүдрийн эрдсийн жижиг мөхлөгүүд үндсэн хэсэгт жигд тархацтай, элбэг (5-10%)","Эмх замбараагүй байрласан плагиоклазын лейст, призмлэг клинопироксен (авгит, CNg=38-40°), хувирсан эвэр хуурмаг, хлоритжсон галт уулын шилээс тогтоно. Базальтад карбонатын хувирал эрчимтэй тогтоогдоно.","ThinSection Mongolia LLC (Dr. T.Oyunchimeg PhD, Dr. B.Enkhjargal PhD, Dr. B.Dolzodmaa PhD); client: Aventura Minerals LLC",2024-05-09
AM_ThinSectionMongolia_Report_2024.pdf,petrographic_description,TS-6 (ТЦ-6),,,,,,polished thin section (өнгөлсөн тунгалаг шлиф),Felsic (acid) subvolcanic rock,Хүчиллэг найрлагатай субвулканит,"Структур: цул. Текстур: порфирлог. Мөхлөг: үндсэн хэсэг <0.05 мм, шигтгээ 1 мм хүртэл",плагиоклаз (шигтгээ):10-15; калийн хээрийн жонш (шигтгээ):10-15; кварц (шигтгээ):10-15; мусковит:0-5; үндсэн хэсэг:45-50,"плагиоклаз сулавтар серицитжсэн; КХЖ хэсэгчлэн карбонат, шаварлаг хувиралд автсан",,"Плагиоклаз, калийн хээрийн жонш, кварц, мусковитын фенокристууд болон кварц-КХЖ-плагиоклаз-серицитийн жижиг мөхлөгт үндсэн хэсгээс тогтоно. Энгийн нүдээр улбар шаргал өнгөтэй, фенокристууд ялгаран харагдана.","ThinSection Mongolia LLC (Dr. T.Oyunchimeg PhD, Dr. B.Enkhjargal PhD, Dr. B.Dolzodmaa PhD); client: Aventura Minerals LLC",2024-05-09
AM_ThinSectionMongolia_Report_2024.pdf,petrographic_description,TS-7 (ТЦ-7),,,,,,polished thin section (өнгөлсөн тунгалаг шлиф),Rhyolite porphyry (dacite porphyry in fig. captions),Риолит порфир,"Структур: порфирлог, гломеропорфирлог; үндсэн хэсэг фельзитлэг, гранофирлог. Текстур: цул нягт. Мөхлөг: порфир 0.5-3.75 мм, үндсэн хэсэг 0.02-0.2 мм",плагиоклаз (олигоклаз №27-29):35-40; калийн хээрийн жонш:20-25; кварц:20-25; биотит:10-15; апатит; хүдрийн эрдэс,"пелит, серицит, карбонат (плагиоклаз); пелит (КХЖ); серицит, хлорит, мусковит, төмрийн усан исэл (биотит)","акцессор хүдрийн эрдэс — зөв бус, изометрлэг, тэгш өнцөгт хэлбэртэй","Хувирсан өнгөт эрдэс, плагиоклаз, КХЖ, кварцын порфирууд (35-40%) болон фельзитлэг, бичил мөхлөгт үндсэн хэсгээс (60-65%) тогтоно; кварц-КХЖ гранофир ургалттай. Биотит төмрийн усан исэл ялгаруулан мусковит, хлоритоор эрчимтэй түрэгдсэн; КХЖ гломеропорфирлог бөөгнөрөл үүсгэнэ.","ThinSection Mongolia LLC (Dr. T.Oyunchimeg PhD, Dr. B.Enkhjargal PhD, Dr. B.Dolzodmaa PhD); client: Aventura Minerals LLC",2024-05-09
AM_ThinSectionMongolia_Report_2024.pdf,petrographic_description,Дээж-2,,,,,,polished thin section (өнгөлсөн тунгалаг шлиф),Phyllite,Филлит,"Структур: филлитлэг, цементийн төрөл базаль; цул. Текстур: сулавтар занарлаг; хүдрийн эрдэс шигтгээлэг, толболог. Мөхлөг: 0.1 мм (хүдрийн эрдэс 1 мм хүртэл)",цемент (нийт):75-80; шаварлаг эрдэс (цементэд):50-55; серицит (цементэд):10-15; карбонат (цементэд):5-10; хлорит (цементэд):25-30; хэмхдэс (нийт):20-25; кварц (хэмхдэст):40-45; плагиоклаз (хэмхдэст):5-10; серицит (хэмхдэст):30-35; халькопирит:0-5; гётит:5-10,"серицит, хлорит, карбонатын хувирал; лейкоксен занаржилтын үеийн дагуу","халькопирит үелэлийн дагуу 1 мм хүртэл шигтгээлэг, толболог мөхлөг; захаасаа гётитод хэсэгчлэн түрэгдсэн; гётит толболог, түрэлтийн текстуртай","Их хэмжээний хувирсан цемент (75-80%) болон багавтар хэмхдэсээс тогтоно. Цемент нь шаварлаг эрдэс, кварц, серицит-хлоритын ялтас, лейкоксентэй; хлорит-серицитийн хайрсууд сулавтар занарлаг текстур үүсгэнэ. Халькопирит үелэлийн дагуу тааралдаж, захаасаа гётитод түрэгдсэн.","ThinSection Mongolia LLC (Dr. T.Oyunchimeg PhD, Dr. B.Enkhjargal PhD, Dr. B.Dolzodmaa PhD); client: Aventura Minerals LLC",2024-05-09
AM_ThinSectionMongolia_Report_2024.pdf,petrographic_description,Дээж-3,,,,,,polished thin section (өнгөлсөн тунгалаг шлиф),Phyllite,Филлит,"Структур: филлитлэг, цементийн төрөл базаль; цул. Текстур: сулавтар занарлаг; хүдрийн эрдэс шигтгээлэг, толболог. Мөхлөг: 0.2 мм (хүдрийн эрдэс 1.2 мм хүртэл)",цемент (нийт):65-70; шаварлаг эрдэс (цементэд):50-55; серицит (цементэд):10-15; карбонат (цементэд):10-15; хлорит (цементэд):20-25; хэмхдэс (нийт):30-35; кварц (хэмхдэст):40-45; плагиоклаз (хэмхдэст):0-5; серицит (хэмхдэст):30-35; халькопирит:0-5; гётит:10-15,"серицит, хлорит, карбонатын хувирал; лейкоксен занаржилтын үеийн дагуу","халькопирит үелэлийн дагуу 1.2 мм хүртэл шигтгээлэг мөхлөг, захаасаа гётитод түрэгдсэн; гётит түрэлтийн болон толболог текстуртай, халькопиритыг түрж хоёрдогчоор үүссэн",Хувирсан цемент (65-70%) болон кварц давамгайлсан хэмхдэсээс (30-35%) тогтоно. Хэмхдэсийн кварц (0.2 мм хүртэл) нэг чиглэлтэй байрлаж сулавтар занарлаг текстурыг илэрхийлнэ. Халькопирит гётитод түрэгдсэн.,"ThinSection Mongolia LLC (Dr. T.Oyunchimeg PhD, Dr. B.Enkhjargal PhD, Dr. B.Dolzodmaa PhD); client: Aventura Minerals LLC",2024-05-09
2023-08-06-2 шлиф.pdf,petrographic_description,С-1,,,,,,thin section (шлиф),Strongly mineralized quartz-sericite schist,Хүчтэй хүдэржсэн кварц-серицитэт занар,Структур: микрогранолепидобласт. Текстур: занарлаг. Мөхлөг: 0.2 мм хүртэл,кварц:35-40; серицит:50; хүдрийн эрдэс:10-15; төмрийн усан исэл,"цахиржилт (эпигенетик кварцын судал, линз 0.2-1.6 мм); төмрийн усан ислээр түрэгдсэн","хүдрийн эрдсүүд 10-15%: кварц-серицит масс дээр жигд сарнисан ялтаслаг, хайрслаг мөхлөг (0.008-0.2 мм) ба кварцын судалтай хамт дөрвөлжиндүү, тэгш өнцөгт мөхлөг (0.03-0.5 мм); төмрийн усан ислээр түрэгдсэн бололтой","Чулуулаг хүчтэй хүдэржих, бага зэрэг цахиржих процессуудад өртөгджээ. Кварцын гранобластлаг, серицитийн лепидобласт мөхлөгүүдээс тогтож, занаржилтын дагуу кварцын судал, линз ялгарна. Хүдрийн эрдсүүд нэвтэрсэн гэрэлд улаан хүрэн өнгө өгч байгаа нь төмрийн усан ислээр түрэгдсэнийг илтгэнэ.",Л.Жаргал PhD (order Зах-2023/01),2023-08-06
2023-08-06-2 шлиф.pdf,petrographic_description,С-2,,,,,,thin section (шлиф),Mineralized sericite-quartz schist,Хүдэржсэн серицит-кварцат занар,Структур: микролепидогранобласт. Текстур: сулавтар занарлаг. Мөхлөг: 0.8 мм хүртэл,кварц:70; серицит:20-25; хүдрийн эрдэс:5-10; төмрийн усан исэл,"кварц 2 генерациар үүссэн (линз, зурвас маягийн бөөгнөрөл 0.2-0.8 мм)","хүдрийн эрдсүүд 5-10%: серицит, мусковиттой ассоциацитай ялтаслаг, хайрслаг агрегат (0.006-0.04 мм) болон бичил шигтгээ маягийн томоохон мөхлөг (0.04-0.3 мм)","Кварц, серицитийн мөхлөгүүдээс бүрдэж, микролепидогранобласт структур, сулавтар занарлаг текстуртай. Хүдрийн эрдсүүд серициттэй ассоциаци үүсгэн жигд сарнисан.",Л.Жаргал PhD (order Зах-2023/01),2023-08-06
2023-06-20-3 thin sections.pdf,petrographic_description,40763,40763,OVD008 (per ABM Suggested Petro 2024 list),84.5,,,thin section (шлиф),Strongly altered fine- to medium-grained olivine-amphibole gabbro (melanocratic gabbro),Хүчтэй хувирсан жижиг-дунд мөхлөгт оливин-амфиболт габбро (меланократ габбро),"Структур: гипидиоморф, хэсэгчлэн пойкилоофит, венц. Текстур: цул нягт. Мөхлөг: 0.4-3.0 мм",плагиоклаз:25-30; амфибол:40-45; оливин:10-15; биотит:5; пироксен:цөөн; хүдрийн эрдэс:10-15; апатит:ховор,"серицит, төмрийн усан исэл, хлорит, актинолит, карбонат, соссюрит, тальк(?), серпентин; оливин серпентинээр түрэгдсэн",хүдрийн эрдэс 10-15%: шигтгээ маягийн ялгарлууд болон оливины ан цаваар судал,"Маш хүчтэй метаморф хувиралд орсон; плагиоклаз, амфибол, оливин, бага биотит, ховор пироксенээс тогтоно. Оливин амфиболоор түрэгдэн реликтээр агуулагдаж венц маягийн структур үүсгэсэн; ан цаваар нь серпентин, хүдрийн эрдэс үүссэн.",Л.Жаргал PhD (client: Рагнарок инвестмент ХХК / Ragnarok Investment LLC; order Зах-2023/01),2023-06-20
2023-06-20-3 thin sections.pdf,petrographic_description,40900,40900,OVD001 (per ABM Suggested Petro 2024 list),56.8,,,thin section (шлиф),Altered fine- to medium-grained biotite-amphibole gabbro,Хувирсан жижиг-дунд мөхлөгт биотит-амфиболт габбро,Структур: гипидиоморф. Текстур: цул нягт. Мөхлөг: 0.5-2.6 мм,хувирсан плагиоклаз:45-50; амфибол:30; биотит:10-15; пироксен:5; оливин:цөөн; хүдрийн эрдэс:5; апатит:ховор,"серицит, актинолит, төмрийн усан исэл, соссюрит, хлорит, карбонат, серпентин; плагиоклаз бүрэн хлорит-серицитэд хувирсан",хүдрийн эрдэс 5%: голчлон өнгөт эрдсүүдтэй ассоциацитай,"Хүчтэй метаморф хувиралд өртсөн; хувирсан плагиоклаз, амфибол, биотит, бага пироксен, ховор оливиноос тогтоно. Амфибол пироксен, оливиныг түрж реликт мөхлөгүүдийг нь агуулна; биотит хлорит, мусковитоор түрэгджээ.",Л.Жаргал PhD (client: Рагнарок инвестмент ХХК / Ragnarok Investment LLC; order Зах-2023/01),2023-06-20
2023-06-20-3 thin sections.pdf,petrographic_description,40913,40913,OVD001 (per ABM Suggested Petro 2024 list),68.0,,,thin section (шлиф),"Mineralized, altered fine- to medium-grained biotite-bearing alkaline-affinity diorite (with diorite porphyry contact in section)","Хүдэржиж, хувирсан жижиг-дунд мөхлөгт биотитот шүлтлэгдүү диорит","Структур: гипидиоморф (диорит порфир хэсэг: шигтгээлэг, микрозернист-микрогипидиоморф үндсэн хэсэгтэй). Текстур: цул нягт. Мөхлөг: 0.4-2.0 мм",плагиоклаз:40; биотит:10-15; калийн хээрийн жонш:5; кварц:5; хүдрийн эрдэс:35-40; лейкоксенжсэн сфен:ховор,"хлорит, серицит, төмрийн усан исэл, соссюрит, карбонат, шаварлаг эрдэс; эпигенетик карбонатын судал; биотит хлоритод бүрэн псевдоморфоз үүсгэсэн","хүдрийн эрдэс 35-40% (semi-massive): зурвас, бичил шигтгээ, толбо маягийн ургалт; хүдрийн зурвасууд карбонатын хялгасан судлаар зүсэгдсэн","Шлифийн талбайд шүлтлэгдүү диорит ба диорит порфирын зааг оржээ. Плагиоклаз карбонат, серицит, хлоритоор түрэгдэж, захаасаа КХЖ-оор түрэгдсэн; кварц КХЖ-той микропегматит маягийн ургалттай. Хүдрийн эрдэс чулуулгийн 35-40%-ийг эзэлж, зурвас, шигтгээ, толбо маягаар үүссэн.",Л.Жаргал PhD (client: Рагнарок инвестмент ХХК / Ragnarok Investment LLC; order Зах-2023/01),2023-06-20
Asian Battery Metals March 2025 The Oval Summary Report.pdf,petrographic_description,SC04@168.3m,,SC04,168.3,,,polished thin section,"Foliated, pyritic, fine-grained variolitic metabasalt",,foliated; variolitic (rounded/ovoid sericite bodies 0.2-0.6mm),quartz-chlorite-sericite intergrowth; leucoxene (streaks to 4mm); pyrite:3-5,"complete recrystallization: quartz, chlorite, sericite; leucoxene streaks along foliation","fine-grained euhedral pyrite to ~0.5mm (~3-5%) arrayed along foliation, late kinematic, overgrows leucoxene trails","A foliated, pyritic, fine-grained variolitic metabasalt with no trace of the protolith mineralogy preserved. Irregularly distributed 0.2-0.6mm rounded sericite bodies are thought to represent varioles, not altered phenocrysts. Euhedral pyrite crystals (~3-5%) along the foliation are late kinematic.","Dr Anthony J Crawford, A & A Crawford Geological Research Consultants",2025-03-29
Asian Battery Metals March 2025 The Oval Summary Report.pdf,petrographic_description,SC04@171.0m,,SC04,171.0,,,polished thin section,"Fine-grained, sparsely olivine-phyric, weakly vesicular metabasalt",,sparsely olivine-phyric; weakly vesicular (spheroidal vesicles 0.5-1mm filled by calcite and quartz); quench plagioclase texture; no foliation,"quench plagioclase; chlorite (after pyroxene, olivine); titanite (after FeTi oxides); former olivine phenocrysts:1-2; pyrite:1-2",chlorite after former pyroxenes and olivine phenocrysts; calcite-quartz vesicle fill and fractures; titanite after FeTi oxides,~1-2% disseminated pyrite cubes to 2mm; some vesicles cored by a single pyrite crystal,"A fine-grained, sparsely olivine-phyric, weakly vesicular metabasalt with ~1-2% disseminated pyrite cubes to 2mm. Former euhedral olivine phenocrysts (1-2%, to ~1mm) are replaced by chlorite. Lacks the foliation evident in the rock only 3m higher in this drillhole.","Dr Anthony J Crawford, A & A Crawford Geological Research Consultants",2025-03-29
Asian Battery Metals March 2025 The Oval Summary Report.pdf,petrographic_description,SC04@280.7m,,SC04,280.7,,,polished thin section,Relatively fine-grained hornblende gabbro (possible near-chilled margin candidate),,intergrowth of blocky mm-sized euhedral plagioclase and hornblende; excellent textural preservation,"plagioclase:~60; hornblende:35-40; FeTi oxides (<0.2mm, altered):2-4; olivine (chloritized phenocrysts):<<1; interstitial quartz+Kspar+sodic plagioclase+apatite:1-2",plagioclase replaced by sericite + microcrystalline epidote; hornblende replaced by chlorite + epidote (occasional fresh brown cores); olivine to yellowish chlorite,sparse disseminated pyrite and sub-0.2mm spots of chalcopyrite,"A relatively fine-grained hornblende gabbro with excellent textural preservation, largely blocky mm-sized plagioclase (~60%) and hornblende (35-40%), mostly euhedral but extensively altered. With 274ppm Cr, 21.4ppm Sc and 2.0ppm Th it is very close to OVD007@87.8m and is another possible near-chilled margin candidate.","Dr Anthony J Crawford, A & A Crawford Geological Research Consultants",2025-03-29
Asian Battery Metals March 2025 The Oval Summary Report.pdf,petrographic_description,OVD002@37m,40910,OVD002,37.0,,,polished thin section,Mineralized hornblende+phlogopite-bearing olivine gabbro,,"olivine inclusions in larger brown hornblende; plagioclase in interstitial clots, occasionally subophitic in hornblende","olivine (entirely altered, to 1mm):~10; brown hornblende; tan phlogopite (~1mm plates); plagioclase (prismatic); FeTi oxides:1-2",olivine to extremely fine-grained talc; plagioclase cores to chlorite + yellow-green epidote; hornblende locally with fibrous actinolite margins; phlogopite partly chloritized,"0.5-1cm sulfidic patches: pyrrhotite with pentlandite and chalcopyrite patches (~10% each of patch), or pyrrhotite largely replaced by pitted pyrite and fine-grained magnetite with chalcopyrite patches; shapes indicate re-organization from an original magmatic disposition","A mineralized hornblende+phlogopite-bearing olivine gabbro with ~10% entirely altered olivine crystals often included in larger brown hornblendes. The rock is an intergrowth of brown hornblende, tan phlogopite and abundant prismatic plagioclase. Sulfidic patches 0.5-1cm are pyrrhotite-dominated with pentlandite and chalcopyrite, locally replaced by pitted pyrite and magnetite.","Dr Anthony J Crawford, A & A Crawford Geological Research Consultants",2025-03-29
Asian Battery Metals March 2025 The Oval Summary Report.pdf,petrographic_description,OVD003@155.3m,41012,OVD003,155.3,,,polished thin section,Olivine-bearing hornblende gabbro,,"brown hornblende crystals (1-2mm) poikilitically host plagioclase laths, augite and talc-altered olivines; strongly zoned plagioclase prisms in interstitial domains","olivine (euhedral, talc-replaced):10-12; brown hornblende (dominant); plagioclase; augite (fresh, colourless); apatite (acicular, occasional); FeTi oxides (bladed, very minor)",olivine entirely replaced by talc; interstitial chlorite/talc,"sulfides restricted to a few sub-mm spots of pyrrhotite altered to pitted pyrite, with minor chalcopyrite and pentlandite","An olivine-bearing hornblende gabbro with ~10-12% euhedral olivine crystals now entirely replaced by talc, dispersed through a hornblende+plagioclase-dominated framework. Brown hornblendes poikilitically host plagioclase laths, fresh augite and altered olivines. Sulfides are restricted to a few sub-mm pyrite-altered pyrrhotite spots.","Dr Anthony J Crawford, A & A Crawford Geological Research Consultants",2025-03-29
Asian Battery Metals March 2025 The Oval Summary Report.pdf,petrographic_description,OVD003@202m,,OVD003,202.0,,,polished thin section,Intensely hydrothermally altered and brecciated protomylonite (protolith probably olivine-hornblende gabbro),,interfingering microlithons to 5cm with different textures; brecciated,chlorite; carbonate; leucoxene + Fe oxy-hydroxides; relict plagioclase clusters,texturally destructive carbonate and carbonate-chlorite bands; irregular web of fine-grained dark leucoxene and Fe oxy-hydroxides,a few trails of tiny chalcopyrite grains preserved; relatively sulfide-poor,An intensely hydrothermally altered and brecciated protomylonite with very limited evidence that the protolith was an olivine-hornblende gabbro. Interfingering microlithons to 5cm show different textures and alteration assemblages. Only a few trails of tiny chalcopyrite grains are preserved.,"Dr Anthony J Crawford, A & A Crawford Geological Research Consultants",2025-03-29
Asian Battery Metals March 2025 The Oval Summary Report.pdf,petrographic_description,OVD005@13.4m,41027,OVD005,13.4,,,polished thin section,"Texturally well preserved, medium-grained olivine hornblendite",,"rounded olivine crystals to ~3mm, many included in brown hornblende; hornblende overgrowths on olivine, zoned to green margins","olivine (serpentinized, to smectite):25-30; brown hornblende (dominant); augite (occasional, fresh); phlogopite (pale brown, to 2mm)",olivine serpentinized then largely altered to brown smectite clays; phlogopite locally replaced by bright green fuchsite; actinolite fringes on hornblende; spots and veinlets of pale carbonate,sulfide-free,"A texturally well preserved, medium-grained olivine hornblendite in which all olivine has been serpentinized and subsequently largely altered to brown smectite clays. Rounded olivines to ~3mm make up ~25-30%, many included in brown hornblende. The rock is sulfide-free.","Dr Anthony J Crawford, A & A Crawford Geological Research Consultants",2025-03-29
Asian Battery Metals March 2025 The Oval Summary Report.pdf,petrographic_description,OVD005@40.5m,40628,OVD005,40.5,,,polished thin section,Probably a sulfide-bearing hornblende-olivine gabbro or hornblendite (section too thin for confident diagnosis),,,hornblende (relict cleavages); serpentine/clay after olivine; intercumulus sulfide:~15,serpentine/clay after interpreted olivine,"intercumulus sulfide ~15% of the thin section; carbon coating (from electron probe microanalysis) precludes confident diagnosis, most appears to be pyrrhotite","Very little rock is preserved on this slide and what is there is too thin for detailed petrographic assessment. Almost certainly a sulfide-bearing hornblende-olivine gabbro or hornblendite similar to 13.4m, strongly supported by near-identical wholerock analyses. Intercumulus sulfide makes up ~15% of the section, mostly pyrrhotite.","Dr Anthony J Crawford, A & A Crawford Geological Research Consultants",2025-03-29
Asian Battery Metals March 2025 The Oval Summary Report.pdf,petrographic_description,OVD005@53.0m,40635,OVD005,53.0,,,polished thin section,Lithology essentially identical to OVD005@40.5m (section too thin for confident diagnosis),,,intercumulus brown hornblende; brown smectite + chlorite (possibly after cumulus olivine),brown smectite and almost colourless chlorite possibly after former cumulus olivines,few sulfidic spots of pyrrhotite and chalcopyrite,"Another far too-thin section with little useful material, but the wholerock analysis shows impressive similarities to the 40.5m interval, suggesting essentially identical lithologies. Intercumulus brown hornblende is still evident; some hornblende grains host small plagioclase prisms.","Dr Anthony J Crawford, A & A Crawford Geological Research Consultants",2025-03-29
Asian Battery Metals March 2025 The Oval Summary Report.pdf,petrographic_description,OVD005@71.0m,40645,OVD005,71.0,,,polished thin section,"Poikilitic-textured hornblende-bearing olivine gabbro transitional to olivine-bearing hornblendite, cut by a broad band of skarnoid alteration",,"poikilitic: brown hornblendes to 3mm host talc-altered rounded olivines, fresh augite and plagioclase laths","brown hornblende; olivine (talc-altered, rounded); augite (fresh, 0.2-0.5mm); plagioclase (stout clusters)","patchy carbonate; tapering skarnoid band to ~1cm: fine-grained augite + microcrystalline epidote margins, inner prehnite + calcite patches with blocky green actinolite and euhedral titanite — style unique among the 38 samples studied","discontinuous trail of 1-3mm sulfide grains with chloritic haloes, dominant pyrrhotite with a few smaller chalcopyrite patches","A poikilitic-textured hornblende-bearing olivine gabbro transitional to the olivine-bearing hornblendites, with less olivine and more augite, cut by a broad band of skarnoid alteration reaching almost 1cm wide. The skarnoid band has fine-grained augite-epidote margins and inner prehnite-calcite patches with actinolite and titanite. A discontinuous trail of 1-3mm pyrrhotite-dominant sulfide grains has chloritic haloes.","Dr Anthony J Crawford, A & A Crawford Geological Research Consultants",2025-03-29
Asian Battery Metals March 2025 The Oval Summary Report.pdf,petrographic_description,OVD007@50.0m,41011,OVD007,50.0,,,polished thin section,Well preserved olivine hornblende orthocumulate,,orthocumulate; cuspate intercumulus brown hornblende to 3mm poikilitically enclosing plagioclase laths and rounded olivines,"olivine (rounded, to 2mm, fresh/partly fresh):45-50; intercumulus brown hornblende (abundant); augite (colourless, common); phlogopite (pale brown, to 2mm); plagioclase (stout laths to 1mm); chromite (occasional small crystals); sulfide:~2","narrow dark serpentine-magnetite bands along olivine fractures; some plagioclase to microcrystalline epidote, sericite, pale carbonate; biotite to chlorite","~2% sulfide in primary magmatic sites as cuspate intercumulus grains to 3mm, pyrrhotite-dominated with common chalcopyrite and pentlandite patches","A well preserved olivine hornblende orthocumulate with ~45-50% rounded olivines to 2mm, many fresh or partly fresh. Abundant intercumulus brown hornblende occurs as cuspate grains to 3mm poikilitically enclosing plagioclase laths and rounded olivines. About 2% sulfide occupies primary magmatic intercumulus sites, pyrrhotite-dominated with chalcopyrite and pentlandite patches.","Dr Anthony J Crawford, A & A Crawford Geological Research Consultants",2025-03-29
Asian Battery Metals March 2025 The Oval Summary Report.pdf,petrographic_description,OVD007@55.9m,41031,OVD007,55.9,,,polished thin section,Ophitic-textured hornblende biotite gabbro,,ophitic; mm-sized fresh brown hornblendes with plagioclase prism inclusions; strong zoning to greenish rims,"brown hornblende (common, fresh); plagioclase; biotite (tan, fresh to partly chloritized); olivine (talc-altered):<5; augite (fresh cores in larger hornblendes); FeTi oxides (fresh, sub-0.5mm):<1; apatite (acicular, common)",partial sericitization of plagioclase; partial chloritization of biotite; talc after olivine,sulfides restricted to a few tiny spots of pyrite-altered pyrrhotite and chalcopyrite,"An ophitic-textured hornblende biotite gabbro in which the common mm-sized brown hornblendes are fresh and commonly contain small plagioclase prisms. Olivines (<5%, talc-altered) are included within brown hornblendes. Note: the analyst was unsure the provided core photo matches the thin section.","Dr Anthony J Crawford, A & A Crawford Geological Research Consultants",2025-03-29
Asian Battery Metals March 2025 The Oval Summary Report.pdf,petrographic_description,OVD007@58.2m,41025,OVD007,58.2,,,polished thin section,Vari-textured gabbro (texturally complex),,broad fine-grained augite-plagioclase bands to ~1cm hosting coarser leucogabbroic pockets to 1cm+; late chlorite-filled vugs in some pockets,augite; plagioclase (largely replaced by microcrystalline epidote in fine bands); pale brown-green hornblende (in coarse pockets); FeTi oxides (altered):1-2; quartz + titanite + chlorite (minor interstitial),plagioclase almost entirely replaced by murky microcrystalline epidote in fine-grained bands; chlorite and carbonate patches and late veinlets,6-8mm-wide sulfidic band largely pyrrhotite with ~10% chalcopyrite and slightly less pentlandite; discontinuous narrow pyrite band separates a plagioclase-rich band from the sulfide bands,"A bizarre, texturally complex rock probably best broadly termed a vari-textured gabbro, with fine-grained augite-plagioclase bands hosting coarser-grained leucogabbroic pockets. A 6-8mm-wide sulfidic band composed largely of pyrrhotite with ~10% chalcopyrite and slightly less pentlandite occurs within a plagioclase-dominant domain.","Dr Anthony J Crawford, A & A Crawford Geological Research Consultants",2025-03-29
Asian Battery Metals March 2025 The Oval Summary Report.pdf,petrographic_description,OVD007@87.8m,41026,OVD007,87.8,,,polished thin section,Well preserved subophitic-textured olivine-phyric hornblende microgabbro (close to chilled margin 'parent magma' candidate; 7.1% MgO),,subophitic; average grainsize ~1mm; holocrystalline groundmass,"brown/tan hornblende (abundant, subhedral, fresh); olivine phenocrysts (euhedral, talc-replaced); plagioclase (laths); phlogopite (brown-tan plates):1-2; ilmenite (bladed):1-2; quartz (interstitial):2-4",all former olivines replaced by talcose aggregates,sulfides restricted to rare tiny spots of pyrite and chalcopyrite,A well preserved subophitic-textured olivine-phyric hornblende microgabbro; all former olivine phenocrysts are euhedral crystals replaced by talcose aggregates within a fresh hornblende-plagioclase framework. The rock lacks augite. This sample likely represents a close-to-chilled-margin 'parent magma' for the olivine-hornblende±augite orthocumulates.,"Dr Anthony J Crawford, A & A Crawford Geological Research Consultants",2025-03-29
Asian Battery Metals March 2025 The Oval Summary Report.pdf,petrographic_description,OVD008@27.3m,41028,OVD008,27.3,,,polished thin section,Medium-grained hornblende gabbro,,"subhedral brown hornblende to 4mm in multi-crystal clots, poikilitically including augite, plagioclase laths and FeTi oxides; strongly zoned interstitial plagioclase ~0.5mm","brown hornblende:40-50; augite (occasional fresh, 1-2mm); olivine (sparse, talc-altered); plagioclase (interstitial, stout, zoned); chlorite + calcite + minor quartz (interstitial); apatite (occasional acicular)",talc after olivine; microcrystalline epidote in included plagioclase; pale green actinolite fringes on some hornblendes,the rock lacks sulfides,"A medium-grained hornblende gabbro dominated by subhedral brown hornblende (~40-50%) to 4mm, often in multi-crystal clots, with occasional fresh augite but only sparse talc-altered olivines. Hornblendes show strong brown-to-green zoning and poikilitically include tatty augite and small plagioclase laths. The rock lacks sulfides.","Dr Anthony J Crawford, A & A Crawford Geological Research Consultants",2025-03-29
Asian Battery Metals March 2025 The Oval Summary Report.pdf,petrographic_description,OVD008@39.5m,41032,OVD008,39.5,,,polished thin section,"Mineral-banded, medium- to coarse-grained, poikilitic-textured hornblende-bearing olivine gabbro",,poikilitic; mineral banding with a diffuse-edged cm-wide paler band (hornblende colour changes brown/tan to mid-green/colourless); brown hornblendes to ~1cm (mostly 2-5mm),"brown hornblende (abundant in main bands); plagioclase (stout, zoned prisms; inclusions); augite (less common, fresh); olivine (talc-altered, in larger hornblendes); phlogopite (pale brown plates); quartz + apatite (subordinate interstitial)",talc after olivine; turbid microcrystalline epidote in plagioclase of the pale band,the rock lacks sulfides,"A mineral-banded, medium- to coarse-grained, poikilitic-textured hornblende-bearing olivine gabbro with a diffuse-edged, cm-wide paler band in which the modal abundance of hornblende decreases significantly. Brown hornblendes reach almost 1cm and host common inclusions of plagioclase, augite and talc-altered olivines. The rock lacks sulfides.","Dr Anthony J Crawford, A & A Crawford Geological Research Consultants",2025-03-29
Asian Battery Metals March 2025 The Oval Summary Report.pdf,petrographic_description,OVD008@40.1m,41013,OVD008,40.1,,,polished thin section,Mainly fine-grained protomylonite derived from a hornblende gabbro protolith,,"poor foliation, streaky colouration, extensive grainsize reduction; trails of ragged mm-sized porphyroclasts in an extremely fine-grained turbid matrix","actinolite-altered hornblende porphyroclasts; microcrystalline epidote (matrix); chlorite (matrix); actinolite (minor, matrix)","matrix of microcrystalline epidote, chlorite and minor actinolite; narrow subparallel veinlets of chlorite, actinolite and clinozoisite","sparse, scattered tiny spots of pyrite and rare chalcopyrite","A mainly fine-grained protomylonite derived from a hornblende gabbro protolith, with poor foliation but streaky colouration and extensive grainsize reduction. Deformation-recrystallization occurred near the plastic-brittle transition. The rock contains only sparse tiny pyrite spots and rare chalcopyrite.","Dr Anthony J Crawford, A & A Crawford Geological Research Consultants",2025-03-29
Asian Battery Metals March 2025 The Oval Summary Report.pdf,petrographic_description,OVD008@60.3m,41029,OVD008,60.3,,,polished thin section,"Diffusely mineral-banded, medium- to coarse-grained, poikilitic-textured hornblende-bearing olivine gabbro",,"poikilitic; diffuse mineral banding, darker brown/tan bands vs pale greenish bands; multi-crystal hornblende aggregates","brown hornblende (dominant in dark bands); olivine (talc-altered, to 2mm, common); augite (fresh scraps included in hornblende); plagioclase (stout, epidote-peppered cores); phlogopite (pale brown to greenish plates); apatite (acicular)",talc after olivine; turbid microcrystalline epidote in plagioclase cores; chlorite and white mica patches,the rock lacks sulfides,"Another diffusely mineral-banded, medium- to coarse-grained, poikilitic-textured hornblende-bearing olivine gabbro, very similar to OVD008@39.5m but with more modal (altered) olivine. Colour changes from darker brown/tan to pale greenish bands reflect decreasing modal brown hornblende. The rock lacks sulfides.","Dr Anthony J Crawford, A & A Crawford Geological Research Consultants",2025-03-29
Asian Battery Metals March 2025 The Oval Summary Report.pdf,petrographic_description,OVD008@88.9m,41030,OVD008,88.9,,,polished thin section,Medium-grained hornblende gabbro (poikilitic texture),,"poikilitic; large brown hornblendes to 4mm with inclusions of plagioclase, augite, FeTi oxides and altered olivines","brown hornblende (large, fresh, greenish rims); plagioclase (strongly zoned, finer-grained); green hornblende; biotite (pale tan); FeTi oxides; apatite (acicular); olivine (altered, included)",interstitial chlorite; irregular bifurcating 1-3mm veinlet of analcime and albite,this sample lacks sulfides despite the 2.5%S in the assay for this interval (mismatch noted by analyst),"A medium-grained hornblende gabbro with a poikilitic texture: plagioclase, augite, FeTi oxides and altered olivines included within large fresh brown hornblendes to 4mm. The rock is cut by a 1-3mm analcime-albite veinlet. This sample lacks sulfides despite the 2.5%S assay for the interval.","Dr Anthony J Crawford, A & A Crawford Geological Research Consultants",2025-03-29
Asian Battery Metals March 2025 The Oval Summary Report.pdf,petrographic_description,OVD008@90.5m,41024,OVD008,90.5,,,polished thin section,"Finely hornblende-phyric basalt, probably a dyke or (less likely) chilled margin of a hornblende gabbro intrusive unit",,"finely porphyritic; mottled, finely holocrystalline groundmass of interlocking 0.05-0.1mm subhedral untwinned feldspar prisms","former hornblende phenocrysts (chlorite-actinolite-epidote replaced, mm-sized):5-10; untwinned feldspar (groundmass); FeTi oxide granules (tiny, common); chlorite (yellow-green tufts); sulfides:<2","hornblende replaced by chlorite, actinolite and fine-grained epidote; moderate sericite overprint on feldspars",very fine-grained disseminated chalcopyrite throughout; veins <1mm of fine-grained pyrite and locally chlorite. NOTE: assay for this interval indicates ~30% pyrrhotite — thin section does not match the assayed interval,"The assay for this hole/depth indicates a strongly sulfidic rock (~30% pyrrhotite), whereas the thin section is a finely hornblende-phyric basalt with <2% sulfides, probably a dyke or less likely a chilled margin sample. Former hornblende crystals are replaced by chlorite, actinolite and epidote in a finely holocrystalline feldspathic groundmass. Fine disseminated chalcopyrite and <1mm pyrite veins occur throughout.","Dr Anthony J Crawford, A & A Crawford Geological Research Consultants",2025-03-29
Asian Battery Metals March 2025 The Oval Summary Report.pdf,petrographic_description,OVD009@126.7m,41021,OVD009,126.7,,,polished thin section,"Moderately foliated, brecciated protomylonite (protolith compositionally typical of the hornblende gabbros)",,moderately foliated; microfault-bounded lithons separated by undulose stylolite-like dark seams,carbonate+chlorite (intense alteration); granulated feldspathic material; chloritized former hornblende (drawn into mylonitic fabric),intense carbonate+chlorite alteration,the rock lacks sulfides; from a significant fault zone through the hornblende gabbro unit,"A moderately foliated, brecciated protomylonite very similar to OVD003@202m, with very little protolith texture preserved but compositionally typical of the hornblende gabbros. Microfault-bounded lithons of intensely carbonate+chlorite-altered rock are separated by stylolite-like dark seams. The rock lacks sulfides and is from a significant fault zone. (Report text says 'OVD002@202m', evidently a typo for OVD003@202m.)","Dr Anthony J Crawford, A & A Crawford Geological Research Consultants",2025-03-29
Asian Battery Metals March 2025 The Oval Summary Report.pdf,petrographic_description,OVD009@143m,41020,OVD009,143.0,,,polished thin section,Mineralized olivine hornblendite transitional to an olivine hornblende gabbro,,"olivine rounded grains to 3mm, both poikilitically included in brown hornblende and as non-cumulus grains surrounded by fresh augite","olivine (serpentinized, locally to smectite):~20; hornblende:10-15; augite (fresh); plagioclase (stout, ~0.5mm, interstitial aggregates); phlogopite (occasional plates); apatite (acicular); chromite (small euhedra in olivine); sulfide:10-12","serpentine after olivine, replaced locally by yellowish smectite clays; interstitial pale chlorite with matted fibrous actinolite clusters","abundant sulfide (10-12%) as often cuspate blebs 2-8mm: entirely pyrrhotite, to pyrrhotite with 30-40% chalcopyrite and minor (up to ~10%) pentlandite; chalcopyrite and pentlandite often at bleb margins","A mineralized olivine hornblendite transitional to an olivine hornblende gabbro, with ~20% serpentinized rounded olivine to 3mm. Small euhedral chromites occur in altered olivines; hornblendes (~10-15%) poikilitically enclose plagioclase laths. Abundant sulfide (10-12%) forms cuspate blebs 2-8mm, pyrrhotite-dominated with up to 30-40% chalcopyrite and minor pentlandite at margins.","Dr Anthony J Crawford, A & A Crawford Geological Research Consultants",2025-03-29
Asian Battery Metals March 2025 The Oval Summary Report.pdf,petrographic_description,OVD009@149.5m,41015,OVD009,149.5,,,polished thin section,Vari-textured hornblende gabbro,,even-textured finer-grained (~0.5mm) intergrowth hosting scattered coarser leucogabbro pockets to ~1cm,"plagioclase (sericite-altered prisms); augite (variably chloritized); hornblende (fresh, pale brown):5-10; olivine (rounded, to 0.5mm, partly serpentinized):uncommon; FeTi oxides:very little; apatite (acicular, in pockets)",moderate to strong sericite on plagioclase; chlorite on augite and biotite; partial serpentinization of olivine; carbonate spots in leucogabbro pockets,sulfides limited to sparsely disseminated pyrite cubes and rare tiny splashes of chalcopyrite,"A vari-textured hornblende gabbro mostly constituted by an even-textured intergrowth of finer-grained sericitized plagioclase, variably chloritized augite, ~5-10% fresh pale brown hornblende and uncommon partly serpentinized olivines. Coarser-grained leucogabbro pockets to almost 1cm are scattered irregularly through the rock. Sulfides are limited to sparse pyrite cubes and rare chalcopyrite.","Dr Anthony J Crawford, A & A Crawford Geological Research Consultants",2025-03-29
Asian Battery Metals March 2025 The Oval Summary Report.pdf,petrographic_description,OVD009@149.8m,,OVD009,149.8,,,polished thin section,Vari-textured gabbro,,finer-grained dominant variant with 3-8mm coarser leucogabbro patches; altered hornblendes and fresh augites poikilitically host small plagioclase prisms,"former hornblende (chlorite-replaced); augite (granular, sub-mm, partly fresh); olivine (occasional euhedra to 0.5mm, chlorite-replaced); plagioclase (heavily sericitized, sub-mm); phlogopite (occasional blades, in patches); FeTi oxides (skeletal); apatite (acicular); Kspar + carbonate (interstitial in patches)",all former hornblendes replaced by chlorite; limited actinolite fringes on augite; heavy sericitization of plagioclase,"an unusual bleb partly sampled at slide edge consists of intergrown carbonate and pyrite laminae, with chalcopyrite concentrated around the margin against the host rock","Another vari-textured gabbro similar to OVD009@149.5m. In the dominant finer-grained variant all former hornblendes are chloritized, augites are partly fresh, and plagioclase is heavily sericitized. Coarser 3-8mm leucogabbro patches lack augite. An unusual carbonate-pyrite laminated bleb with marginal chalcopyrite is partly sampled at the slide edge.","Dr Anthony J Crawford, A & A Crawford Geological Research Consultants",2025-03-29
Asian Battery Metals March 2025 The Oval Summary Report.pdf,petrographic_description,OVD009@151.6m,41023,OVD009,151.6,,,polished thin section,Mineralized vari-textured hornblende gabbro with sulfidic blebs,,ophitic to sub-ophitic transitional to doleritic; coarser leucogabbroic patches ~10-15% of rock; larger hornblendes (to 2mm) cored by clear augite,"hornblende (brown to green-zoned); augite (to 2.5mm, poikilitic); plagioclase (abundant sericitized laths); FeTi oxides (altered):~1; phlogopite (occasional, variably chloritized); Kspar + apatite + minor quartz (interstitial); olivine:none",sericitization of plagioclase; pale carbonate cores in leucogabbroic patches,"several sulfidic blebs to 6mm with narrow rims of fresh plagioclase, quartz and carbonate, filled by pyrrhotite with local chalcopyrite and pentlandite spots and common pentlandite flames; cellular wispy lower-T pyrite at bleb margins","A mineralized vari-textured hornblende gabbro differing from the preceding samples in having no olivine, more augite and less hornblende, with an ophitic to sub-ophitic texture transitional to doleritic. Coarser leucogabbroic patches make up ~10-15% of the rock. Several sulfidic blebs to 6mm are pyrrhotite-filled with chalcopyrite and pentlandite spots and pentlandite flames.","Dr Anthony J Crawford, A & A Crawford Geological Research Consultants",2025-03-29
Asian Battery Metals March 2025 The Oval Summary Report.pdf,petrographic_description,OVD009@161m,41017,OVD009,161.0,,,polished thin section,Mineralized olivine-hornblende orthocumulate transitional to a hornblende-bearing wehrlite,,orthocumulate; olivines overgrown by broad shells of fresh augite passing outward to brown hornblende and complex intercumulus zones,"olivine (euhedral-subrounded, serpentinized, to 2mm):30-40; augite (fresh, colourless shells); brown hornblende; plagioclase (stout crystals, intercumulus); chromite (small euhedra in some olivines); sulfide:~10",serpentinization of olivine; abundant intercumulus chlorite hosting bundles of acicular/fibrous actinolite,"irregular ragged-edge sulfide blebs ~10% of rock: very variable pyrrhotite:chalcopyrite (pyrrhotite dominant), subordinate pentlandite; chalcopyrite commonly concentrated at bleb margins and as discrete grains outside blebs; broad chloritic haloes around blebs","A mineralized olivine-hornblende orthocumulate transitional to a hornblende-bearing wehrlite with ~30-40% serpentinized cumulus olivine to 2mm, some hosting small euhedral chromites. Olivines are overgrown by fresh augite shells passing outward to brown hornblende. Sulfide blebs (~10%) are pyrrhotite-dominated with chalcopyrite concentrated at margins and subordinate pentlandite.","Dr Anthony J Crawford, A & A Crawford Geological Research Consultants",2025-03-29
Asian Battery Metals March 2025 The Oval Summary Report.pdf,petrographic_description,OVD009@171.5m,41016,OVD009,171.5,,,polished thin section,"Well preserved, mineralized olivine-hornblende orthocumulate",,"orthocumulate; intercumulus augite commonly overgrown by brown hornblende poikilitically hosting small plagioclase prisms; sulfide blebs cuspate, restricted to intercumulus sites","olivine (subrounded, fractured, largely fresh, to 2mm):~40; augite (intercumulus); brown hornblende (pale, intercumulus); plagioclase (far subordinate); phlogopite (tan); chromite (small euhedra in olivine); sulfide (irregular spots to ~3mm):~20","common chlorite/serpentine, fibrous actinolite and carbonate; broad chlorite/serpentine haloes on olivines abutting sulfide; some plagioclase to turbid microcrystalline epidote","~20% sulfide as irregular spots to ~3mm; pyrrhotite-dominated with large range in pyrrhotite:chalcopyrite; no tendency for chalcopyrite to concentrate at bleb margins; pentlandite in many blebs, always modally subordinate to chalcopyrite","A well preserved, mineralized olivine-hornblende orthocumulate with ~20% irregular sulfide spots to ~3mm and ~40% mainly subrounded, largely fresh cumulus olivines to 2mm. Intercumulus material is augite and/or pale brown hornblende with subordinate plagioclase and tan phlogopite. Sulfides are pyrrhotite-dominated with variable chalcopyrite and subordinate pentlandite.","Dr Anthony J Crawford, A & A Crawford Geological Research Consultants",2025-03-29
Asian Battery Metals March 2025 The Oval Summary Report.pdf,petrographic_description,OVD009@178-180m,,OVD009,,178.0,180.0,polished thin section,"Intensely hydrothermally altered rock, probably a leucogabbro dyke (no protolith evidence preserved)",,no shapes of protolith minerals preserved,"carbonate (brown, amorphous; magnesite?); quartz (polycrystalline); chlorite; actinolite (occasional pale green needles); FeTi oxides (bladed, leucoxene-replaced); pyrite (disseminated, sub-0.4mm):1-2",pervasive carbonate-quartz-chlorite replacement; messy leucoxene after FeTi oxides,~1-2% disseminated sub-0.4mm pyrite; despite high-Cr assay no obvious chromites. Analyst: 'The wholerock assay does not match this thin section' — preferred interpretation is that the protolith was a leucogabbro dyke like OVD021@101.5m,"An intensely hydrothermally altered rock, probably a leucogabbro dyke, with no textural or mineralogical evidence of the protolith. It consists of brown amorphous carbonate (magnesite?), polycrystalline quartz and chlorite with ~1-2% disseminated pyrite. The assay for the interval resembles the OVD009@161m orthocumulate, but petrography does not support that; a sample mix-up is suspected.","Dr Anthony J Crawford, A & A Crawford Geological Research Consultants",2025-03-29
Asian Battery Metals March 2025 The Oval Summary Report.pdf,petrographic_description,OVD009@195.2m,41014,OVD009,195.2,,,polished thin section,Olivine-hornblende orthocumulate (very similar to OVD009@161m),,"orthocumulate; intercumulus domains filled by colourless augite, sometimes overgrown by brown hornblende","olivine (cumulus, to 2mm, entirely serpentinized):30-40; augite (colourless, intercumulus); brown hornblende; phlogopite (occasional bladed tan); plagioclase (stout prisms, epidote-altered); FeTi oxides (few, late); sulfide:2-4",serpentine after olivine; intercumulus cores of chlorite and minor talc; microcrystalline epidote on plagioclase,"~2-4% sulfides as irregular, partly cuspate blebs to 2mm in intercumulus sites with chlorite-carbonate haloes; largely pyrrhotite with up to ~20% chalcopyrite always at bleb margins and 5-10% pentlandite usually abutting chalcopyrite",An olivine-hornblende orthocumulate very similar petrographically to OVD009@161m. Cumulus olivines to 2mm are entirely serpentinized (30-40% of the rock); intercumulus domains are filled by augite and brown hornblende. Sulfide blebs (2-4%) are pyrrhotite-dominated with marginal chalcopyrite (to ~20%) and 5-10% pentlandite.,"Dr Anthony J Crawford, A & A Crawford Geological Research Consultants",2025-03-29
Asian Battery Metals March 2025 The Oval Summary Report.pdf,petrographic_description,OVD021@42.3m,,OVD021,42.3,,,polished thin section,"Well preserved, mineralized olivine-hornblende orthocumulate",,orthocumulate; cracked but fresh subrounded cumulus olivines commonly overgrown by broad zoned brown-green hornblende patches poikilitically enclosing plagioclase prisms,"olivine (cumulus, fresh, to 3mm):~30; brown-green hornblende (intercumulus, zoned); biotite (tan, quite coarse plates); augite (intercumulus, less than preceding orthocumulates); plagioclase (late pockets of fresh stout prisms <0.5mm); sulfide (disseminated spots to ~5mm):5-8",limited; olivines largely fresh,~5-8% disseminated cuspate sulfide spots to ~5mm in intercumulus domains; pyrrhotite-dominated with up to 15-20% chalcopyrite (concentrating along bleb margins) and usually significantly less pentlandite; in several blebs pyrrhotite partly replaced by pyrite-magnetite,"A well preserved, mineralized olivine-hornblende orthocumulate with ~5-8% disseminated sulfide spots to ~5mm, mostly cuspate and intercumulus. Fresh cumulus olivines (~30%) to 3mm are commonly overgrown by zoned brown-to-green hornblende with poikilitic plagioclase. Sulfide blebs are pyrrhotite-dominated with 15-20% chalcopyrite and less pentlandite; pyrrhotite is partly replaced by pyrite-magnetite in several blebs.","Dr Anthony J Crawford, A & A Crawford Geological Research Consultants",2025-03-29
Asian Battery Metals March 2025 The Oval Summary Report.pdf,petrographic_description,OVD021@76.6m,,OVD021,76.6,,,polished thin section,Mineralized olivine+hornblende orthocumulate,,"orthocumulate; brown hornblende the main intercumulus phase, often entirely enclosing altered olivines; spherical sulfide melt inclusions to 0.3mm hosted in fresh hornblende","olivine (euhedral-subrounded, 1-2mm, talc+serpentine replaced):20-25; brown hornblende (main intercumulus phase); augite (colourless, intercumulus, less abundant); plagioclase (small stumpy crystals); phlogopite (fresh to chloritized plates); chromite (small inclusions in olivine)",olivine entirely replaced by talc and serpentine; carbonate and chlorite patches in intercumulus centres,"patchy sulfides: irregular ragged blebs (some cuspate, filling intercumulus voids) and spherical melt inclusions to 0.3mm in fresh hornblende; all pyrrhotite-dominated with 5-15% each of chalcopyrite and pentlandite, minor magnetite; wispy web of secondary pyrite locally present","A mineralized olivine+hornblende orthocumulate with 20-25% olivine entirely replaced by talc and serpentine, often hosting small chromite inclusions. Notably, spherical sulfide melt inclusions to ~0.5mm hosted in intercumulus hornblende demonstrate a sulfide melt was present as hornblende crystallized. Sulfides are pyrrhotite-dominated with 5-15% each of chalcopyrite and pentlandite.","Dr Anthony J Crawford, A & A Crawford Geological Research Consultants",2025-03-29
Asian Battery Metals March 2025 The Oval Summary Report.pdf,petrographic_description,OVD021@94.4m,,OVD021,94.4,,,polished thin section,Mineralized olivine+hornblende orthocumulate,,orthocumulate; intercumulus brown hornblendes to ~4mm enclosing rounded altered olivines and plagioclase laths,"olivine (cumulus, rounded, fractured, to 2mm; fresh to totally replaced):~15; brown hornblende (intercumulus, far more abundant than augite); augite (coring larger hornblende patches); phlogopite (tan, variably chloritized plates); plagioclase (local clots, 0.2-0.5mm); actinolite (occasional fibrous sheaves); apatite (acicular); chromite (small inclusions); sulfide (blebby, cuspate, to ~5mm):~10",serpentine and/or talc and brown smectite clays after olivine; chloritization of phlogopite; spotty carbonate,"~10% sulfides as mainly blebby, cuspate grains to ~5mm: dominant pyrrhotite with common chalcopyrite patches often at inclusion margins, and less abundant pentlandite","A mineralized olivine+hornblende orthocumulate with ~10% sulfides as blebby, cuspate grains to ~5mm. Cumulus olivines (~15%) vary from fresh to totally replaced by serpentine/talc/smectite, many with chromite inclusions. Intercumulus brown hornblende dominates over augite; sulfide blebs are pyrrhotite-dominated with marginal chalcopyrite and less pentlandite.","Dr Anthony J Crawford, A & A Crawford Geological Research Consultants",2025-03-29
Asian Battery Metals March 2025 The Oval Summary Report.pdf,petrographic_description,OVD021@101.5m,,OVD021,101.5,,,polished thin section,Intensely altered aphyric fine-grained leucogabbroic dyke (doleritic texture),,"finely holocrystalline, doleritic; former mafic crystals rarely >0.5mm","quartz (interstitial):10-15; plagioclase (sericitized laths); former mafic minerals (actinolite-epidote-chlorite replaced); FeTi oxides (tiny bladed, leucoxene-replaced)",pervasive recrystallization to quartz-actinolite-chlorite-sericite-microcrystalline epidote-carbonate assemblage,the rock lacks sulfides; no trace of chromites to account for the high-Cr assay (mismatch noted),"With much higher V and Sc and lower Ni, Cu and Co than the olivine+hornblende orthocumulates, this intensely altered rock appears to represent an aphyric, fine-grained leucogabbroic dyke with doleritic texture. Protolith detail is heavily compromised by pervasive quartz-actinolite-chlorite-sericite-epidote-carbonate recrystallization. The rock lacks sulfides; there is no trace of chromites to account for the high-Cr assay.","Dr Anthony J Crawford, A & A Crawford Geological Research Consultants",2025-03-29
Asian Battery Metals March 2025 The Oval Summary Report.pdf,petrographic_description,OVD021@107.0m,,OVD021,107.0,,,polished thin section,"Strongly mineralized, quite coarse-grained hornblende gabbro",,intergrown euhedral fresh brown hornblende to 2mm (some with augite cores) and large blocky plagioclase prisms to 3mm,"brown hornblende (euhedral, fresh, to 2mm); plagioclase (blocky, variably sericitized, to 3mm); FeTi oxides (euhedral, sub-0.5mm, notably common, uneven); biotite (tan, elongate plates to 2mm); apatite (acicular, in plagioclase); sulfides:~25",variable sericitization of plagioclase,"~25% irregularly disseminated and patchy sulfides as irregular patches, streaks and tapering veinlets dominated by CHALCOPYRITE, with much less pyrrhotite and only small pentlandite areas; distribution suggests sulfide invaded post-crystallization of the gabbro","A strongly mineralized, quite coarse-grained hornblende gabbro with ~25% irregularly disseminated and patchy sulfides. Unlike the orthocumulates, sulfides do not occur as intercumulus blebs but as patches, streaks and tapering veinlets dominated by chalcopyrite with much less pyrrhotite and small pentlandite; the distribution suggests the sulfide invaded after crystallization.","Dr Anthony J Crawford, A & A Crawford Geological Research Consultants",2025-03-29
Asian Battery Metals March 2025 The Oval Summary Report.pdf,petrographic_description,OVD021@116.1m,,OVD021,116.1,,,polished thin section,Well-mineralized olivine+hornblende orthocumulate (approaching net-textured sulfides),,"orthocumulate; intercumulus augite overgrown by pale brown hornblende, remaining voids with tan biotite and minor plagioclase; cuspate sulfide blebs to almost 1cm filling interstitial spaces","olivine (cumulus, fresh and altered, <2mm, subrounded):30-35; augite (colourless, intercumulus); pale brown hornblende; biotite (tan); plagioclase (minor, epidote-altered); chromite (common in olivine and intercumulus phases)","olivine fresh to entirely serpentinized, with red-orange smectite clays replacing serpentine in some crystals","abundant cuspate sulfide blebs to ~1cm around cumulus grains, approaching net-textured (~10%S = ~25% sulfide load): dominantly pyrrhotite with common chalcopyrite patches (not limited to margins) and significantly less pentlandite; narrow magnetite bands along some pyrrhotite contacts against serpentinized olivines","Another well-mineralized olivine+hornblende orthocumulate with abundant (~30-35%) fresh and altered cumulus olivine and cuspate sulfide blebs reaching almost 1cm that fill interstitial spaces, approaching net-textured sulfide (~10%S, ~25% sulfide load). Small chromites are common in olivines and intercumulus augite/hornblende. Sulfides are pyrrhotite-dominated with common chalcopyrite and significantly less pentlandite.","Dr Anthony J Crawford, A & A Crawford Geological Research Consultants",2025-03-29
Asian Battery Metals March 2025 The Oval Summary Report.pdf,petrographic_description,OVD021@146.9m,,OVD021,146.9,,,polished thin section,Olivine+hornblende orthocumulate,,"orthocumulate with good textural preservation; rounded to almost euhedral altered olivines overgrown by augite, itself overgrown by brown hornblende","olivine (cumulus, talc-replaced):30-35; brown hornblende:20-25; augite (overgrowing olivine); phlogopite (tan blades, variably chloritized); plagioclase (stout prisms <0.5mm, epidote-replaced); actinolite (acicular, in intercumulus chlorite/serpentine); sulfide (blebs):~5",pervasive talc after cumulus olivine; intercumulus chlorite and/or serpentine; turbid microcrystalline epidote after plagioclase; narrow carbonate veinlet (largely plucked during sectioning),"~5% intercumulus sulfide blebs, mainly cuspate and pyrrhotite-dominated, with common associated chalcopyrite and variable pentlandite (up to 25% of several blebs)",An olivine+hornblende orthocumulate with ~5% sulfide blebs and good textural preservation despite pervasive talc replacement of cumulus olivines (30-35%). Olivines are overgrown by augite then brown hornblende (20-25% of the rock). Intercumulus sulfide blebs are pyrrhotite-dominated with chalcopyrite and up to 25% pentlandite in several blebs.,"Dr Anthony J Crawford, A & A Crawford Geological Research Consultants",2025-03-29
Asian Battery Metals March 2025 The Oval Summary Report.pdf,petrographic_description,OVD021@148.8m,,OVD021,148.8,,,polished thin section,Olivine+hornblende orthocumulate,,"orthocumulate; many cumulus olivines surrounded directly by crystallized intercumulus melt (plagioclase laths, phlogopite plates, apatite needles) rather than augite/hornblende overgrowths","olivine (cumulus, 0.5-2mm, talc-replaced, often euhedral):abundant; augite + brown hornblende (irregular patches):15-20; plagioclase (laths); phlogopite (common blades, in bright apple-green Cr-chlorite); apatite (needles); sulfide (blebs <2mm):few %",olivine entirely replaced by talc; phlogopites embedded in distinctive bright apple-green chlorite (Cr leakage),only a few % of sulfides as blebs <2mm; sulfides too poorly polished in this thin section to be informative,"Another olivine+hornblende orthocumulate with only a few percent of sulfide blebs <2mm. Cumulus olivines (0.5-2mm, talc-replaced, often euhedral) are commonly surrounded directly by crystallized intercumulus melt (plagioclase, phlogopite, apatite) rather than augite/hornblende overgrowths (the latter 15-20% of the rock). Sulfides are too poorly polished to be informative.","Dr Anthony J Crawford, A & A Crawford Geological Research Consultants",2025-03-29
Asian Battery Metals March 2025 The Oval Summary Report.pdf,petrographic_description,OVD021@165.2m,,OVD021,165.2,,,polished thin section,Vari-textured olivine hornblende microgabbro transitional to a hornblende dolerite,,finer-grained dominant part locally approaching ophitic; irregularly distributed coarser leucogabbroic patches 10-15% of rock,"olivine (talc-altered, mm-sized and smaller):5-10; plagioclase-augite-brown hornblende-FeTi oxide-phlogopite-apatite intergrowth; leucogabbroic patches (blocky zoned smoky plagioclase, hornblende, phlogopite, apatite, carbonate):10-15",talc after olivine; carbonate patches in coarser variant only,"sulfides limited to sparse, tiny spots of chalcopyrite","A vari-textured olivine hornblende microgabbro transitional to a hornblende dolerite, with ~5-10% talc-altered olivines in a plagioclase-augite-hornblende-FeTi oxide-phlogopite-apatite intergrowth locally approaching ophitic texture. Coarser leucogabbroic patches make up ~10-15% of the rock. Sulfides are limited to sparse tiny chalcopyrite spots.","Dr Anthony J Crawford, A & A Crawford Geological Research Consultants",2025-03-29
FW_ Petrology - Oval Nickel Project.zip :: Suggested Petro for the Oval 2024.xlsx,sample_list_entry,40900,40900,OVD-001,56.8,,,thin section / SEM-EDS sample (selection list),gabbro,,,,,nonmineralize,"ABM 'Suggested Petro for the Oval 2024' selection list entry: tag 40900, OVD-001 @ 56.8m, rock type 'gabbro', mineralization 'nonmineralize', SEM-EDS/report ref 'pdf1', lab/analyst 'Oyunjargal'.",Oyunjargal,2024 (list)
FW_ Petrology - Oval Nickel Project.zip :: Suggested Petro for the Oval 2024.xlsx,sample_list_entry,40913,40913,OVD-001,68.0,,,thin section / SEM-EDS sample (selection list),gabbro,,,,,semi-massive,"ABM 'Suggested Petro for the Oval 2024' selection list entry: tag 40913, OVD-001 @ 68.0m, rock type 'gabbro', mineralization 'semi-massive', SEM-EDS/report ref '3 and pdf1', lab/analyst 'Oyunjargal'.",Oyunjargal,2024 (list)
FW_ Petrology - Oval Nickel Project.zip :: Suggested Petro for the Oval 2024.xlsx,sample_list_entry,40910,40910,OVD-002,37.0,,,thin section / SEM-EDS sample (selection list),gabbro,,,,,disseminate,"ABM 'Suggested Petro for the Oval 2024' selection list entry: tag 40910, OVD-002 @ 37.0m, rock type 'gabbro', mineralization 'disseminate', SEM-EDS/report ref 'pdf2', lab/analyst 'Mireslab'.",Mireslab,2024 (list)
FW_ Petrology - Oval Nickel Project.zip :: Suggested Petro for the Oval 2024.xlsx,sample_list_entry,41012,41012,OVD-003,155.3,,,thin section / SEM-EDS sample (selection list),Gabbro,,,,,,"ABM 'Suggested Petro for the Oval 2024' selection list entry: tag 41012, OVD-003 @ 155.3m, rock type 'Gabbro', mineralization 'None', SEM-EDS/report ref '2', lab/analyst 'Khanlab'.",Khanlab,2024 (list)
FW_ Petrology - Oval Nickel Project.zip :: Suggested Petro for the Oval 2024.xlsx,sample_list_entry,41027,41027,OVD-005,13.4,,,thin section / SEM-EDS sample (selection list),Gabbro,,,,,,"ABM 'Suggested Petro for the Oval 2024' selection list entry: tag 41027, OVD-005 @ 13.4m, rock type 'Gabbro', mineralization 'None', SEM-EDS/report ref '2', lab/analyst 'Khanlab'.",Khanlab,2024 (list)
FW_ Petrology - Oval Nickel Project.zip :: Suggested Petro for the Oval 2024.xlsx,sample_list_entry,40628,40628,OVD-005,40.5,,,thin section / SEM-EDS sample (selection list),gabbro,,,,,disseminate,"ABM 'Suggested Petro for the Oval 2024' selection list entry: tag 40628, OVD-005 @ 40.5m, rock type 'gabbro', mineralization 'disseminate', SEM-EDS/report ref 'pdf2', lab/analyst 'Mireslab'.",Mireslab,2024 (list)
FW_ Petrology - Oval Nickel Project.zip :: Suggested Petro for the Oval 2024.xlsx,sample_list_entry,40635,40635,OVD-005,53.0,,,thin section / SEM-EDS sample (selection list),gabbro,,,,,disseminate,"ABM 'Suggested Petro for the Oval 2024' selection list entry: tag 40635, OVD-005 @ 53.0m, rock type 'gabbro', mineralization 'disseminate', SEM-EDS/report ref 'pdf2', lab/analyst 'Mireslab'.",Mireslab,2024 (list)
FW_ Petrology - Oval Nickel Project.zip :: Suggested Petro for the Oval 2024.xlsx,sample_list_entry,40645,40645,OVD-005,71.0,,,thin section / SEM-EDS sample (selection list),gabbro,,,,,weakly mineralized,"ABM 'Suggested Petro for the Oval 2024' selection list entry: tag 40645, OVD-005 @ 71.0m, rock type 'gabbro', mineralization 'weakly mineralized', SEM-EDS/report ref 'pdf2', lab/analyst 'Mireslab'.",Mireslab,2024 (list)
FW_ Petrology - Oval Nickel Project.zip :: Suggested Petro for the Oval 2024.xlsx,sample_list_entry,41011,41011,OVD-007,50.0,,,thin section / SEM-EDS sample (selection list),Gabbro,,,,,,"ABM 'Suggested Petro for the Oval 2024' selection list entry: tag 41011, OVD-007 @ 50.0m, rock type 'Gabbro', mineralization 'None', SEM-EDS/report ref '2', lab/analyst 'Khanlab'.",Khanlab,2024 (list)
FW_ Petrology - Oval Nickel Project.zip :: Suggested Petro for the Oval 2024.xlsx,sample_list_entry,41031,41031,OVD-007,55.9,,,thin section / SEM-EDS sample (selection list),Gabbro,,,,,,"ABM 'Suggested Petro for the Oval 2024' selection list entry: tag 41031, OVD-007 @ 55.9m, rock type 'Gabbro', mineralization 'None', SEM-EDS/report ref '2', lab/analyst 'Khanlab'.",Khanlab,2024 (list)
FW_ Petrology - Oval Nickel Project.zip :: Suggested Petro for the Oval 2024.xlsx,sample_list_entry,41025,41025,OVD-007,58.2,,,thin section / SEM-EDS sample (selection list),Gabbro,,,,,,"ABM 'Suggested Petro for the Oval 2024' selection list entry: tag 41025, OVD-007 @ 58.2m, rock type 'Gabbro', mineralization 'None', SEM-EDS/report ref '2', lab/analyst 'Khanlab'.",Khanlab,2024 (list)
FW_ Petrology - Oval Nickel Project.zip :: Suggested Petro for the Oval 2024.xlsx,sample_list_entry,41026,41026,OVD-007,87.8,,,thin section / SEM-EDS sample (selection list),Gabbro,,,,,,"ABM 'Suggested Petro for the Oval 2024' selection list entry: tag 41026, OVD-007 @ 87.8m, rock type 'Gabbro', mineralization 'None', SEM-EDS/report ref '2', lab/analyst 'Khanlab'.",Khanlab,2024 (list)
FW_ Petrology - Oval Nickel Project.zip :: Suggested Petro for the Oval 2024.xlsx,sample_list_entry,41028,41028,OVD-008,27.3,,,thin section / SEM-EDS sample (selection list),Gabbro,,,,,,"ABM 'Suggested Petro for the Oval 2024' selection list entry: tag 41028, OVD-008 @ 27.3m, rock type 'Gabbro', mineralization 'None', SEM-EDS/report ref '2', lab/analyst 'Khanlab'.",Khanlab,2024 (list)
FW_ Petrology - Oval Nickel Project.zip :: Suggested Petro for the Oval 2024.xlsx,sample_list_entry,41032,41032,OVD-008,39.5,,,thin section / SEM-EDS sample (selection list),Gabbro,,,,,,"ABM 'Suggested Petro for the Oval 2024' selection list entry: tag 41032, OVD-008 @ 39.5m, rock type 'Gabbro', mineralization 'None', SEM-EDS/report ref '2', lab/analyst 'Khanlab'.",Khanlab,2024 (list)
FW_ Petrology - Oval Nickel Project.zip :: Suggested Petro for the Oval 2024.xlsx,sample_list_entry,41013,41013,OVD-008,40.1,,,thin section / SEM-EDS sample (selection list),Gabbro,,,,,,"ABM 'Suggested Petro for the Oval 2024' selection list entry: tag 41013, OVD-008 @ 40.1m, rock type 'Gabbro', mineralization 'None', SEM-EDS/report ref '2', lab/analyst 'Khanlab'.",Khanlab,2024 (list)
FW_ Petrology - Oval Nickel Project.zip :: Suggested Petro for the Oval 2024.xlsx,sample_list_entry,41029,41029,OVD-008,60.3,,,thin section / SEM-EDS sample (selection list),Gabbro,,,,,,"ABM 'Suggested Petro for the Oval 2024' selection list entry: tag 41029, OVD-008 @ 60.3m, rock type 'Gabbro', mineralization 'None', SEM-EDS/report ref '2', lab/analyst 'Khanlab'.",Khanlab,2024 (list)
FW_ Petrology - Oval Nickel Project.zip :: Suggested Petro for the Oval 2024.xlsx,sample_list_entry,40763,40763,OVD-008,84.5,,,thin section / SEM-EDS sample (selection list),gabbro,,,,,disseminate,"ABM 'Suggested Petro for the Oval 2024' selection list entry: tag 40763, OVD-008 @ 84.5m, rock type 'gabbro', mineralization 'disseminate', SEM-EDS/report ref '3', lab/analyst 'Oyunjargal'.",Oyunjargal,2024 (list)
FW_ Petrology - Oval Nickel Project.zip :: Suggested Petro for the Oval 2024.xlsx,sample_list_entry,41030,41030,OVD-008,88.9,,,thin section / SEM-EDS sample (selection list),Gabbro,,,,,,"ABM 'Suggested Petro for the Oval 2024' selection list entry: tag 41030, OVD-008 @ 88.9m, rock type 'Gabbro', mineralization 'None', SEM-EDS/report ref '2', lab/analyst 'Khanlab'.",Khanlab,2024 (list)
FW_ Petrology - Oval Nickel Project.zip :: Suggested Petro for the Oval 2024.xlsx,sample_list_entry,41024,41024,OVD-008,90.5,,,thin section / SEM-EDS sample (selection list),Gabbro,,,,,,"ABM 'Suggested Petro for the Oval 2024' selection list entry: tag 41024, OVD-008 @ 90.5m, rock type 'Gabbro', mineralization 'None', SEM-EDS/report ref '2', lab/analyst 'Khanlab'.",Khanlab,2024 (list)
FW_ Petrology - Oval Nickel Project.zip :: Suggested Petro for the Oval 2024.xlsx,sample_list_entry,41021,41021,OVD-009,126.7,,,thin section / SEM-EDS sample (selection list),Gabbro,,,,,,"ABM 'Suggested Petro for the Oval 2024' selection list entry: tag 41021, OVD-009 @ 126.7m, rock type 'Gabbro', mineralization 'None', SEM-EDS/report ref '1', lab/analyst 'Khanlab'.",Khanlab,2024 (list)
FW_ Petrology - Oval Nickel Project.zip :: Suggested Petro for the Oval 2024.xlsx,sample_list_entry,41020,41020,OVD-009,143.0,,,thin section / SEM-EDS sample (selection list),Gabbro,,,,,Mineralized,"ABM 'Suggested Petro for the Oval 2024' selection list entry: tag 41020, OVD-009 @ 143.0m, rock type 'Gabbro', mineralization 'Mineralized', SEM-EDS/report ref '1', lab/analyst 'Khanlab'.",Khanlab,2024 (list)
FW_ Petrology - Oval Nickel Project.zip :: Suggested Petro for the Oval 2024.xlsx,sample_list_entry,41015,41015,OVD-009,149.5,,,thin section / SEM-EDS sample (selection list),Gabbro,,,,,,"ABM 'Suggested Petro for the Oval 2024' selection list entry: tag 41015, OVD-009 @ 149.5m, rock type 'Gabbro', mineralization 'None', SEM-EDS/report ref '1', lab/analyst 'Khanlab'.",Khanlab,2024 (list)
FW_ Petrology - Oval Nickel Project.zip :: Suggested Petro for the Oval 2024.xlsx,sample_list_entry,41023,41023,OVD-009,151.6,,,thin section / SEM-EDS sample (selection list),Gabbro,,,,,Mineralized,"ABM 'Suggested Petro for the Oval 2024' selection list entry: tag 41023, OVD-009 @ 151.6m, rock type 'Gabbro', mineralization 'Mineralized', SEM-EDS/report ref '1', lab/analyst 'Khanlab'.",Khanlab,2024 (list)
FW_ Petrology - Oval Nickel Project.zip :: Suggested Petro for the Oval 2024.xlsx,sample_list_entry,41017,41017,OVD-009,161.0,,,thin section / SEM-EDS sample (selection list),Gabbro,,,,,,"ABM 'Suggested Petro for the Oval 2024' selection list entry: tag 41017, OVD-009 @ 161.0m, rock type 'Gabbro', mineralization 'None', SEM-EDS/report ref '1', lab/analyst 'Khanlab'.",Khanlab,2024 (list)
FW_ Petrology - Oval Nickel Project.zip :: Suggested Petro for the Oval 2024.xlsx,sample_list_entry,41016,41016,OVD-009,171.5,,,thin section / SEM-EDS sample (selection list),Gabbro,,,,,,"ABM 'Suggested Petro for the Oval 2024' selection list entry: tag 41016, OVD-009 @ 171.5m, rock type 'Gabbro', mineralization 'None', SEM-EDS/report ref '1', lab/analyst 'Khanlab'.",Khanlab,2024 (list)
FW_ Petrology - Oval Nickel Project.zip :: Suggested Petro for the Oval 2024.xlsx,sample_list_entry,41014,41014,OVD-009,195.2,,,thin section / SEM-EDS sample (selection list),Gabbro,,,,,,"ABM 'Suggested Petro for the Oval 2024' selection list entry: tag 41014, OVD-009 @ 195.2m, rock type 'Gabbro', mineralization 'None', SEM-EDS/report ref '1', lab/analyst 'Khanlab'.",Khanlab,2024 (list)
