sample_id,hole_id_norm,depth_from_m,depth_to_m,Au_ppm__PGM_ICP27,Pt_ppm__PGM_ICP27,Pd_ppm__PGM_ICP27,Ag_ppm__ME_ICP61,Al_pct__ME_ICP61,As_ppm__ME_ICP61,Ba_ppm__ME_ICP61,Be_ppm__ME_ICP61,Bi_ppm__ME_ICP61,Ca_pct__ME_ICP61,Cd_ppm__ME_ICP61,Co_ppm__ME_ICP61,Cr_ppm__ME_ICP61,Cu_ppm__ME_ICP61,Cu_pct__Cu_OG62,Fe_pct__ME_ICP61,Ga_ppm__ME_ICP61,K_pct__ME_ICP61,La_ppm__ME_ICP61,Li_ppm__ME_ICP61,Mg_pct__ME_ICP61,MgO_pct__ME_ICP61,Mn_ppm__ME_ICP61,Mo_ppm__ME_ICP61,Na_pct__ME_ICP61,Ni_ppm__ME_ICP61,Ni_pct_ppm__Ni_OG62,P_pct__ME_ICP61,Pb_ppm__ME_ICP61,S_pct__ME_ICP61,Sb_ppm__ME_ICP61,Sc_ppm__ME_ICP61,Sr_ppm__ME_ICP61,Th_ppm__ME_ICP61,Ti_pct__ME_ICP61,Tl_ppm__ME_ICP61,U_ppm__ME_ICP61,V_ppm__ME_ICP61,W_ppm__ME_ICP61,Zn_ppm__ME_ICP61,Zr_ppm__IC40M,Se_PPM__IC40M,Rb_PPM__IC40M,Y_PPM__IC40M,Nb_PPM__IC40M,In_PPM__IC40M,Sn_PPM__IC40M,Te_PPM__IC40M,Cs_PPM__IC40M,Ce_PPM__IC40M,Tb_PPM__IC40M,Yb_PPM__IC40M,Lu_PPM__IC40M,Hf_PPM__IC40M,Ta_PPM__IC40M,Pr_PPM__IC90M,Nd_PPM__IC90M,Sm_PPM__IC90M,Eu_PPM__IC90M,Gd_PPM__IC90M,Dy_PPM__IC90M,Ho_PPM__IC90M,Er_PPM__IC90M,Tm_PPM__IC90M,Ge_PPM__IC90M,Al2O3_pct__ME_XRF26,BaO_pct__ME_XRF26,CaO_pct__ME_XRF26,Cr2O3_pct__ME_XRF26,Fe2O3_pct__ME_XRF26,K2O_pct__ME_XRF26,MgO_pct__ME_XRF26,MnO_pct__ME_XRF26,Na2O_pct__ME_XRF26,P2O5_pct__ME_XRF26,SO3_pct__ME_XRF26,SiO2_pct__ME_XRF26,SrO_pct__ME_XRF26,TiO2_pct__ME_XRF26,Total_pct__ME_XRF26,PbO_pct__XRF76V,CuO_pct__XRF76V,TiO2_pct__XRF76V,V2O5_pct__XRF76V,ZnO_pct__XRF76V
40903,OVD001,7.15,,0.131,0.12,0.11,8.34,0.24,5,11,5,0.3,3.81,0.8,43.6,80,5986,0.5986,10,1,0.1,0.1,10,0.09,0.14922,124,3,,316,0.0316,0.01,5,0.21,0.1,5,129,0.1,0.01,0.5,4.36,7,1,5,5.1,,0.2,1.1,1,0.2,1,2.78,0.1,0.1,0.05,0.1,0.05,1,0.5,0.05,0.6,0.1,0.05,0.17,0.13,0.05,0.09,0.05,1,,,,,,,,,,,,,,,,,,,,
40908,OVD001,8.6,,0.114,0.16,0.17,23.2,1,5,26,5,2.4,4.27,2.1,234,202,10000,24.34,22.4,1,0.1,1.1,10,0.14,0.23212000000000002,270,5,,2060,0.206,0.01,52,2.97,0.1,5,217,0.1,0.03,0.5,3.87,27,1,36,1.4,,0.2,2.1,1,0.3,4,2.15,0.1,3.9,0.08,0.2,0.05,1,0.5,0.41,1.7,0.4,0.15,0.55,0.47,0.11,0.23,0.05,1,,,,,,,,,,,,,,,,,,,,
40914,OVD001,9.4,,0.114,0.16,0.17,23.2,1,5,26,5,2.4,4.27,2.1,234,202,10000,24.34,22.4,1,0.1,1.1,10,0.14,0.23212000000000002,270,5,,2060,0.206,0.01,52,2.97,0.1,5,217,0.1,0.03,0.5,3.87,27,1,36,1.4,,0.2,2.1,1,0.3,4,2.15,0.1,3.9,0.08,0.2,0.05,1,0.5,0.41,1.7,0.4,0.15,0.55,0.47,0.11,0.23,0.05,1,,,,,,,,,,,,,,,,,,,,
40899,OVD001,15.5,,0.064,0.02,0.018,1.46,7.97,13,193,5,0.3,1.5,0.3,278,235,7757,0.7757,10.59,17,0.1,9.6,44,3.07,5.090059999999999,1063,2,,6397,0.6397,0.04,19,0.03,0.2,34,829,1.6,0.4,0.5,2.59,199,1,147,43.2,,2.6,11.4,2,0.2,1,0.34,1.3,22.4,0.47,1.5,0.24,2,0.5,3.06,14.4,3.3,1.1,3.08,2.6,0.48,1.32,0.23,3,15.71,0.26,2.28,0.04,18.26,0.32,5.13,0.15,1.6,0.15,0.1,44.74,,0.76,,0.01,0.79,0.76,0.03,0.01
40905,OVD001,35.8,,0.005,0.01,0.004,0.68,9.96,6,218,5,0.1,1.35,0.3,40,137,662,0.0662,7.43,21,0.94,10.8,68,2.74,4.5429200000000005,1322,2,,355,0.0355,0.07,9,0.02,0.4,33,338,1.5,0.67,0.5,1.02,222,1,111,94.1,,21.5,26.2,5,0.2,2,0.09,0.9,23.1,0.74,2.7,0.47,3,0.5,3.24,15.6,3.8,1.31,4.67,4.81,0.96,2.85,0.39,2,18.11,0.05,1.83,0.02,10.93,1.33,4.39,0.17,2.5,0.17,0.1,51.59,,1.1,,0.01,0.05,1.1,0.04,0.01
40900,OVD001,56.8,,0.017,0.02,0.018,0.45,5.05,5,129,5,0.1,7.03,0.3,96,811,861,0.0861,6.51,10,0.1,9.4,70,9.75,16.165499999999998,1264,2,,983,0.0983,0.08,9,0.12,0.1,17,353,0.6,0.46,0.5,0.77,103,1,60,22.6,,3.6,13.4,3,0.2,1,0.19,1.3,21.4,0.41,1.3,0.18,2,0.5,2.86,12.5,2.8,0.94,2.72,2.64,0.48,1.3,0.2,1,9.27,0.07,9.53,0.13,11.06,0.37,15.31,0.18,0.83,0.18,0.3,38.12,,0.76,,0.01,0.08,0.76,0.02,0.01
40907,OVD001,62.4,,0.021,0.02,0.017,0.76,5.99,5,224,5,0.2,6.08,0.3,87.4,623,919,0.0919,7.31,12,0.1,12.3,41,8.53,14.142739999999998,1362,2,,881,0.0881,0.09,12,1.41,0.1,21,444,0.9,0.53,0.5,0.73,135,1,79,23.5,,4.1,18.6,4,0.2,1,0.22,0.8,27.9,0.58,1.9,0.26,3,0.5,3.66,16.2,3.5,1.13,3.93,3.55,0.69,1.85,0.25,2,11.23,0.05,8.48,0.1,11.18,0.53,13.86,0.19,1.66,0.24,2.64,41.17,,0.92,,0.01,0.08,0.92,0.03,0.01
40913,OVD001,68.0,,0.122,0.2,0.216,4.17,5.52,9,105,5,1.8,0.84,1.8,542,195,8698,0.8698,19.33,11,0.1,7.5,42,2.94,4.8745199999999995,1084,2,,1.19,0.00011899999999999999,0.03,42,14.66,0.5,18,220,0.8,0.33,0.5,0.55,113,1,97,13.1,,5.4,13.6,3,0.2,2,2.1,0.9,16.2,0.41,1.5,0.24,2,0.5,2.06,9.5,2.3,0.7,2.59,2.71,0.52,1.4,0.21,2,10.98,0.15,1.4,0.03,30.37,0.51,4.54,0.17,1.6,0.12,9.89,32.27,,0.59,,0.01,0.67,0.59,0.02,0.01
40901,OVD002,20.4,,0.038,0.03,0.041,2.86,4.27,5,64,5,1.3,2.37,0.8,178,1076,5019,0.5019,12.52,9,0.24,8.1,25,10.23,16.96134,991,2,,3378,0.3378,0.04,28,0.1,0.2,15,258,0.8,0.39,0.5,1.7,97,1,106,64,,1.8,12.6,3,0.2,2,0.9,0.8,19,0.46,1.2,0.19,2,0.5,2.67,11.9,2.7,0.88,2.71,2.58,0.52,1.41,0.21,1,7.43,0.01,3.6,0.18,18.38,0.14,16.41,0.15,0.51,0.15,0.23,39.77,,0.69,,0.01,1.03,0.69,0.01,0.02
40910,OVD002,37.0,,0.052,0.06,0.063,3.11,5.74,5,147,5,1.4,2.83,1.5,175,658,4213,0.4213,10.97,13,0.17,12.9,22,9.46,15.68468,1208,2,,3441,0.3441,0.09,17,2.75,0.2,18,290,1.7,0.51,0.5,0.49,126,1,97,95.3,,4,17.4,3,0.2,2,1.02,0.2,29.1,0.57,1.8,0.23,2,0.5,3.93,17.2,3.7,1.2,3.79,3.36,0.65,1.78,0.25,2,10.6,0.01,4.28,0.1,15.52,0.37,15.09,0.17,1.3,0.26,4.51,42.08,,0.89,,0.01,0.49,0.89,0.02,0.02
40909,OVD002,51.6,,0.001,0.01,0.005,0.02,7.99,7,158,0.9,0.04,0.39,0.04,30.4,171,91.8,0.009179999999999999,8.25,22.8,1.36,2.5,71,3.15,5.2227,1020,0.27,1.58,102,0.0102,0.0322,3.4,0.28,0.11,28.8,146,0.5,0.23,0.1,0.6,172,0.3,69,22.9,2,11.5,6.3,1.6,0.04,0.3,,1,6.65,0.26,1.1,0.17,1.07,0.11,,,,,,,,,,,,,,,,,,,,,,,,,,,,,,
40911,OVD002,75.5,,0.003,0.01,0.004,0.22,7.83,6,224,1,0.07,0.92,0.09,28.3,106,98.6,0.009859999999999999,7.3,21.5,1.57,8,76,2.44,4.04552,1040,0.7,2.19,68.3,0.00683,0.0591,7.6,0.99,0.27,27.4,427,1.2,0.39,0.14,0.96,188,0.3,108,86.1,2,26.1,15.8,2.6,0.09,0.9,,1,18.7,0.52,2,0.3,2.86,0.17,,,,,,,,,,,,,,,,,,,,,,,,,,,,,,
40902,OVD002,87.4,,0.002,0.01,0.002,0.17,8.31,5,85,0.6,0.05,5.59,0.07,17.9,24,66,0.0066,6.86,17.4,0.63,8.8,81,1.95,3.2331,2596,0.46,2.72,13.1,0.00131,0.0817,5.7,0.29,0.13,25.3,348,1,0.64,0.06,0.65,187,0.4,102,98,2,13.5,28.7,2,0.08,0.9,,1,21.1,0.83,2.9,0.42,3.11,0.14,,,,,,,,,,,,,,,,,,,,,,,,,,,,,,
40906,OVD002,126.4,,0.002,0.01,0.003,0.13,9,5,231,0.8,0.06,3.55,0.09,26.7,150,90.4,0.009040000000000001,6.88,20.1,1.14,10,86,2.68,4.44344,1107,0.42,2.5,65.5,0.00655,0.0558,8.2,0.71,0.21,30.7,456,1.7,0.49,0.11,0.98,159,0.4,89,91.6,2,21.5,22.4,3.1,0.06,0.8,,1,23.3,0.66,2.3,0.33,2.89,0.21,,,,,,,,,,,,,,,,,,,,,,,,,,,,,,
40912,OVD002,137.6,,0.001,0.01,0.003,0.15,8.86,4,164,0.6,0.04,2.53,0.09,21.7,82,66.2,0.00662,6.89,19.3,0.84,3.9,89,2,3.316,1112,0.31,4.14,37.4,0.00374,0.0375,4.6,0.71,0.22,24.3,336,0.7,0.55,0.08,0.36,166,0.3,96,66.7,2,7.5,16.1,2.2,0.06,0.9,,1,9.99,0.51,1.9,0.25,2.35,0.15,,,,,,,,,,,,,,,,,,,,,,,,,,,,,,
41012,OVD003,155.3,,0.012,0.01,0.013,0.53,6.84,5,157,5,0.3,4.31,0.5,104,655,1098,0.1098,9.04,14,0.2,14.4,23,8.97,14.87226,1283,2,,1257,0.1257,0.11,9,0.89,0.2,23,460,1.4,0.63,0.5,0.49,147,1,97,90.6,,3.9,22,5,0.2,1,0.26,0.3,30.6,0.66,2,0.31,3,0.5,4.03,18,4.5,1.4,4.82,3.9,0.84,2.18,0.34,2,12.2,0.05,5.87,0.09,11.59,0.33,14.15,0.18,2.05,0.25,1.73,45.04,,1.02,,0.01,0.07,1.02,0.01,0.01
40530,OVD003,157.5,,0.037,0.04,0.048,2.48,6.49,5,154,5,1,3.83,1,152,653,3680,0.368,11.34,14,0.17,11.9,25,8.81,14.60698,1264,2,,2793,0.2793,0.1,14,2.87,0.1,22,390,1.1,0.58,0.5,0.46,138,1,100,90.3,,3.9,19.9,5,0.2,2,0.83,0.4,28.3,0.6,1.9,0.3,3,0.5,3.73,16.5,4.2,1.23,4.32,3.34,0.78,2.21,0.3,2,11.38,0.12,5.13,0.09,14.31,0.32,13.59,0.17,1.62,0.25,4.16,41.86,,0.92,,0.01,0.15,0.92,0.01,0.01
40574,OVD004,28.0,,0.048,0.03,0.041,1.19,6.65,5,132,5,0.5,4.04,1.1,107,485,1704,0.1704,10.69,12,0.3,9.2,25,6.1,10.1138,935,2,,1607,0.1607,0.08,14,1.23,0.2,22,411,0.9,0.5,0.5,0.46,124,1,77,91.3,,1.9,15.7,4,0.2,1,0.9,0.9,21.7,0.51,1.6,0.22,2,0.5,2.8,12.9,3.2,1.06,3.42,3.1,0.61,1.59,0.24,2,10.62,0.04,5.54,0.07,14.27,0.21,8.71,0.13,1.74,0.21,2.52,47.86,,0.86,,0.01,0.17,0.86,0.03,0.01
40579,OVD004,36.0,,0.002,0.01,0.004,0.22,12.53,13,289,1,0.09,0.61,0.34,40.2,138,224,0.0224,8.27,22.2,1.78,5.3,94,2.66,4.41028,888,3.36,1.49,567,0.0567,0.077,8.2,0.49,0.39,30.2,468,1.1,0.5,0.21,1.63,191,0.6,107,73.2,4,21.3,13.3,3.2,0.09,1,0.09,2,13.4,0.46,1.8,0.26,2.26,0.22,,,,,,,,,,,,,,,,,,,,,,,,,,,,,,
40605,OVD004,91.0,,0.01,0.01,0.001,0.43,8.85,1,572,1.4,0.04,4.67,0.09,22.7,64,25.4,0.0025399999999999997,6.05,20.1,1.19,45.1,26,2.45,4.0621,986,0.54,3.13,40.7,0.004070000000000001,0.2711,7.8,0.26,0.08,16.4,1220,5.1,0.84,0.06,1.4,175,0.3,95,166,2,13.1,25.5,8.5,0.06,1.2,0.05,1,103,0.97,2.1,0.32,5.39,0.48,,,,,,,,,,,,,,,,,,,,,,,,,,,,,,
41027,OVD005,13.4,,0.008,0.01,0.005,0.26,3.96,5,165,5,0.1,7.19,0.2,88.5,967,506,0.0506,7.27,8,0.94,5.7,30,11.06,18.33748,1154,2,,809,0.0809,0.05,7,0.01,0.1,14,305,0.7,0.3,0.5,0.73,81,1,77,37.3,,4.7,8.9,2,0.2,1,0.07,1.5,18.8,0.39,1.2,0.16,1,0.5,2.57,11.2,2.5,0.79,2.53,2.06,0.48,1.32,0.17,1,6.72,0.04,8.97,0.14,10.88,0.23,18.19,0.17,0.71,0.13,0.04,37.27,,0.51,,0.01,0.04,0.51,0.01,0.01
40628,OVD005,40.5,,0.024,0.02,0.029,1.98,3.56,5,172,5,0.8,2.42,0.7,195,1372,2952,0.2952,12.34,8,0.84,4.1,15,14.98,24.83684,1378,2,,3195,0.3195,0.06,22,2.55,0.1,13,234,0.5,0.32,0.5,0.12,79,1,103,38,,5.2,7.8,2,0.2,1,0.51,1.1,15.2,0.33,1,0.15,1,0.5,2.06,9.4,2.1,0.71,2.05,1.97,0.4,1.2,0.14,1,5.94,0.07,3.03,0.17,16.41,0.32,24.62,0.19,0.59,0.18,4.33,38.32,,0.46,,0.01,0.09,0.46,0.01,0.01
40635,OVD005,53.0,,0.028,0.02,0.027,1.96,3.69,5,115,5,0.8,2.74,0.5,173,961,2682,0.2682,10.83,8,0.78,4.6,24,13.82,22.91356,1259,2,,2468,0.2468,0.05,234,2.55,0.2,13,271,0.7,0.3,0.5,0.2,65,1,97,51.1,,5.3,9.2,2,0.2,1,0.57,1.1,16.1,0.35,1.1,0.18,1,0.5,2.15,9.9,2.1,0.69,2.65,2.06,0.41,1.17,0.14,1,6.73,0.14,3.63,0.15,16.32,0.36,23.59,0.2,0.72,0.11,4.23,39.35,,0.53,,0.01,0.16,0.53,0.01,0.01
40645,OVD005,71.0,,0.009,0.01,0.016,0.55,5.25,9,139,5,0.3,3.97,0.2,118,933,2302,0.2302,9.8,11,0.49,5.7,43,12,19.896,1352,17,,1330,0.133,0.07,25,0.9,1.1,16,381,0.7,0.45,0.5,0.24,98,1,201,79,,8.2,12.4,3,0.2,1,0.18,2,19.5,0.47,1.5,0.22,2,0.5,2.7,12.1,3,0.92,3.41,2.91,0.62,1.58,0.22,1,9,0.06,4.96,0.13,12.66,0.49,19.19,0.19,0.88,0.2,1.8,42.36,,0.73,,0.01,0.05,0.73,0.01,0.01
41011,OVD007,50.0,,0.021,0.02,0.021,1.35,3.74,5,112,5,0.5,2.76,0.5,157,1298,1739,0.1739,11.83,10,0.9,6.4,18,14.95,24.7871,1383,2,,2108,0.2108,0.05,13,1.52,0.3,11,288,0.5,0.31,0.5,0.42,89,1,109,39.6,,7.4,10.6,2,0.2,1,0.32,1,15.5,0.33,1,0.16,1,0.5,2.12,8.8,2,0.61,2.15,1.97,0.36,1,0.13,3,5.83,0.01,3.65,0.17,15.27,0.39,22.76,0.22,0.49,0.13,2.98,39.95,,0.5,,0.01,0.06,0.5,0.01,0.01
41031,OVD007,55.9,,0.004,0.01,0.01,1.14,7.45,5,343,5,0.2,4.03,0.2,88.7,476,716,0.0716,9.07,16,0.78,6.1,39,8.55,14.1759,1601,2,,785,0.0785,0.05,7,1.4,0.2,30,856,0.6,0.28,0.5,0.39,198,1,87,20.2,,7.3,12.4,1,0.2,1,0.23,0.5,15.5,0.41,1.3,0.19,1,0.5,2.1,10.1,2.4,0.92,2.7,2.54,0.46,1.18,0.2,4,13.97,0.05,5.52,0.06,12.34,0.44,13.8,0.23,1.73,0.14,2.51,41.9,,0.46,,0.01,0.04,0.46,0.01,0.01
41025,OVD007,58.2,,0.007,0.01,0.012,1.18,5.2,5,109,5,0.1,3.25,0.2,109,1150,381,0.0381,8.98,14,0.76,8.7,33,12.46,20.65868,1292,2,,953,0.0953,0.08,42,0.83,0.3,16,314,0.7,0.45,0.5,0.4,114,1,94,75.2,,9.4,14.5,3,0.2,1,0.15,2.4,21.4,0.52,1.5,0.21,2,0.5,2.94,12.2,2.9,0.94,3.19,2.9,0.57,1.5,0.22,3,8.8,0.06,5.28,0.11,11.81,0.33,18.15,0.2,1.2,0.15,1.57,44.24,,0.54,,0.01,0.09,0.54,0.02,0.01
41026,OVD007,87.8,,0.013,0.01,0.01,0.33,9,9,222,5,0.1,3.15,0.3,57.2,301,597,0.0597,7.6,17,0.66,12.9,44,4.33,7.179139999999999,1186,2,,620,0.062,0.13,16,0.73,0.2,22,553,1.7,0.66,0.5,0.88,144,1,95,136,,16.6,30.1,4,0.2,1,0.16,1,34.7,1.01,2.8,0.43,3,0.5,4.97,22,5.4,1.58,5.53,5.64,1.46,3.35,0.51,2,16.8,0.06,4.5,0.04,10.22,1.12,7.06,0.16,2.32,0.3,1.43,50.09,,1,,0.01,0.05,1,0.02,0.01
40715,OVD007,98.2,98.2,0.002,0.01,0.001,0.02,8.25,6,85,0.7,0.04,5.78,0.07,21.2,49,79.6,0.00796,6.48,17.7,0.48,9.6,80,2.37,3.92946,2335,0.62,3,37.1,0.00371,0.0984,4.3,0.32,0.14,22.3,386,1,0.64,0.05,0.7,192,0.4,95,91.3,2,8.6,28.5,2.3,0.07,0.9,0.05,1,23.7,0.8,2.9,0.44,3.04,0.44,,,,,,,,,,,,,,,,,,,,,,,,,,,,,,
41028,OVD008,27.3,,0.001,0.01,0.01,0.12,7.61,5,261,5,0.1,4.82,0.2,46.7,498,31,0.0031,6.57,16,0.77,16.4,17,5.65,9.3677,1149,2,,204,0.0204,0.1,7,0.01,0.2,24,626,1.7,0.46,0.5,0.31,133,1,66,93.1,,11.1,20.6,4,0.2,1,0.22,0.4,39.8,0.71,2.3,0.32,3,0.5,4.89,21.3,4.7,1.43,4.76,4.1,0.82,2.33,0.33,2,13.55,0.04,6.21,0.06,9.36,0.71,9.83,0.16,2.97,0.24,0.01,47.96,,0.69,,0.01,0.01,0.69,0.01,0.01
41032,OVD008,39.5,,0.001,0.01,0.01,0.06,7.01,5,228,5,0.1,5.36,0.2,57.8,628,35,0.0035,6.99,14,0.68,12.2,25,6.95,11.5231,1248,2,,237,0.0237,0.09,6,0.12,0.2,27,638,1.3,0.5,0.5,0.48,145,6,66,105,,8.3,17.5,3,0.2,1,0.52,0.5,30.4,0.59,1.7,0.27,2,0.5,3.76,17.1,3.9,1.26,4.05,3.38,0.68,2.07,0.29,2,12.69,0.03,7.01,0.09,10.45,0.61,12.21,0.17,2.28,0.21,0.17,46.44,,0.77,,0.01,0.01,0.77,0.01,0.01
41013,OVD008,40.1,,0.001,0.01,0.01,0.02,7.21,5,229,5,0.1,5.66,0.2,62.7,712,34,0.0034,7.49,15,0.66,11.9,22,7.64,12.667119999999999,1321,2,,278,0.0278,0.09,9,0.1,0.1,27,632,1.2,0.5,0.5,0.36,144,1,68,84,,8.6,16.9,3,0.2,1,0.2,0.5,29.7,0.57,1.8,0.26,2,0.5,3.76,16.8,3.7,1.23,4.11,3.41,0.67,1.92,0.25,2,12.67,0.03,7.23,0.09,10.47,0.63,12.53,0.17,1.94,0.2,0.14,46.93,,0.76,,0.01,0.01,0.76,0.01,0.01
41029,OVD008,60.3,,0.001,0.01,0.01,0.41,5.4,5,152,5,0.1,4.27,0.2,72.6,874,44,0.0044,7.72,11,0.42,9.5,31,9.69,16.066019999999998,1299,2,,423,0.0423,0.08,8,0.06,0.1,23,399,1,0.39,0.5,0.42,118,1,75,99.7,,5.1,12.6,2,0.2,1,0.22,0.8,24.6,0.43,1.4,0.23,2,0.5,3.02,14,3,0.96,3.36,2.84,0.56,1.47,0.2,1,9.93,0.02,5.81,0.13,11.8,0.33,17.37,0.19,1.13,0.19,0.24,44.77,,0.65,,0.01,0.01,0.65,0.02,0.01
40763,OVD008,84.5,,0.053,0.04,0.01,3.24,4.7,5,120,5,1.7,3.05,1.7,250,901,5492,0.5492,13.32,9,0.31,9.2,20,10.37,17.193459999999998,1166,2,,3576,0.3576,0.07,38,3.88,0.1,13,308,1.4,0.38,0.5,0.38,100,1,101,69.9,,5.3,14.5,2,0.2,2,0.93,0.6,22.1,0.46,1.4,0.2,1,0.5,3.12,12.7,3.5,0.87,2.67,2.51,0.51,1.69,0.21,1,7.91,0.02,4.13,0.16,19.64,0.39,17.74,0.18,1.02,0.17,5.43,39.66,,0.63,,0.01,0.15,0.63,0.01,0.01
41030,OVD008,88.9,,0.018,0.02,0.01,1.33,6.18,5,167,5,0.4,3.78,0.7,175,588,2593,0.2593,10.27,13,0.34,12.1,38,7.63,12.65054,1066,2,,2542,0.2542,0.11,27,2.57,0.1,17,497,1.3,0.55,0.5,0.57,123,1,83,43.8,,6.1,20.8,3,0.2,2,0.33,0.9,29.3,0.61,1.9,0.27,2,0.5,4.21,17.5,4.5,1.13,3.88,3.86,0.67,2.52,0.33,2,10.32,0.05,5.11,0.1,15.63,0.41,13.2,0.17,1.55,0.27,4.17,43.22,,0.82,,0.01,0.05,0.82,0.01,0.01
41024,OVD008,90.5,,0.053,0.06,0.01,6.25,6.8,9,107,5,3.7,1.36,3.7,397,61,10000,1.2,20.17,17,0.51,7.1,65,1.41,2.33778,786,3,,9086,0.9086,0.01,101,10.98,0.1,14,209,1.5,0.39,0.5,0.97,110,3,116,27.7,,11.9,20.6,3,0.5,4,2.11,0.8,17.3,0.54,2.1,0.32,3,0.5,2.57,10.7,3.1,0.77,2.95,3.68,0.66,2.55,0.35,2,11.94,0.03,1.81,0.01,29.55,0.67,2.69,0.12,3.67,0.09,7.23,38.28,,0.59,,0.01,0.08,0.59,0.01,0.01
41022,OVD009,11.3,,0.001,0.01,0.44,0.19,7.26,6,278,0.7,0.04,5.4,0.03,34.2,283,30.1,0.00301,5.65,15.2,0.43,16.3,67,4.32,7.16256,790,0.9,2.23,140,0.014,0.1036,3.2,0.01,0.1,20.6,312,1.4,0.35,0.05,0.57,116,0.1,64,59,2,9,13.7,2.4,0.04,0.4,0.05,1,37.6,0.49,1.3,0.18,0.5,0.18,,,,,,,,,,,,,,,,,,,,,,,,,,,,,,
41019,OVD009,17.2,,0.001,0.01,0.01,0.02,7.62,2,142,0.6,0.04,6.47,0.06,44.8,293,42.4,0.00424,6.82,15.7,0.47,12.1,30,6.08,10.080639999999999,1074,0.73,2.26,177,0.0177,0.0974,1.9,0.01,0.05,29.7,569,1,0.54,0.04,0.43,167,0.1,69,72.8,2,7.8,17.5,3,0.05,0.5,0.05,1,29.7,0.59,1.8,0.26,0.54,0.21,,,,,,,,,,,,,,,,,,,,,,,,,,,,,,
40915,OVD009,72.0,,0.001,0.01,0.001,0.02,7.26,3,174,0.6,0.04,5.77,0.07,51.1,417,44.2,0.00442,7.25,15.4,0.45,13.9,20,7.15,11.8547,1269,0.63,2.38,203,0.0203,0.1167,1.6,0.09,0.05,29.1,673,1.2,0.63,0.02,0.53,167,0.1,78,84.6,2,6.4,20.7,3.7,0.05,0.6,0.05,1,34.2,0.66,2.1,0.3,0.58,0.22,,,,,,,,,,,,,,,,,,,,,,,,,,,,,,
41018,OVD009,80.8,,0.001,0.01,0.001,0.02,6.03,1,187,0.6,0.04,5.17,0.06,51.8,440,36.3,0.0036299999999999995,7.07,13.9,0.49,13.1,21,7.36,12.20288,1233,0.66,2.3,210,0.021,0.0963,1.9,0.11,0.06,31.7,621,1.4,0.5,0.03,0.45,157,0.1,79,87.3,2,6.5,19.7,3.5,0.05,0.6,0.05,1,30.9,0.63,2,0.3,0.57,0.26,,,,,,,,,,,,,,,,,,,,,,,,,,,,,,
41021,OVD009,126.7,,0.001,0.01,0.001,0.02,6.15,21,98,5,0.1,5.88,0.2,71.1,738,232,0.0232,7.27,12,0.1,13,41,8.98,14.88884,1154,2,,500,0.05,0.1,10,0.24,0.1,19,412,1.6,0.43,0.5,0.53,118,1,74,83.3,,2.2,16.3,3,0.2,1,0.05,0.2,28.6,0.52,1.7,0.23,2,0.5,3.6,16,3.4,1.13,3.37,3.03,0.61,1.47,0.28,1,10.48,0.02,7.54,0.1,9.48,0.13,14.29,0.15,2.14,0.2,0.5,43.51,,0.64,,0.01,0.02,0.64,0.01,0.01
41020,OVD009,143.0,,0.046,0.04,0.048,2.74,4.24,5,107,5,1.4,2.97,1.3,300,1224,5553,0.5553,15.6,9,0.23,8.4,20,12.1,20.061799999999998,1345,2,,4923,0.4923,0.07,29,4.81,0.1,14,309,0.8,0.35,0.5,0.28,94,1,108,59.2,,6.7,11.3,2,0.2,1,1.01,1.2,19.8,0.38,1.2,0.16,2,0.5,2.57,10.6,2.6,0.8,2.67,2.3,0.47,1.13,0.17,1,7.45,0.11,3.95,0.16,20.9,0.39,18.82,0.18,0.47,0.16,6.2,37.87,,0.54,,0.01,0.6,0.54,0.01,0.01
41033,OVD009,149.8,,0.013,0.01,0.017,0.77,6.56,8,162,5,0.2,3.63,0.6,116,601,1419,0.1419,8.22,14,0.32,10.8,27,7.03,11.65574,1117,2,,1432,0.1432,0.08,12,1.32,0.1,18,375,0.8,0.43,0.5,0.44,129,1,78,81.3,,9,16.1,3,0.2,1,0.3,0.5,25.4,0.51,1.8,0.28,2,0.5,3.35,15.1,3,1.09,3.66,3.16,0.64,1.57,0.24,1,13.44,0.03,5.56,0.1,12.25,0.63,12.78,0.18,2.54,0.19,2.81,43.98,,0.75,,0.01,0.2,0.75,0.02,0.01
41023,OVD009,151.6,,0.023,0.03,0.033,1.54,6.76,5,148,5,0.7,4.14,0.8,157,468,2675,0.2675,8.45,16,0.33,13.3,22,5.21,8.63818,1072,2,,2254,0.2254,0.08,11,2.31,0.1,18,399,1,0.4,0.5,0.5,112,1,71,87.7,,11.1,16.9,3,0.2,1,0.66,0.3,30.3,0.53,1.9,0.24,3,0.5,3.96,17,3.7,1.19,3.74,3.43,0.68,1.51,0.27,1,13.7,0.05,6.32,0.06,12.53,0.67,9.7,0.16,2.66,0.19,4.17,45.14,,0.67,,0.01,0.3,0.67,0.01,0.01
41017,OVD009,161.0,,0.044,0.04,0.053,2.51,4.43,5,57,5,1.1,2.04,1.2,220,1090,4165,0.4165,12.85,10,0.1,7.7,28,13.2,21.885599999999997,1327,2,,3870,0.387,0.08,13,3.06,0.1,15,156,0.5,0.42,0.5,0.28,96,1,102,68.7,,4,12.5,3,0.2,1,0.98,1.1,18.4,0.41,1.4,0.18,2,0.5,2.42,10.4,2.6,0.81,2.65,2.64,0.51,1.33,0.17,1,8.02,0.06,2.86,0.15,17.36,0.24,21.39,0.18,0.12,0.15,4.95,40.02,,0.63,,0.01,0.41,0.63,0.01,0.01
41016,OVD009,171.5,,0.233,0.14,0.193,11,2.97,5,42,5,4.8,2.11,4.5,443,1113,10000,1.68,24.74,6,0.1,3.3,10,13.15,21.802699999999998,1427,2,,1.2,0.00011999999999999999,0.05,101,9.69,0.1,10,197,0.2,0.21,0.5,0.1,59,1,153,35,,2.2,5.6,1,0.3,4,4.13,0.5,8.1,0.17,0.6,0.09,1,0.5,1.04,4.8,1,0.38,1.12,1.25,0.21,0.55,0.09,1,4.23,0.01,2.75,0.15,29.33,0.13,18.87,0.18,0.14,0.06,7.24,28.47,,0.29,,0.01,0.19,0.29,0.01,0.01
41034,OVD009,190.8,,0.146,0.11,0.133,7.45,4.14,15,99,5,3.2,2.64,3,254,961,9775,0.9775,14.72,9,0.15,7.2,19,12.75,21.139499999999998,1301,2,,5333,0.5333,0.07,64,4.06,0.1,12,319,0.5,0.33,0.5,0.26,81,1,114,58.9,,6.3,10,3,0.2,3,2.69,0.8,16.5,0.32,1,0.18,2,0.5,2.13,9.5,2.2,0.7,2.23,1.97,0.4,1.19,0.17,1,7.09,0.08,3.61,0.13,19.79,0.33,20.06,0.17,0.7,0.15,5.41,37,,0.49,,0.01,0.5,0.49,0.01,0.01
41014,OVD009,195.2,,0.03,0.02,0.03,0.8,4.38,13,69,5,0.3,3.73,0.5,136,950,1509,0.1509,10.14,10,0.1,8.9,41,12.53,20.774739999999998,1506,2,,1857,0.1857,0.08,6,1.56,0.1,14,328,0.6,0.39,0.5,0.37,93,1,95,67.7,,8.4,13.5,3,0.2,1,0.31,1.7,20.7,0.4,1.4,0.21,2,0.5,2.7,12.3,2.6,0.89,2.95,2.8,0.56,1.27,0.24,2,7.65,0.02,5.3,0.15,13.74,0.35,20.36,0.21,0.44,0.2,3.65,40.31,,0.67,,0.01,0.17,0.67,0.02,0.01
42899,CRS01A,81.0,,0.05,,,2,7.25,1,308,0.1,0.19,0.11,0.17,78.2,375,1640,0.164,11.93,14,0.11,1.4,31,7.39,12.252619999999999,1124,0.95,0.08,94,0.0094,0.005,7.7,3.05,0.18,40.5,18.4,0.9,0.19,0.42,0.31,252,0.5,185,21.3,5,12.7,7.2,3.3,0.08,0.3,0.25,2,4.32,0.16,1,0.16,0.73,0.2,,,,,,,,,,,,,,,,,,,,,,,,,,,,,,
43161,CRS01A,184.32,,0.14,,,2,4.54,5,261,0.1,0.3,0.56,0.15,107,379,2140,0.214,11.49,13,0.37,1.3,51,7.21,11.95418,1071,3.44,0.14,128,0.0128,0.005,9.6,3.21,0.05,34,36.8,0.3,0.17,0.61,0.23,244,0.5,69,13.9,14,13.6,6,2.7,0.06,0.3,0.38,2,3.2,0.13,0.9,0.14,0.48,0.13,,,,,,,,,,,,,,,,,,,,,,,,,,,,,,
42923,CRS01A,104.4,,0.19,,,2,3.8,2,9828,0.1,0.33,0.1,0.48,49.1,151,2880,0.288,12.6,8.2,0.12,0.7,21,2.95,4.8911,605,14.2,0.05,60,0.006,0.005,29.7,6.53,0.17,18.8,169,0.2,0.11,0.46,0.31,135,0.5,123,12,8,4,3.2,1.6,0.13,0.3,0.7,1,2.12,0.06,0.5,0.07,0.41,0.06,,,,,,,,,,,,,,,,,,,,,,,,,,,,,,
42931,CRS01A,111.8,,0.01,,,2,7.87,2,436,2.7,0.21,0.67,0.04,2.1,16,42.9,,1.61,20.9,0.61,15.7,9,0.81,1.34298,317,0.35,4.47,12,0.0012,0.0426,42.9,0.03,0.11,3.2,100,4.7,0.15,0.46,1.96,18,0.6,44,94.5,2,5.4,4.3,7.1,0.04,1.3,0.05,1,33.3,0.21,0.3,0.05,3.01,0.49,,,,,,,,,,,,,,,,,,,,,,,,,,,,,,
42936,CRS01A,114.8,,0.19,,,2,7.42,2,544,0.4,0.36,0.17,0.71,79.4,278,3970,0.397,13.64,12.2,0.42,2,38,5.28,8.75424,981,17.1,0.14,77,0.0077,0.005,19.3,5.43,0.05,37.2,26,1.2,0.16,0.55,0.71,226,5.5,351,20.8,17,14.9,6.6,3.2,0.16,0.3,1.07,3,4.7,0.15,1.1,0.19,1.09,0.38,,,,,,,,,,,,,,,,,,,,,,,,,,,,,,
42951,CRS01A,124.1,,0.24,,,2,7.24,2,680,0.1,0.41,0.24,0.52,48.9,194,1740,0.174,10.9,11.9,0.37,1.2,42,6.34,10.511719999999999,864,7.27,0.17,68,0.0068,0.005,22.1,4.5,0.05,35.8,60.7,0.6,0.13,0.84,0.42,217,0.5,331,18.9,9,12.7,6.2,1.7,0.13,0.3,0.5,3,3.25,0.14,1,0.16,0.69,0.14,,,,,,,,,,,,,,,,,,,,,,,,,,,,,,
43166,CRS01A,187.8,,0.19,,,2,4.25,5,71,0.1,0.53,0.19,0.47,122,428,4890,0.489,12.43,13.2,0.24,1.3,47,5.93,9.83194,1046,1.73,0.16,112,0.0112,0.005,9.8,3.83,0.05,35.5,32.2,0.5,0.17,0.52,0.29,253,0.3,64,16.2,19,9.6,6,3.1,0.06,0.3,0.43,2,3.04,0.13,1,0.16,0.6,0.16,,,,,,,,,,,,,,,,,,,,,,,,,,,,,,
43167,CRS01A,188.4,,0.18,,,3,7.87,7,72,0.2,0.62,0.2,0.66,90.1,382,6730,0.673,13.76,13.6,0.32,1.1,53,7.02,11.639159999999999,1316,1.39,0.13,81,0.0081,0.005,8.6,5.7,0.06,33.6,23.9,0.7,0.15,0.73,0.19,236,0.9,78,17.7,21,11.4,5.6,2.2,0.07,0.3,0.4,2,2.22,0.13,0.9,0.15,0.58,0.16,,,,,,,,,,,,,,,,,,,,,,,,,,,,,,
42851,CRS01A,41.4,,0.23,,,2,7.36,1,319,0.1,0.3,0.12,6.01,67.6,338,1350,0.135,13.78,12.4,0.09,2.1,32,6.62,10.975959999999999,917,2.7,0.07,93,0.0093,0.005,30.2,4.36,0.07,33,18.7,0.3,0.18,0.32,0.51,218,0.4,1274,16.7,4,3.4,5.2,3.6,0.15,0.3,0.43,2,5.46,0.13,0.8,0.12,0.7,0.16,,,,,,,,,,,,,,,,,,,,,,,,,,,,,,
42865,CRS01A,53.4,,0.39,,,2,6.89,1,2583,0.1,0.22,0.1,6.8,65.5,256,3940,0.394,13.1,11.8,0.12,1.6,24,6.34,10.511719999999999,827,5.53,0.08,83,0.0083,0.005,26.2,2.94,0.36,29.7,90.2,0.3,0.17,0.6,0.56,206,0.3,1451,19.2,2,3.4,4,2.6,0.17,0.3,0.24,2,4.37,0.12,0.5,0.1,0.58,0.13,,,,,,,,,,,,,,,,,,,,,,,,,,,,,,
42874,CRS01A,61.3,,0.17,,,2,5.42,3,623,0.1,0.18,2.52,1.54,50.8,175,1470,0.147,11.66,8.7,0.38,2.5,18,7.23,11.98734,1645,8.31,0.08,59,0.0059,0.005,23.8,3.85,0.25,22.4,67.9,0.2,0.13,0.35,0.99,167,3.6,555,16,3,8.4,6.8,2.2,0.17,0.6,1.96,1,4.8,0.16,0.7,0.12,0.54,0.12,,,,,,,,,,,,,,,,,,,,,,,,,,,,,,
42908,CRS01A,90.5,,0.27,,,2,5.29,2,1183,0.1,0.55,0.06,0.46,69.3,210,3880,0.388,11.41,9.1,0.25,0.9,27,3.63,6.01854,560,4.71,0.07,60,0.006,0.005,24.4,4.94,0.07,27.7,20.7,0.8,0.12,0.43,0.3,161,0.6,177,18.2,10,13,4.5,1.7,0.14,0.3,0.96,2,2.42,0.1,0.7,0.12,0.67,0.12,,,,,,,,,,,,,,,,,,,,,,,,,,,,,,
43523,CRS02,11.4,11.4,0.01,0.01,0.01,0.5,7.64,5,830,2.3,2,1.45,0.5,1,10,3,,1.06,20,1.36,20,10,0.45,0.7461,252,1,4.21,4,,290,54,0.02,5,3,263,20,0.11,10,10,12,10,26,80,10,40,10,5,,10,10,,50,,,,,10,,,,,,,,,,,,,,,,,,,,,,,,,,,,,,
43542,CRS02,28.0,28.0,0.01,0.01,0.01,0.5,7.04,5,900,2.6,2,0.84,0.5,1,9,2,,1.1,20,1.92,20,10,0.53,0.87874,316,1,3.88,9,,320,51,0.02,5,4,231,20,0.13,10,10,18,10,40,78,10,50,10,5,,10,10,,50,,,,,10,,,,,,,,,,,,,,,,,,,,,,,,,,,,,,
43554,CRS02,38.2,38.2,0.01,0.01,0.01,0.5,2.63,5,20,0.8,2,5.32,0.5,73,1130,27,,4.07,10,0.07,10,20,8.46,14.02668,1395,1,0.17,929,,150,4,0.07,5,13,108,20,0.09,10,10,77,10,47,12,10,20,10,6,,10,10,,50,,,,,10,,,,,,,,,,,,,,,,,,,,,,,,,,,,,,
43569,CRS02,54.7,54.7,0.01,0.01,0.01,0.5,5.17,7,10,0.5,2,3.64,0.5,10,5,46,,3.64,10,0.19,10,10,2,3.316,1405,2,3.21,32,,260,2,0.31,5,13,62,20,0.2,10,10,19,10,64,20,10,20,10,5,,10,10,,50,,,,,10,,,,,,,,,,,,,,,,,,,,,,,,,,,,,,
43570,CRS02,55.0,55.0,0.01,0.01,0.01,0.5,4.44,12,10,0.5,2,2.1,0.5,15,19,58,,3.82,10,0.18,10,10,1.14,1.8901199999999998,1955,3,2.52,37,,1380,5,0.57,5,13,59,20,0.17,10,10,58,10,53,18,10,20,20,5,,10,10,,50,,,,,10,,,,,,,,,,,,,,,,,,,,,,,,,,,,,,
43598,CRS02,89.9,89.9,0.01,0.01,0.01,0.5,7.12,5,230,0.9,2,5.98,0.5,36,432,56,,5.18,10,0.55,10,10,4.7,7.7926,2110,1,2.5,200,,520,10,0.06,5,35,218,20,0.24,10,10,199,10,60,28,10,30,10,5,,10,10,,60,,,,,10,,,,,,,,,,,,,,,,,,,,,,,,,,,,,,
43632,CRS03,17.7,17.7,0.01,0.01,0.02,0.5,6.6,5,20,0.5,2,2.73,0.5,37,202,290,,6.66,10,0.08,10,20,4.82,7.99156,1535,1,2.12,76,,140,2,0.78,5,34,92,20,0.17,10,10,219,10,108,19,10,20,10,5,,10,10,,50,,,,,10,,,,,,,,,,,,,,,,,,,,,,,,,,,,,,
43664,CRS03,51.8,51.8,0.01,0.01,0.01,0.5,4.85,10,60,0.5,2,9.09,0.5,21,250,8,,4.37,10,0.12,10,10,2.71,4.49318,1175,1,0.29,38,,70,3,0.01,5,27,178,20,0.09,10,10,175,10,15,9,10,20,10,5,,10,10,,50,,,,,10,,,,,,,,,,,,,,,,,,,,,,,,,,,,,,
43689,CRS03,89.4,89.4,0.01,0.01,0.01,0.5,7.36,5,30,0.5,2,6.08,0.5,33,69,7,,6.24,10,0.15,10,10,3.39,5.62062,913,1,2.57,41,,150,2,0.01,5,39,147,20,0.18,10,10,245,10,43,16,10,20,10,5,,10,10,,50,,,,,10,,,,,,,,,,,,,,,,,,,,,,,,,,,,,,
42513,OVD010,97.7,,0.001,0.01,0.005,2,8.82,6,42,0.5,0.08,6.63,0.07,42.2,441,106,,9.08,19.7,0.12,12.4,136,5.59,9.26822,1799,0.62,1.71,131,0.0131,0.1026,2.8,0.83,0.16,41.6,480,2.4,0.73,0.02,1.06,312,0.7,95,93.3,2,2.1,18.7,3.2,0.08,1.1,0.05,1,31.7,0.72,1.8,0.24,3.21,0.27,2.13,9.5,2.2,0.7,2.23,1.97,0.4,1.19,0.17,1,,,,,,,,,,,,,,,,,,,,
42539,OVD010,226.3,,0.003,0.01,0.002,2,9.5,7,271,0.9,0.04,1.81,0.09,24.1,91,82.5,,6.41,19.8,1.21,3,75,1.94,3.2165199999999996,1173,0.57,3.65,43,0.0043,0.0461,5.2,1.12,0.38,24.9,304,0.8,0.58,0.12,0.37,162,0.3,91,80.9,2,10.3,15,2.6,0.07,1,0.05,1,8.01,0.47,1.8,0.25,2.53,0.17,,,,,,,,,,,,,,,,,,,,,,,,,,,,,,
42553,OVD010,305.6,,0.004,0.01,0.003,3,8.57,6,287,0.6,0.04,5.28,0.06,33.7,311,47.3,,5.43,15.4,0.38,11.7,80,5.23,8.67134,966,0.34,2.16,238,0.0238,0.0798,1.9,0.59,0.29,24.7,864,1.8,0.41,0.02,0.63,166,0.1,54,65.5,2,6,14.5,2.1,0.05,0.5,0.05,2,28.1,0.47,1.2,0.2,1.71,0.16,,,,,,,,,,,,,,,,,,,,,,,,,,,,,,
42027,OVD011,101.5,,0.001,0.01,0.001,2,6.37,65,62,1.3,0.04,7.72,0.11,54.4,1162,65.4,,7.04,12.8,0.31,13.9,50,9.68,16.049439999999997,1357,0.82,0.72,462,0.0462,0.1376,4.3,0.02,0.33,29.5,461,2,0.37,0.03,1.09,240,0.3,79,58.5,2,3.4,11.7,2.1,0.03,0.6,0.07,1,34.7,0.47,1.1,0.16,1.88,0.05,3.32,15.7,4.1,1.23,4.7,4.97,0.97,2.97,0.44,2,,,,,,,,,,,,,,,,,,,,
42030,OVD011,107.4,,0.001,0.01,0.001,2,9.66,5,89,0.8,0.04,9.5,0.09,25.4,133,90.4,,6.28,17.2,0.31,10.1,40,2.51,4.16158,1833,1.13,2.67,59,0.0059,0.1028,7.1,1.09,0.22,27.6,486,1.3,0.55,0.03,1.22,173,0.5,81,83.4,2,5.2,19.7,3,0.05,0.8,0.11,1,24,0.59,2.2,0.32,2.76,0.07,2.96,13.2,2.7,1.13,2.9,2.74,0.54,1.44,0.2,2,,,,,,,,,,,,,,,,,,,,
42031,OVD011,109.1,,0.001,0.01,0.001,2,10.37,6,173,0.9,0.04,8.98,0.06,24.7,159,90.4,,6.94,19.2,0.8,9.3,65,2.38,3.9460399999999995,2117,0.67,2.7,64,0.0064,0.0636,2.4,0.41,0.2,30.3,774,1.4,0.58,0.07,1.57,186,0.4,90,82,2,12.1,18.5,3.8,0.06,0.8,0.13,1,19.1,0.56,2.2,0.34,2.92,0.09,1.19,5.8,1.5,0.57,1.77,2.05,0.4,1.17,0.17,2,,,,,,,,,,,,,,,,,,,,
42032,OVD011,109.6,,0.001,0.01,0.001,2,10.28,6,169,0.9,0.04,5.34,0.1,26.3,95,94.1,,6.26,18.7,1.05,9.7,64,1.91,3.1667799999999997,1205,0.83,3.14,51,0.0051,0.1093,9.3,1.54,0.16,27.8,653,1.4,0.55,0.11,1.16,185,0.4,89,67.4,2,18.9,20.6,2.7,0.06,0.9,0.16,1,23.4,0.67,2.3,0.33,2.28,0.07,2.86,12.5,2.8,0.94,2.72,2.64,0.48,1.3,0.2,1,,,,,,,,,,,,,,,,,,,,
42043,OVD011,126.5,,0.01,0.01,0.014,2,6.54,13,107,0.9,0.04,7.06,0.17,71,857,858,,7.2,13.3,0.38,12.5,37,8.48,14.05984,1281,0.72,1.05,910,0.091,0.1076,4.5,0.6,7.14,26.5,464,1.7,0.48,0.04,0.85,191,0.2,74,72.9,2,6,13.5,3.2,0.05,0.8,0.12,1,32.2,0.52,1.4,0.21,2.4,0.07,3.32,16.1,4,1.11,4.6,4.76,0.95,2.58,0.38,2,,,,,,,,,,,,,,,,,,,,
42049,OVD011,132.8,,0.001,0.01,0.004,2,7.58,5,254,0.8,0.04,4.74,0.11,65.9,504,228,,6.85,14.9,0.52,15.9,48,8.24,13.66192,1318,0.54,1.45,553,0.0553,0.1151,3.6,0.27,0.27,25.7,559,2,0.48,0.06,0.78,159,0.3,82,98.1,2,8.5,18.9,4.7,0.06,0.9,0.08,2,39.6,0.62,2,0.29,2.52,0.28,2.88,13.1,3.7,1.09,3.42,4.09,0.88,2.59,0.4,1,,,,,,,,,,,,,,,,,,,,
42086,OVD011,189.2,,0.001,0.01,0.005,2,6.29,3,12,1.2,0.04,6.19,0.07,62.4,910,105,,7.12,12.1,0.12,13.4,53,10.17,16.86186,1300,0.48,0.28,506,0.0506,0.1105,3.6,0.19,0.05,31.3,248,2.2,0.34,0.02,1.03,189,0.4,65,64,2,0.7,11.5,2.2,0.04,0.6,0.05,1,34.3,0.47,1,0.16,1.81,0.12,,,,,,,,,,,,,,,,,,,,,,,,,,,,,,
42111,OVD014,35.9,36.1,0.002,0.01,0.002,2,8.44,3,140,0.8,0.06,1.28,0.09,17,22,38.2,,6.02,23.8,0.8,8.7,78,1.92,3.1833599999999995,1192,0.45,2.59,14,0.0014,0.071,6.3,0.13,0.05,31.2,461,1.1,0.5,0.08,0.83,118,0.3,103,72.9,2,14.3,25.3,2.4,0.08,1.1,0.05,1,23.2,0.8,2.9,0.41,2.4,0.17,,,,,,,,,,,,,,,,,,,,,,,,,,,,,,
42145,OVD014,88.3,,0.001,0.01,0.002,2,10.35,4,171,0.6,0.04,4.86,0.1,26.3,84,76.5,,7.12,19.6,0.64,7.3,48,2.11,3.4983799999999996,1075,0.47,3.95,42,0.0042,0.0962,5.3,0.67,0.06,28.8,543,1.3,0.5,0.06,0.59,171,0.3,90,43.8,2,9.2,16.2,2.1,0.07,0.8,0.06,1,17.4,0.53,1.6,0.27,1.64,0.18,,,,,,,,,,,,,,,,,,,,,,,,,,,,,,
42147,OVD014,89.8,,0.013,0.01,0.001,2,8.89,4,135,0.7,0.04,9.29,0.13,25.9,138,118,,6.33,16.5,0.34,13.1,24,2.92,4.84136,1538,0.62,3.34,83,0.0083,0.1009,6.2,0.55,0.11,24.3,646,1.7,0.58,0.02,0.78,153,0.2,74,110,2,4.8,24,4.3,0.07,1.1,0.05,1,29.6,0.71,2.5,0.4,3.17,0.31,,,,,,,,,,,,,,,,,,,,,,,,,,,,,,
42158,OVD014,102.3,,0.025,0.08,0.086,3,4.67,32,9,0.3,0.61,6.71,1.41,307,486,6590,,14.09,9.6,0.01,6.2,39,6.96,11.539679999999999,1041,1.53,0.02,6370,0.637,0.0457,15,5,0.15,10.8,182,0.8,0.25,0.07,0.27,97,0.2,122,35.2,10,0.9,8.9,1.9,0.16,1.5,1.05,1,16,0.32,0.7,0.1,0.81,0.14,4.13,18.2,4.1,1.28,4.62,3.49,0.77,1.85,0.3,2,,,,,,,,,,,,,,,,,,,,
42164,OVD014,109.6,,0.001,0.01,0.008,2,6.53,1,110,1.2,0.07,5.81,0.08,52.8,981,126,,7.37,12.8,0.49,17.5,49,9.57,15.86706,1405,0.82,0.79,412,0.0412,0.124,3.9,0.61,0.22,29.4,240,2.8,0.43,0.05,1.15,232,0.2,66,81.4,2,5.5,14.4,2.6,0.05,0.7,0.05,1,39.5,0.56,1.3,0.2,2.33,0.17,3.46,15.2,3.6,1.13,3.76,3.17,0.64,1.74,0.25,2,,,,,,,,,,,,,,,,,,,,
42150,OVD014,95.8,95.9,0.007,0.01,0.004,2,7.31,1,161,0.6,0.04,5.39,0.15,68.7,549,369,,7.55,11.9,0.4,9.4,33,9.3,15.4194,1217,0.57,1.63,650,0.065,0.082,3,0.48,0.1,21.8,426,1,0.52,0.04,0.33,133,0.1,72,103,2,4.7,16.2,3.5,0.05,0.8,0.06,1,22.1,0.48,1.5,0.23,2.44,0.2,,,,,,,,,,,,,,,,,,,,,,,,,,,,,,
42311,OVD015,94.82,,0.001,0.01,0.001,2,8.33,6,225,1,0.06,0.97,0.04,30.1,172,103,,8.34,20.9,1.23,8.2,89,2.98,4.94084,1224,0.43,1.73,88,0.0088,0.1835,10.5,0.54,0.19,30.5,416,1.6,0.54,0.12,1.01,188,0.4,109,83.6,2,15.1,17.3,4.7,0.08,1.1,0.05,1,22.2,0.71,2.1,0.33,2.96,0.31,,,,,,,,,,,,,,,,,,,,,,,,,,,,,,
42317,OVD015,102.4,,0.001,0.01,0.001,2,6.6,14,154,0.7,0.04,5.14,0.05,37.7,322,60.1,,6.4,15.6,0.58,15.1,77,3.87,6.41646,949,3.4,1.98,91,0.0091,0.1305,2.4,0.21,0.32,29.1,548,1.8,0.59,0.06,0.58,188,0.1,72,64.3,2,12.2,17,3.8,0.06,0.7,0.05,1,35,0.62,1.6,0.25,2.33,0.25,3.41,14.4,3.6,1.07,3.77,3.21,0.74,1.78,0.29,2,,,,,,,,,,,,,,,,,,,,
42318,OVD015,105.1,105.2,0.001,0.01,0.001,2,6.31,2,164,0.6,0.04,5.78,0.06,46.3,407,40.8,,6.42,16.3,0.49,15,37,5.63,9.334539999999999,1141,0.42,2.05,141,0.0141,0.1339,2.3,0.15,0.15,30.5,623,1.8,0.63,0.05,0.57,186,0.1,74,72.1,2,9.5,20.2,4.4,0.06,0.8,0.05,1,34.7,0.64,2,0.29,2.74,0.27,1.28,5.6,1.5,0.64,1.96,1.94,0.46,1.18,0.19,2,,,,,,,,,,,,,,,,,,,,
42326,OVD015,116.1,,0.002,0.01,0.002,2,5.44,12,184,0.6,0.04,5.38,0.09,47.5,450,205,,6.69,15.2,0.48,13.1,48,5.54,9.185319999999999,1069,0.18,1.76,265,0.0265,0.099,2.3,0.21,0.28,22.1,526,1.5,0.39,0.04,0.54,145,0.1,74,68.1,2,8,13.2,2.2,0.05,0.6,0.05,1,30.6,0.46,1.3,0.18,1.78,0.18,6.05,26.1,6.7,2,7.18,5.62,1.14,3.06,0.43,2,,,,,,,,,,,,,,,,,,,,
42349,OVD015,140.6,,0.008,0.01,0.004,2,4.48,2,123,0.5,0.1,3.41,0.12,80,864,525,,8.54,11.6,0.22,10.5,40,11.72,19.43176,1183,0.33,1.35,805,0.0805,0.0805,4.2,0.44,0.06,18.4,403,1.1,0.48,0.02,0.39,130,0.1,82,90.1,2,2.4,16.9,1.8,0.05,0.8,0.07,1,25.4,0.54,1.7,0.26,2.11,0.08,2.73,12,2.8,0.89,3.15,2.77,0.55,1.51,0.2,2,,,,,,,,,,,,,,,,,,,,
42368,OVD015,158.7,,0.002,0.01,0.002,2,5.45,3,191,0.6,0.04,3.67,0.08,82.9,697,146,,8.41,11.7,0.52,10.3,44,12.78,21.189239999999998,1373,0.44,1.24,615,0.0615,0.097,2,0.16,0.07,19.5,549,1.2,0.44,0.12,0.37,126,0.1,88,72.5,2,10.2,18.2,2.9,0.04,0.7,0.05,2,26.3,0.48,1.5,0.23,1.97,0.16,2.82,12.3,2.8,0.89,3.2,2.93,0.52,1.55,0.21,2,,,,,,,,,,,,,,,,,,,,
42376,OVD015,165.5,,0.005,0.01,0.003,2,4.84,6,173,0.4,0.04,3.31,0.1,85.4,594,313,,8.55,10,0.63,8.7,49,13.75,22.7975,1386,0.15,0.89,745,0.0745,0.0875,1,0.19,0.14,17.3,394,1,0.38,0.12,0.37,113,0.1,86,66.3,2,11.9,14.2,2.4,0.04,0.6,0.06,3,22.1,0.39,1.3,0.19,1.65,0.13,4.12,18.1,4.4,1.27,4.02,4.34,0.98,2.37,0.38,1,,,,,,,,,,,,,,,,,,,,
42392,OVD015,177.4,,0.046,0.04,0.052,2,4.44,1,90,0.5,1.1,2.8,1.03,210,814,4670,0.467,13.4,10.1,0.39,7.1,20,11.55,19.1499,1242,0.47,0.75,4070,0.407,0.0765,15.8,3.71,0.08,16.7,213,0.7,0.41,0.08,0.28,110,0.1,100,70.2,6,5.9,15.8,3.1,0.12,1.7,1.01,1,18,0.42,1.3,0.2,1.91,0.2,4.16,18.3,4,1.28,4.08,3.61,0.72,2.13,0.29,2,,,,,,,,,,,,,,,,,,,,
42388,OVD015,175.5,,0.002,0.01,0.004,2,6.49,5,259,0.6,0.08,7.5,0.25,57.2,690,401,,6.49,14.4,0.65,9,18,6.37,10.56146,1148,0.31,2.48,420,0.042,0.0934,6.8,0.6,0.1,37,509,0.9,0.57,0.03,0.35,155,0.2,62,91.9,2,7,22.3,3.5,0.1,1.5,0.09,1,22.7,0.58,1.7,0.26,2.61,0.23,4.19,18.3,4.2,1.41,4.42,3.64,0.69,2.1,0.29,2,,,,,,,,,,,,,,,,,,,,
42389,OVD015,175.5,,0.004,0.01,0.008,2,6.24,1,146,0.7,0.08,4.14,0.31,79.1,676,819,,8.95,15,0.5,10.6,24,9.45,15.668099999999997,1328,0.35,1.54,872,0.0872,0.1215,3.5,0.8,0.12,20.6,297,1.1,0.75,0.03,0.45,174,0.2,91,101,2,6.5,24.5,4.8,0.11,1.9,0.17,1,27.2,0.63,1.9,0.29,2.76,0.27,4.02,17.6,3.9,1.23,4.1,3.51,0.7,1.94,0.29,2,,,,,,,,,,,,,,,,,,,,
42615,OVD020,60.6,,0.004,0.01,0.001,2,8.5,2,174,0.8,0.04,5.26,0.05,44.6,406,45.3,,7.06,14.7,0.66,12.6,20,6.64,11.00912,1209,0.23,2.01,190,0.019,0.1084,1.8,0.09,0.05,24.7,503,1.4,0.58,0.04,0.5,172,0.1,76,81.6,2,8.8,18.6,3.7,0.05,0.5,0.05,1,29.9,0.56,1.8,0.28,2.16,0.29,,,,,,,,,,,,,,,,,,,,,,,,,,,,,,
42638,OVD020,101.4,,0.012,0.01,0.01,2,8.11,5,153,0.8,0.13,3.67,0.3,83.2,529,928,,7.5,15.1,0.42,14.2,37,7.34,12.16972,968,0.62,2.02,936,0.0936,0.1035,3.5,0.98,0.21,24.7,452,2.1,0.53,0.07,0.61,154,0.1,80,78.7,4,6.7,16.5,3.7,0.07,0.9,0.19,1,35.5,0.57,1.6,0.25,2.36,0.26,,,,,,,,,,,,,,,,,,,,,,,,,,,,,,
42653,OVD020,124.2,,0.003,0.01,0.002,2,8.89,1,208,1,0.04,2.46,0.16,19.2,53,48.2,,6.11,19.3,1.14,9.6,79,2,3.316,1145,0.38,2.38,28,0.0028,0.1349,7.6,0.62,0.14,28.1,474,1.7,0.33,0.1,0.71,162,0.3,108,88.7,2,19.4,27.5,1.6,0.09,1.1,0.05,1,26.4,0.85,2.6,0.39,2.59,0.13,,,,,,,,,,,,,,,,,,,,,,,,,,,,,,
47154,OVD022,8.7,8.9,0.01,0.01,0.01,0.5,5.02,8,180,0.5,2,8.28,0.5,61,576,363,0.0363,7.22,10,0.27,10,30,9.08,15.05464,1460,1,0.91,421,0.0421,0.047,7,0.01,5,41,283,20,0.36,10,10,187,10,72,,,,,,,,,,,,,,,,,,,,,,,,,,,,,,,,,,,,,,,,,,,,,
47155,OVD022,36.9,37.0,0.03,0.03,0.03,1.6,3.31,5,90,0.5,2,2.3,1.3,198,882,2800,0.28,11.7,10,0.27,10,20,14.15,23.4607,1285,1,0.68,3280,0.328,0.062,19,2.31,5,11,220,20,0.3,10,10,77,10,96,,,,,,,,,,,,,,,,,,,,,,,,,,,,,,,,,,,,,,,,,,,,,
47156,OVD022,45.4,45.5,0.04,0.03,0.04,2.1,3.64,5,90,0.5,3,2.46,1.4,217,859,3630,0.363,12.6,10,0.28,10,20,14.6,24.206799999999998,1315,1,0.77,3620,0.362,0.063,15,2.64,5,12,251,20,0.31,10,10,81,10,100,,,,,,,,,,,,,,,,,,,,,,,,,,,,,,,,,,,,,,,,,,,,,
47157,OVD022,55.6,55.7,0.03,0.03,0.04,1.9,3.83,5,50,0.5,3,2.38,0.9,196,845,3330,0.333,11.75,10,0.19,10,30,13.9,23.0462,1220,1,0.45,3390,0.339,0.069,14,2.76,5,13,108,20,0.36,10,10,91,10,80,,,,,,,,,,,,,,,,,,,,,,,,,,,,,,,,,,,,,,,,,,,,,
47158,OVD022,65.7,65.8,0.02,0.01,0.01,0.5,4.39,7,90,0.5,2,3.53,0.6,118,800,683,0.0683,9.35,10,0.34,10,20,13.75,22.7975,1360,1,0.99,1345,0.1345,0.073,11,0.67,5,15,298,20,0.41,10,10,99,10,94,,,,,,,,,,,,,,,,,,,,,,,,,,,,,,,,,,,,,,,,,,,,,
47159,OVD022,89.05,89.15,0.01,0.02,0.03,1.1,5.26,5,60,0.6,2,3.7,0.7,144,652,1975,0.1975,10.65,10,0.15,10,20,10.35,17.1603,1445,1,1.17,2200,0.22,0.097,6,1.78,5,17,206,20,0.53,10,10,120,10,85,,,,,,,,,,,,,,,,,,,,,,,,,,,,,,,,,,,,,,,,,,,,,
47160,OVD022,96.25,96.35,0.09,0.08,0.1,4.4,4.39,5,120,0.5,3,2.43,2,399,547,8070,0.807,16.45,10,0.31,10,20,8.36,13.860879999999998,1160,1,0.88,8550,0.855,0.079,34,8.23,5,14,279,20,0.43,10,10,104,10,106,,,,,,,,,,,,,,,,,,,,,,,,,,,,,,,,,,,,,,,,,,,,,
47161,OVD022,99.25,99.35,,,,1.1,6.65,6,170,0.7,2,6.42,0.8,80,257,1760,0.176,9.64,10,0.37,10,30,4.86,8.05788,1800,1,2.01,1140,0.114,0.115,14,2.02,5,30,779,20,0.62,10,10,184,10,79,,,,,,,,,,,,,,,,,,,,,,,,,,13.27,0.02,8.86,0.05,13.72,0.44,8.27,0.24,2.87,0.26,4.34,45.23,0.08,1.06,,,,,,
47162,OVD022,105.6,105.7,0.06,0.05,0.07,2.2,6.58,9,200,0.7,2,3.15,1.1,186,471,3990,0.399,12,10,0.49,10,40,7.43,12.31894,1195,1,1.36,3610,0.361,0.095,25,3.27,5,19,513,20,0.53,10,10,128,10,98,,,,,,,,,,,,,,,,,,,,,,,,,,,,,,,,,,,,,,,,,,,,,
47163,OVD022,112.3,112.4,,,,2.1,6.53,32,120,0.6,2,6.09,1,182,334,5970,0.597,11.25,10,0.26,20,20,5.32,8.82056,1765,1,1.9,3630,0.363,0.112,15,3.35,5,16,509,20,0.53,10,10,120,10,90,,,,,,,,,,,,,,,,,,,,,,,,,,12.6,0.01,8.48,0.07,16,0.33,9.05,0.23,2.67,0.26,8.44,40.3,0.06,0.87,,,,,,
47164,OVD022,124.2,124.3,,,,0.5,9.24,7,280,1,2,1.18,0.5,32,109,102,0.0102,7.18,20,1.62,10,80,2.12,3.51496,740,1,2,65,0.0065,0.095,13,1.62,5,30,447,20,0.46,10,10,165,10,98,,,,,,,,,,,,,,,,,,,,,,,,,,,,,,,,,,,,,,,,,,,,,
47165,OVD022,136.8,136.9,,,,0.5,8.71,5,210,0.8,2,0.6,0.5,28,142,124,0.0124,7.57,20,1.02,10,70,2.38,3.9460399999999995,1085,1,2.44,78,0.0078,0.097,8,0.5,5,32,431,20,0.49,10,10,203,10,95,,,,,,,,,,,,,,,,,,,,,,,,,,,,,,,,,,,,,,,,,,,,,
47166,OVD022,145.0,146.0,0.04,0.05,0.05,1.3,6.93,81,160,0.6,2,5.73,0.8,92,348,2340,0.234,8,10,0.28,20,40,5.56,9.21848,1665,1,2.09,1580,0.158,0.136,12,1.46,5,20,658,20,0.48,10,10,150,10,85,,,,,,,,,,,,,,,,,,,,,,,,,,,,,,,,,,,,,,,,,,,,,
47167,OVD022,163.8,163.9,,,,0.5,7.83,11,170,0.6,2,6.4,0.5,17,56,80,0.008,5.01,10,0.62,20,70,1.49,2.47042,1360,1,3.48,33,0.0033,0.124,11,0.94,5,21,420,20,0.5,10,10,124,10,99,,,,,,,,,,,,,,,,,,,,,,,,,,,,,,,,,,,,,,,,,,,,,
47168,OVD023,15.65,15.75,0.01,0.01,0.01,0.5,3.9,5,100,0.5,2,7.57,0.5,88,694,221,0.0221,7.43,10,0.17,10,50,10.25,16.9945,1160,1,0.73,772,0.0772,0.067,7,0.01,5,13,327,20,0.31,10,10,89,10,83,,,,,,,,,,,,,,,,,,,,,,,,,,,,,,,,,,,,,,,,,,,,,
47169,OVD023,29.8,29.9,,,,0.5,6.97,9,100,0.6,2,7.55,0.6,49,321,157,0.0157,7.67,20,0.37,10,20,6.74,11.17492,1500,1,1,192,0.0192,0.065,7,0.9,5,37,368,20,0.52,10,10,253,10,83,,,,,,,,,,,,,,,,,,,,,,,,,,13.64,0.01,10.5,0.07,11.07,0.42,11.55,0.2,1.46,0.14,2.17,45.48,0.04,0.9,,,,,,
47170,OVD023,34.3,34.4,0.03,0.03,0.04,1.8,3.3,5,90,0.5,2,2.5,1.5,199,942,3310,0.331,11.85,10,0.27,10,10,13.65,22.6317,1280,1,0.65,3100,0.31,0.066,22,2.65,5,12,229,20,0.33,10,10,86,10,99,,,,,,,,,,,,,,,,,,,,,,,,,,,,,,,,,,,,,,,,,,,,,
47171,OVD023,65.7,65.8,0.03,0.03,0.03,1.7,4.23,7,100,0.5,2,2.83,1.3,168,836,2550,0.255,11.25,10,0.33,10,20,12.7,21.0566,1330,1,0.8,2820,0.282,0.08,30,2.28,5,14,322,20,0.39,10,10,88,10,101,,,,,,,,,,,,,,,,,,,,,,,,,,,,,,,,,,,,,,,,,,,,,
47172,OVD023,83.8,83.9,0.01,0.01,0.01,0.5,4.47,7,100,0.5,2,3.39,0.7,99,844,140,0.014,8.46,10,0.33,10,30,13,21.554,1345,1,0.69,823,0.0823,0.075,6,0.24,5,15,343,20,0.39,10,10,99,10,97,,,,,,,,,,,,,,,,,,,,,,,,,,,,,,,,,,,,,,,,,,,,,
47173,OVD023,124.5,124.6,,,,0.5,8.93,12,100,0.6,2,1.77,0.6,26,34,106,0.0106,7.48,20,0.54,10,60,2.18,3.61444,1200,1,3.32,18,0.0018,0.04,5,0.34,5,29,426,20,0.69,10,10,234,10,112,,,,,,,,,,,,,,,,,,,,,,,,,,,,,,,,,,,,,,,,,,,,,
47174,OVD023,135.4,135.5,0.01,0.01,0.01,0.5,9.94,5,330,1,2,1.02,0.5,24,209,111,0.0111,7.84,20,1.79,10,90,2.87,4.75846,909,1,1.6,102,0.0102,0.04,6,0.98,5,37,387,20,0.61,10,10,196,10,112,,,,,,,,,,,,,,,,,,,,,,,,,,,,,,,,,,,,,,,,,,,,,
47175,OVD023,142.8,142.9,,,,0.5,9.24,7,210,0.8,2,1.44,0.5,34,155,141,0.0141,7.53,20,0.93,10,80,2.55,4.227899999999999,964,1,2.48,97,0.0097,0.117,8,1.08,5,34,370,20,0.65,10,10,211,10,108,,,,,,,,,,,,,,,,,,,,,,,,,,,,,,,,,,,,,,,,,,,,,
47176,OVD023,114.0,116.0,0.01,0.01,0.01,0.5,5.62,53,200,0.5,2,4.3,0.7,94,628,684,0.0684,8.11,10,0.27,10,60,10.25,16.9945,1245,1,1.14,1045,0.1045,0.08,5,0.6,5,16,526,20,0.44,10,10,105,10,87,,,,,,,,,,,,,,,,,,,,,,,,,,,,,,,,,,,,,,,,,,,,,
47130,OVD024,13.7,13.8,,,,0.5,9.5,5,260,0.9,2,1.96,0.5,30,120,109,0.0109,7.1,20,1.32,10,90,2.14,3.54812,1105,3,2.06,89,0.0089,0.067,9,0.01,5,31,407,20,0.51,10,10,169,10,114,,,,,,,,,,,,,,,,,,,,,,,,,,,,,,,,,,,,,,,,,,,,,
47131,OVD024,18.6,18.7,0.01,0.01,0.01,0.5,6.91,5,100,0.8,2,7.76,0.5,39,249,80,0.008,6.79,10,0.18,10,70,4.48,7.427840000000001,1370,1,0.73,96,0.0096,0.076,2,0.01,5,32,619,20,0.51,10,10,230,10,84,,,,,,,,,,,,,,,,,,,,,,,,,,,,,,,,,,,,,,,,,,,,,
47132,OVD024,30.4,30.5,,,,0.5,8.79,5,210,0.8,2,3.12,0.5,25,82,92,0.0092,6.32,20,0.98,10,60,1.96,3.2496799999999997,1095,2,3.05,97,0.0097,0.098,5,0.06,5,26,428,20,0.45,10,10,157,10,91,,,,,,,,,,,,,,,,,,,,,,,,,,,,,,,,,,,,,,,,,,,,,
47136,OVD024,54.0,54.1,,,,1.4,8.06,164,130,0.6,2,4.49,0.8,61,47,2120,0.212,7.94,10,0.33,10,20,1.76,2.91808,1135,1,3.85,1225,0.1225,0.089,17,2.07,5,18,640,20,0.46,10,10,131,10,88,,,,,,,,,,,,,,,,,,,,,,,,,,,,,,,,,,,,,,,,,,,,,
47138,OVD024,78.0,78.1,0.01,0.01,0.02,1.2,5.98,16,20,0.5,2,6.32,1,96,415,1435,0.1435,7.81,10,0.04,10,50,6.49,10.76042,983,1,1.56,1435,0.1435,0.093,13,1.25,5,14,272,20,0.48,10,10,104,10,81,,,,,,,,,,,,,,,,,,,,,,,,,,,,,,,,,,,,,,,,,,,,,
47140,OVD024,107.8,107.9,0.03,0.03,0.04,1.9,4.51,5,80,0.5,2,2.76,1.4,161,797,2960,0.296,10.7,10,0.23,10,40,12.7,21.0566,1275,1,0.5,2600,0.26,0.07,17,2,5,14,242,20,0.4,10,10,100,10,97,,,,,,,,,,,,,,,,,,,,,,,,,,,,,,,,,,,,,,,,,,,,,
47141,OVD024,148.3,148.4,0.05,0.03,0.05,1.1,6.58,25,190,0.6,2,4.57,0.9,108,548,1960,0.196,8.53,10,0.32,20,40,7.79,12.91582,1190,1,1.78,1805,0.1805,0.09,8,1.42,5,20,613,20,0.47,10,10,131,10,81,,,,,,,,,,,,,,,,,,,,,,,,,,,,,,,,,,,,,,,,,,,,,
47142,OVD024,160.5,160.6,0.01,0.01,0.01,0.5,6.21,5,100,0.7,2,9.16,0.5,34,276,82,0.0082,5.41,10,0.31,20,40,4.74,7.85892,1130,1,0.61,127,0.0127,0.056,5,0.55,5,25,366,20,0.38,10,10,150,10,70,,,,,,,,,,,,,,,,,,,,,,,,,,,,,,,,,,,,,,,,,,,,,
47133,OVD024,34.6,34.7,,,,0.5,9.68,9,250,0.9,2,0.89,0.5,17,37,302,0.0302,4.87,20,1.31,10,50,1.49,2.47042,473,2,3.95,171,0.0171,0.063,10,0.07,5,22,360,20,0.42,10,10,127,10,66,,,,,,,,,,,,,,,,,,,,,,,,,,,,,,,,,,,,,,,,,,,,,
47134,OVD024,42.2,42.3,0.01,0.01,0.01,0.5,8.96,5,190,0.7,2,1.36,0.5,17,83,95,0.0095,5.57,20,1.26,10,80,1.8,2.9844,828,1,2.99,42,0.0042,0.056,4,0.11,5,26,317,20,0.46,10,10,187,10,95,,,,,,,,,,,,,,,,,,,,,,,,,,,,,,,,,,,,,,,,,,,,,
47135,OVD024,50.8,50.9,0.01,0.01,0.02,1.1,6.48,5,200,0.7,2,4.59,0.9,108,476,1555,0.1555,8.88,10,0.39,10,20,7.97,13.21426,1285,1,1.66,1500,0.15,0.121,15,1.33,5,18,541,20,0.53,10,10,130,10,89,,,,,,,,,,,,,,,,,,,,,,,,,,,,,,,,,,,,,,,,,,,,,
47137,OVD024,73.5,73.6,,,,0.5,10.05,5,140,0.9,2,0.59,0.5,27,68,102,0.0102,5.65,20,0.55,10,50,1.79,2.96782,675,1,5.24,40,0.004,0.035,7,1.1,5,27,429,20,0.5,10,10,155,10,66,,,,,,,,,,,,,,,,,,,,,,,,,,,,,,,,,,,,,,,,,,,,,
47139,OVD024,86.9,87.0,0.02,0.03,0.05,1.8,5.78,25,170,0.7,2,3.12,1.1,270,378,3910,0.391,11.95,10,0.22,10,20,6.96,11.539679999999999,941,1,2.06,5050,0.505,0.139,5,5.26,5,17,410,20,0.57,10,10,139,10,77,,,,,,,,,,,,,,,,,,,,,,,,,,,,,,,,,,,,,,,,,,,,,
47148,OVD025,53.15,53.25,,,,3.5,6.13,5,210,0.5,2,4.16,1.8,166,514,5610,0.561,12.4,10,0.83,10,50,7.25,12.0205,1415,1,0.95,2970,0.297,0.09,34,3.55,5,23,321,20,0.44,10,10,149,10,90,,,,,,,,,,,,,,,,,,,,,,,,,,11.72,0.02,5.6,0.11,17.45,0.99,11.85,0.18,1.37,0.2,7.69,39.31,0.04,0.72,,,,,,
47151,OVD025,58.55,58.65,,,,0.5,8.23,7,320,0.8,2,2.34,0.5,40,248,107,0.0107,7.05,20,0.76,10,70,4.05,6.714899999999999,1380,1,3.06,126,0.0126,0.088,6,0.3,5,30,345,20,0.5,10,10,205,10,90,,,,,,,,,,,,,,,,,,,,,,,,,,,,,,,,,,,,,,,,,,,,,
47143,OVD025,32.6,32.7,,,,0.5,8.11,8,210,0.8,2,3.28,0.5,40,307,91,0.0091,7.31,20,0.57,10,80,4.37,7.24546,1485,1,2.87,107,0.0107,0.095,5,0.13,5,34,489,20,0.56,10,10,234,10,91,,,,,,,,,,,,,,,,,,,,,,,,,,,,,,,,,,,,,,,,,,,,,
47144,OVD025,37.7,37.8,0.01,0.01,0.01,0.5,6.23,5,210,0.7,2,4.38,0.5,75,517,251,0.0251,7.79,10,0.6,20,50,9.34,15.485719999999999,1260,1,1.36,662,0.0662,0.115,6,0.28,5,19,486,20,0.64,10,10,140,10,87,,,,,,,,,,,,,,,,,,,,,,,,,,,,,,,,,,,,,,,,,,,,,
47145,OVD025,43.2,43.3,,,,0.5,6.08,5,220,0.6,2,6.53,0.8,59,411,683,0.0683,8.58,10,0.77,10,50,5.97,9.898259999999999,1335,1,1.44,568,0.0568,0.083,6,1.24,5,26,474,20,0.5,10,10,184,10,70,,,,,,,,,,,,,,,,,,,,,,,,,,12.02,0.02,8.91,0.09,12.28,0.92,10.1,0.17,2.19,0.18,2.99,41.04,0.05,0.85,,,,,,
47146,OVD025,45.3,45.4,0.24,0.2,0.29,7,2.3,5,40,0.5,2,1.2,3.2,698,664,10000,1.86,23.1,10,0.13,10,20,8.05,13.3469,1150,1,0.23,10000,1.68,0.032,51,10,5,7,77,20,0.17,10,10,63,10,117,,,,,,,,,,,,,,,,,,,,,,,,,,,,,,,,,,,,,,,,,,,,,
47147,OVD025,46.9,47.0,0.25,0.15,0.2,5.9,4.27,5,60,0.5,2,2.15,2.8,356,459,10000,1.135,22.4,10,0.22,10,40,6.71,11.125179999999999,1470,2,0.47,8810,0.881,0.07,39,9.18,5,15,165,20,0.29,10,10,94,10,96,,,,,,,,,,,,,,,,,,,,,,,,,,,,,,,,,,,,,,,,,,,,,
47149,OVD025,55.4,55.5,,,,0.9,6.34,5,230,0.6,2,7.31,0.8,133,362,2080,0.208,8.98,10,0.71,20,50,5.99,9.93142,1485,1,1.29,1335,0.1335,0.114,9,2.26,5,24,422,20,0.47,10,10,161,10,80,,,,,,,,,,,,,,,,,,,,,,,,,,12.26,0.02,9.98,0.08,12.81,0.85,10.05,0.19,1.83,0.27,4.87,40.38,0.04,0.79,,,,,,
47150,OVD025,57.4,57.5,,,,0.5,7.74,5,230,0.7,2,4.23,0.7,53,318,629,0.0629,7.48,10,0.53,10,50,4.32,7.16256,1540,2,2.99,169,0.0169,0.094,9,0.49,5,33,443,20,0.5,10,10,243,10,90,,,,,,,,,,,,,,,,,,,,,,,,,,14.86,0.02,5.56,0.07,10.44,0.61,7.16,0.2,4.13,0.2,0.97,48.51,0.04,0.81,,,,,,
47152,OVD025,61.4,61.5,,,,0.5,8.4,6,300,0.7,2,2.94,0.5,37,230,115,0.0115,7.04,20,0.74,10,60,3.99,6.61542,1375,1,3.38,119,0.0119,0.095,7,0.27,5,30,260,20,0.51,10,10,207,10,90,,,,,,,,,,,,,,,,,,,,,,,,,,,,,,,,,,,,,,,,,,,,,
47177,OVD026,14.9,15.1,0.04,0.08,0.03,0.5,4.87,82,50,0.7,2,7.31,0.5,80,202,2550,0.255,8.09,10,0.09,20,10,3.19,5.28902,2560,5,2.79,777,0.0777,0.13,24,0.02,5,14,224,20,0.55,10,10,148,10,48,,,,,,,,,,,,,,,,,,,,,,,,,,,,,,,,,,,,,,,,,,,,,
47179,OVD026,19.9,20.1,0.01,0.01,0.01,0.5,6.42,11,170,0.8,2,5.9,0.5,58,327,370,,6.83,10,0.36,20,30,5.79,9.59982,1670,1,2.09,531,0.0531,0.114,7,0.02,5,17,521,20,0.58,10,10,133,10,86,,,,,,,,,,,,,,,,,,,,,,,,,,,,,,,,,,,,,,,,,,,,,
47192,OVD026,100.9,101.1,0.4,0.21,0.26,18,3.43,5,60,0.5,6,3.07,6.6,379,579,10000,2.47,22.4,10,0.18,10,20,7.34,12.16972,1295,1,0.41,9410,0.941,0.031,135,9.42,5,13,230,20,0.21,10,10,90,10,180,,,,,,,,,,,,,,,,,,,,,,,,,,,,,,,,,,,,,,,,,,,,,
47188,OVD026,104.9,105.1,0.1,0.11,0.12,8.5,3.25,5,60,0.5,4,3.18,2.4,632,513,10000,1.65,21.9,10,0.19,10,20,5.97,9.898259999999999,1270,1,0.47,10000,1.045,0.023,66,10,5,11,445,20,0.18,10,10,86,10,120,,,,,,,,,,,,,,,,,,,,,,,,,,,,,,,,,,,,,,,,,,,,,
47191,OVD026,105.4,105.6,0.17,0.25,0.32,12,0.21,5,10,0.5,9,0.2,4.6,1310,86,10000,3.15,49.2,10,0.02,10,10,0.34,0.56372,399,1,0.03,10000,3.44,0.002,77,10,5,1,15,20,0.02,10,10,22,10,108,,,,,,,,,,,,,,,,,,,,,,,,,,,,,,,,,,,,,,,,,,,,,
47190,OVD026,106.7,106.9,0.07,0.07,0.1,3.7,4.34,5,70,0.5,6,4.44,1.7,291,632,6820,0.682,16.4,10,0.18,10,30,8.74,14.49092,1345,1,0.37,6590,0.659,0.032,38,6.57,5,14,445,20,0.23,10,10,79,10,119,,,,,,,,,,,,,,,,,,,,,,,,,,,,,,,,,,,,,,,,,,,,,
47193,OVD026,110.9,111.1,0.08,0.05,0.05,4.4,6.03,7,110,0.5,3,5.54,1.6,127,567,4560,0.456,10.05,10,0.3,10,30,9.27,15.369659999999998,1295,1,0.75,2150,0.215,0.062,29,2.73,5,17,353,20,0.33,10,10,104,10,94,,,,,,,,,,,,,,,,,,,,,,,,,,,,,,,,,,,,,,,,,,,,,
47178,OVD026,16.4,16.6,0.03,0.01,0.01,0.5,6.95,27,50,0.6,2,9.74,0.5,32,45,1185,0.1185,6.18,10,0.12,20,20,1.6,2.6528,2160,1,3.25,567,0.0567,0.246,15,0.01,5,17,450,20,0.53,10,10,101,10,78,,,,,,,,,,,,,,,,,,,,,,,,,,,,,,,,,,,,,,,,,,,,,
47180,OVD026,32.7,32.9,0.01,0.01,0.01,0.5,5.98,5,100,0.7,2,5.51,0.5,57,403,112,,6.73,10,0.19,20,50,6.85,11.357299999999999,1180,1,1.54,459,0.0459,0.112,7,0.02,5,18,417,20,0.56,10,10,132,10,83,,,,,,,,,,,,,,,,,,,,,,,,,,,,,,,,,,,,,,,,,,,,,
47181,OVD026,42.3,42.5,0.01,0.01,0.01,0.5,5.77,5,170,0.7,2,4.71,0.5,77,463,224,,7.47,10,0.19,20,60,9.1,15.087799999999998,1170,1,1.53,627,0.0627,0.106,7,0.24,5,17,538,20,0.55,10,10,129,10,85,,,,,,,,,,,,,,,,,,,,,,,,,,,,,,,,,,,,,,,,,,,,,
47182,OVD026,51.1,51.3,0.01,0.01,0.01,0.5,5.9,7,220,0.6,2,5.07,0.5,68,488,129,,7.46,10,0.36,20,40,9.01,14.938579999999998,1190,1,1.53,509,0.0509,0.1,7,0.27,5,25,450,20,0.6,10,10,151,10,84,,,,,,,,,,,,,,,,,,,,,,,,,,,,,,,,,,,,,,,,,,,,,
47183,OVD026,61.7,61.9,0.01,0.01,0.01,0.5,5.82,7,120,0.6,2,4.26,0.5,74,561,210,,7.72,10,0.29,10,40,9.88,16.38104,1185,1,1.4,658,0.0658,0.094,9,0.36,5,18,417,20,0.55,10,10,124,10,86,,,,,,,,,,,,,,,,,,,,,,,,,,,,,,,,,,,,,,,,,,,,,
47184,OVD026,71.7,71.9,0.01,0.01,0.01,0.5,5.23,5,140,0.5,3,3.57,0.5,91,683,420,,8.4,10,0.44,10,50,11.45,18.984099999999998,1255,1,1.1,905,0.0905,0.088,7,0.47,5,15,416,20,0.47,10,10,109,10,89,,,,,,,,,,,,,,,,,,,,,,,,,,,,,,,,,,,,,,,,,,,,,
47185,OVD026,84.1,84.3,0.02,0.02,0.02,1.1,4.58,5,90,0.5,2,3.27,0.9,133,806,2280,0.228,10.05,10,0.3,10,20,12.5,20.724999999999998,1325,1,0.84,1905,0.1905,0.079,16,1.44,5,15,283,20,0.44,10,10,103,10,97,,,,,,,,,,,,,,,,,,,,,,,,,,,,,,,,,,,,,,,,,,,,,
47186,OVD026,91.7,91.9,0.04,0.03,0.04,1.4,4.64,7,90,0.5,3,3.36,0.7,182,713,2570,0.257,11.45,10,0.29,10,20,11.35,18.818299999999997,1265,1,0.9,2980,0.298,0.06,15,2.94,5,14,305,20,0.36,10,10,97,10,98,,,,,,,,,,,,,,,,,,,,,,,,,,,,,,,,,,,,,,,,,,,,,
47187,OVD026,92.8,93.0,0.05,0.04,0.06,2.9,3.53,6,90,0.5,4,2.38,1.4,271,815,5500,0.55,14.95,10,0.24,10,10,12.8,21.2224,1325,1,0.7,5070,0.507,0.053,30,4.46,5,11,277,20,0.29,10,10,77,10,115,,,,,,,,,,,,,,,,,,,,,,,,,,,,,,,,,,,,,,,,,,,,,
47189,OVD026,96.1,96.3,0.1,0.11,0.14,5.8,1.98,5,40,0.5,5,1.39,2.8,467,889,10000,1.165,22,10,0.13,10,10,12.35,20.4763,1300,1,0.33,9720,0.972,0.03,62,8.82,5,7,127,20,0.16,10,10,51,10,134,,,,,,,,,,,,,,,,,,,,,,,,,,,,,,,,,,,,,,,,,,,,,
47194,OVD027,52.1,52.3,0.03,0.01,0.03,1.5,3.32,5,80,0.5,3,2.34,1,189,874,2790,0.279,11.7,10,0.25,10,10,14.7,24.3726,1310,1,0.72,3060,0.306,0.061,20,2.16,5,11,237,20,0.3,10,10,77,10,98,,,,,,,,,,,,,,,,,,,,,,,,,,,,,,,,,,,,,,,,,,,,,
47195,OVD027,64.0,64.2,0.02,0.01,0.02,0.9,6.1,5,30,0.5,2,7.15,0.9,99,467,1345,0.1345,7.15,10,0.11,10,30,9.13,15.137540000000001,1010,1,0.77,1200,0.12,0.053,20,1.65,5,29,170,20,0.37,10,10,107,10,81,,,,,,,,,,,,,,,,,,,,,,,,,,,,,,,,,,,,,,,,,,,,,
47196,OVD027,67.5,67.7,0.01,0.02,0.02,1.3,5.55,5,30,0.5,2,8.72,0.5,117,371,2030,0.203,8.06,10,0.08,10,20,7.17,11.88786,1065,1,1.06,1835,0.1835,0.049,11,3.12,5,31,305,20,0.4,10,10,107,10,54,,,,,,,,,,,,,,,,,,,,,,,,,,,,,,,,,,,,,,,,,,,,,
47198,OVD027,78.9,79.1,0.03,0.04,0.05,1.3,3.6,5,80,0.5,5,2.26,0.9,381,793,3940,0.394,16.7,10,0.27,10,10,11.25,18.6525,1185,1,0.72,6090,0.609,0.054,17,5.9,5,10,257,20,0.29,10,10,74,10,90,,,,,,,,,,,,,,,,,,,,,,,,,,,,,,,,,,,,,,,,,,,,,
47197,OVD027,79.6,79.8,0.05,0.05,0.07,1.7,5.05,5,110,0.5,3,2.97,1,385,689,4170,0.417,15.7,10,0.37,10,20,9.14,15.15412,1020,2,0.98,6260,0.626,0.057,22,6.16,5,10,477,20,0.31,10,10,78,10,79,,,,,,,,,,,,,,,,,,,,,,,,,,,,,,,,,,,,,,,,,,,,,
47199,OVD027,94.3,94.5,0.04,0.03,0.05,1.9,3.71,8,330,0.5,5,2.24,1,263,901,4050,0.405,16.45,10,0.45,10,20,11.55,19.1499,1520,1,0.7,4460,0.446,0.071,30,4.01,5,11,274,20,0.46,10,10,160,10,143,,,,,,,,,,,,,,,,,,,,,,,,,,,,,,,,,,,,,,,,,,,,,
47200,OVD027,98.0,98.2,0.44,0.51,0.63,26.1,0.09,5,10,0.5,2,0.03,11.4,901,4,10000,6.09,50,10,0.01,10,10,0.05,0.0829,826,3,0.02,10000,3.11,0.001,238,10,5,1,1,20,0.02,10,10,16,10,251,,,,,,,,,,,,,,,,,,,,,,,,,,,,,,,,,,,,,,,,,,,,,
47091,OVD027,98.9,99.1,0.16,0.41,0.59,23,0.07,6,10,0.5,2,0.03,9.4,996,4,10000,5.51,50,10,0.01,10,10,0.05,0.0829,771,3,0.01,10000,3.4,0.001,204,10,5,1,1,20,0.01,10,10,14,10,224,,,,,,,,,,,,,,,,,,,,,,,,,,,,,,,,,,,,,,,,,,,,,
47092,OVD027,109.7,109.9,0.08,0.11,0.15,7.4,1.86,5,30,0.5,2,1.09,2.5,589,773,10000,1.445,24.8,10,0.1,10,20,9.91,16.43078,1080,1,0.25,10000,1.23,0.023,61,10,5,6,136,20,0.13,10,10,49,10,128,,,,,,,,,,,,,,,,,,,,,,,,,,,,,,,,,,,,,,,,,,,,,
47093,OVD027,116.7,116.9,0.07,0.04,0.06,3.2,4.06,14,40,0.5,2,2.42,1.3,149,782,3990,0.399,10.6,10,0.16,10,40,13.25,21.9685,1250,1,0.34,2510,0.251,0.071,35,1.64,5,14,222,20,0.39,10,10,95,10,97,,,,,,,,,,,,,,,,,,,,,,,,,,,,,,,,,,,,,,,,,,,,,
47094,OVD027,120.3,120.5,0.02,0.01,0.01,1,4.36,5,70,0.5,2,2.7,0.5,118,725,1005,0.1005,9.32,10,0.21,10,40,13.55,22.4659,1375,1,0.51,1455,0.1455,0.076,14,0.84,5,14,303,20,0.41,10,10,101,10,96,,,,,,,,,,,,,,,,,,,,,,,,,,,,,,,,,,,,,,,,,,,,,
47095,OVD027,134.9,135.1,0.03,0.03,0.04,0.9,6.67,13,240,0.6,2,6.9,0.5,90,392,1735,0.1735,7.93,10,0.36,20,40,6.96,11.539679999999999,1230,1,1.65,1335,0.1335,0.09,8,1.44,5,25,730,20,0.47,10,10,154,10,75,,,,,,,,,,,,,,,,,,,,,,,,,,,,,,,,,,,,,,,,,,,,,
OVD028@38,OVD028,38.0,,,,,0.5,7.86,6,280,0.8,2,2.87,0.5,39,260,95,,7.18,10,0.79,10,70,4.26,7.063079999999999,1330,1,2.71,129,0.0129,0.09,8,0.27,5,32,529,20,0.51,10,10,218,10,86,,,,,,,,,,,,,,,,,,,,,,,,,,,,,,,,,,,,,,,,,,,,,
47096,OVD028,16.7,16.9,0.02,0.01,0.03,0.7,4.64,5,110,0.5,2,5.11,0.5,118,656,1060,0.106,8.82,10,0.38,10,60,10.15,16.8287,1185,1,0.73,1435,0.1435,0.072,8,0.39,5,14,374,20,0.41,10,10,109,10,88,,,,,,,,,,,,,,,,,,,,,,,,,,,,,,,,,,,,,,,,,,,,,
47097,OVD028,21.1,21.3,0.02,0.01,0.02,0.5,4.75,13,90,0.6,2,4.1,0.5,108,760,798,,8.89,10,0.33,10,80,10.75,17.8235,1170,1,0.61,1225,0.1225,0.086,7,0.08,5,14,308,20,0.46,10,10,107,10,86,,,,,,,,,,,,,,,,,,,,,,,,,,,,,,,,,,,,,,,,,,,,,
47098,OVD028,23.4,23.6,0.02,0.01,0.02,0.7,5.97,9,120,0.5,2,5.84,0.5,90,762,1025,0.1025,7.96,10,0.54,10,90,7.4,12.2692,993,1,0.51,1135,0.1135,0.063,8,1.77,5,25,314,20,0.34,10,10,179,10,79,,,,,,,,,,,,,,,,,,,,,,,,,,,,,,,,,,,,,,,,,,,,,
47099,OVD028,26.8,27.0,0.11,0.09,0.14,2.6,5.38,10,150,0.5,2,4.88,0.6,203,419,5760,0.576,11.6,10,0.58,20,40,7.05,11.688899999999999,1205,1,0.85,4540,0.454,0.087,21,4.06,5,19,322,20,0.42,10,10,124,10,78,,,,,,,,,,,,,,,,,,,,,,,,,,,,,,,,,,,,,,,,,,,,,
47100,OVD028,28.8,29.0,0.05,0.04,0.05,1.1,6.37,5,170,0.6,2,6.72,0.6,96,463,2040,0.204,8.56,10,0.56,20,40,6.81,11.29098,1450,1,1.14,1615,0.1615,0.094,10,1.35,5,20,485,20,0.49,10,10,131,10,88,,,,,,,,,,,,,,,,,,,,,,,,,,,,,,,,,,,,,,,,,,,,,
OVD029@4,OVD029,4.0,,0.01,0.01,0.01,0.5,7.92,5,260,0.8,2,5.07,0.5,23,22,28,,5.78,20,0.52,30,20,2.29,3.79682,900,1,3.47,27,0.0027,0.332,7,0.02,5,22,672,20,0.88,10,10,237,10,71,,,,,,,,,,,,,,,,,,,,,,,,,,,,,,,,,,,,,,,,,,,,,
OVD029@122.4,OVD029,122.4,,0.01,0.01,0.01,0.5,6.28,64,110,0.6,2,4.99,0.5,53,363,77,,6.67,10,0.17,20,50,6.91,11.45678,1150,1,1.92,298,0.0298,0.088,5,0.15,5,21,466,20,0.42,10,10,152,10,74,,,,,,,,,,,,,,,,,,,,,,,,,,12.2,0.01,6.97,0.09,9.68,0.18,11.9,0.15,2.71,0.21,0.38,42.5,0.05,0.82,100.6,,,,,
OVD029@129.4,OVD029,129.4,,0.01,0.01,0.01,0.9,2.99,715,20,0.5,2,11.7,1.6,85,241,1215,0.1215,6.26,10,0.02,10,20,5.14,8.52212,1850,1,1.2,1360,0.136,0.042,81,1.17,5,9,1035,20,0.16,10,10,63,10,201,,,,,,,,,,,,,,,,,,,,,,,,,,,,,,,,,,,,,,,,,,,,,
41524,OVD030,124.3,124.3,0.03,0.02,0.02,1.1,4.76,6,90,0.5,2,4.04,1.5,131,613,1985,,9.01,10,0.13,10,30,9.86,16.34788,1095,1,1.18,2020,,850,21,1.5,5,15,396,20,0.41,10,10,107,10,88,71,10,30,10,5,,10,10,,50,,,,,10,,,,,,,,,,,9.76,0.01,5.95,0.15,13.93,0.17,17.35,0.15,1.78,0.2,4.18,41.28,0.05,0.73,103.7,,,,,
41546,OVD030,161.7,161.7,0.01,0.01,0.01,0.5,5.68,14,190,0.7,2,3.72,0.7,93,563,591,,8,10,0.38,10,80,10.05,16.6629,1230,1,1.29,1100,,1050,2,0.57,5,18,541,20,0.57,10,10,125,10,82,101,10,20,20,5,,10,10,,60,,,,,10,,,,,,,,,,,11.41,0.01,5.35,0.13,12.3,0.47,17.75,0.16,1.86,0.23,1.5,44.78,0.06,0.93,101.95,,,,,
41565,OVD030,194.0,,0.02,0.01,0.02,0.7,5.74,12,220,0.7,2,4.38,0.6,90,509,920,,8,10,0.32,10,40,8.7,14.424599999999998,1420,1,1.5,1155,,1240,2,0.71,5,18,611,20,0.58,10,10,133,10,76,105,10,20,20,5,,10,10,,60,,,,,10,,,,,,,,,,,11.67,0.02,6.53,0.12,12.6,0.4,16.05,0.19,2.19,0.28,1.89,45.32,0.07,0.98,103.7,,,,,
41582,OVD030,268.8,268.8,0.01,0.01,0.01,0.5,5.1,18,10,0.6,2,9.64,0.5,48,594,101,,6.21,10,0.01,20,70,6.55,10.8599,1175,1,0.05,368,,1080,2,0.34,5,26,620,20,0.32,10,10,184,10,64,52,10,50,10,5,,10,10,,60,,,,,10,,,,,,,,,,,9.62,0.01,13.7,0.14,8.85,0.01,10.95,0.14,0.05,0.23,0.82,38.96,0.06,0.53,99.46,,,,,
41504,OVD030,30.4,30.4,,,,0.5,6.53,19,110,0.5,2,4.28,0.5,36,244,19,,5.69,10,0.27,10,50,5.08,8.42264,756,1,2.03,146,,1040,2,0.01,5,21,314,20,0.46,10,10,138,10,71,65,10,20,10,5,,10,10,,60,,,,,10,,,,,,,,,,,,,,,,,,,,,,,,,,,,,,
41508,OVD030,69.9,69.9,,,,0.5,7.45,5,220,0.6,2,5.95,0.6,47,287,25,,6.77,10,0.59,20,20,6.11,10.13038,1215,1,2.06,180,,1110,2,0.08,5,26,625,20,0.56,10,10,165,10,79,84,10,30,20,5,,10,10,,60,,,,,10,,,,,,,,,,,,,,,,,,,,,,,,,,,,,,
41799,OVD032,336.9,336.9,0.01,0.01,0.01,0.5,8.48,5,40,0.8,2,5.15,0.5,44,272,108,,8.71,20,0.33,20,110,5.11,8.47238,1450,1,0.58,96,,1020,5,0.29,5,36,320,20,0.68,10,10,298,10,103,107,10,20,20,5,,10,10,,70,,,,,10,,,,,,,,,,,16.74,0.01,7.36,0.05,12.61,0.36,8.85,0.19,0.55,0.22,0.73,43.54,0.04,1.12,100.3,,,,,
43307,OVD033,312.8,312.8,0.01,0.01,0.01,0.5,7.77,8,10,1.2,2,9.48,0.5,27,130,86,,6.43,10,0.04,20,70,3.82,6.333559999999999,1290,1,0.09,68,,770,8,1.04,5,24,337,20,0.58,10,10,173,10,88,111,10,20,20,5,,10,10,,60,,,,,10,,,,,,,,,,,,,,,,,,,,,,,,,,,,,,
43311,OVD033,331.8,331.8,0.01,0.01,0.01,0.5,6.98,7,10,0.6,2,9.38,0.5,41,259,40,,7.04,10,0.01,20,40,5.45,9.0361,1380,1,0.05,100,,780,4,0.51,5,33,378,20,0.55,10,10,256,10,85,72,10,20,20,5,,10,10,,70,,,,,10,,,,,,,,,,,13.54,0.01,13.65,0.06,10.24,0.01,9.44,0.17,0.07,0.18,1.25,43.2,0.04,0.92,100.55,,,,,
46336,OVD035,47.4,47.4,0.01,0.01,0.01,0.5,7.41,5,270,0.5,2,6.41,0.5,39,229,68,,5.49,10,0.97,20,60,5.02,8.32316,1055,1,1.67,235,,770,5,0.23,5,21,722,20,0.42,10,10,168,10,57,64,10,30,20,5,,10,10,,70,,,,,10,,,,,,,,,,,14.26,0.02,8.84,0.05,7.83,1.1,8.34,0.13,2.05,0.15,0.53,46.14,0.07,0.69,97.37,,,,,
46342,OVD035,58.5,58.5,0.01,0.01,0.01,0.5,7.51,13,220,0.5,2,6.19,0.5,46,259,65,,5.97,10,1.08,10,60,6.19,10.263020000000001,1040,1,1.4,307,,620,2,0.43,5,24,552,20,0.41,10,10,174,10,58,55,10,20,10,5,,10,10,,60,,,,,10,,,,,,,,,,,14.16,0.02,8.49,0.06,8.33,1.23,9.92,0.13,1.84,0.13,0.98,45.53,0.06,0.66,98.71,,,,,
46381,OVD036,108.8,108.8,0.05,0.04,0.06,0.9,4.25,5,70,0.5,2,3.62,0.7,165,671,2550,,10.55,10,0.26,10,50,13.2,21.885599999999997,1295,1,0.4,2910,,770,8,2.43,5,15,283,20,0.39,10,10,103,10,93,64,10,40,10,5,,,10,,50,,,,,10,,,,,,,,,,,8.16,0.01,4.98,0.14,15.27,0.29,20.9,0.16,0.59,0.17,5.81,39.58,0.03,0.64,105.5,,,,,
46393,OVD036,121.5,121.5,0.15,0.07,0.08,2.9,6.02,5,190,0.6,2,4.04,1.2,80,536,3190,,7.89,10,0.7,20,40,8.94,14.822519999999999,1105,1,1.34,1065,,1050,31,0.84,5,18,449,20,0.54,10,10,140,10,82,92,10,20,20,5,,,10,,60,,,,,10,,,,,,,,,,,11.95,0.02,5.86,0.12,11.94,0.82,15.1,0.15,1.85,0.24,2.1,44.56,0.05,0.9,101.85,,,,,
46363,OVD036,29.4,29.4,0.01,0.01,0.01,0.5,7.48,39,200,0.5,2,6.04,0.5,33,188,82,,5.38,10,0.97,20,100,3.87,6.41646,925,1,1.05,195,,840,3,0.01,5,19,540,20,0.42,10,10,153,10,44,63,10,40,10,5,,,10,,70,,,,,10,,,,,,,,,,,14.3,0.01,8.3,0.04,7.76,1.1,6.43,0.12,1.4,0.18,0.01,45.11,0.06,0.69,98.44,,,,,
46369,OVD036,89.2,89.2,0.01,0.01,0.01,0.5,6.28,5,80,0.5,2,3.34,0.5,27,253,60,,5.39,10,0.19,10,40,3.24,5.37192,1155,1,3.12,75,,720,3,0.15,5,23,246,20,0.36,10,10,193,10,67,41,10,30,10,5,,,10,,50,,,,,10,,,,,,,,,,,15.56,0.01,5.84,0.06,9.96,0.27,6.87,0.19,5.19,0.21,0.44,51.18,0.04,0.75,100.7,,,,,
46470,OVD038,137.57,137.57,0.01,0.01,0.01,0.5,5.63,8,50,0.6,2,7.91,0.5,28,182,61,,5.36,10,0.27,10,50,3.27,5.42166,1265,1,1.12,88,,440,5,0.4,5,23,1705,20,0.38,10,10,209,10,65,38,10,20,10,5,,,10,,70,,,,,10,,,,,,,,,,,11.06,0.01,11.4,0.04,7.85,0.32,5.77,0.16,1.5,0.1,0.96,50.61,0.18,0.61,99.42,,,,,
46440,OVD038,22.5,22.5,0.01,0.01,0.01,0.5,7.42,15,190,0.5,2,5.9,0.5,39,217,58,,5.4,10,0.73,20,80,4.34,7.19572,990,1,1.6,246,,930,2,0.01,5,20,412,20,0.38,10,10,160,10,56,57,10,40,20,5,,,10,,80,,,,,10,,,,,,,,,,,14.05,0.01,8.2,0.05,7.96,0.84,7.37,0.12,2.19,0.2,0.01,44.36,0.04,0.72,97.21,,,,,
46451,OVD038,40.3,40.3,0.01,0.01,0.01,0.5,6.66,5,410,0.7,2,5.73,0.5,56,276,232,,7.67,10,0.8,20,60,6.22,10.312759999999999,1415,1,1.32,397,,1070,5,1.2,6,24,961,20,0.59,10,10,209,10,84,88,10,20,20,5,,,10,,80,,,,,10,,,,,,,,,,,12.7,0.05,8.24,0.06,11.2,0.92,10.4,0.18,1.84,0.24,2.93,42.83,0.1,0.98,99.99,,,,,
46459,OVD038,53.4,53.4,0.01,0.01,0.01,0.6,6.57,5,770,0.7,3,5.44,0.5,68,399,581,,7.36,10,0.68,20,40,6.93,11.489939999999999,1225,1,1.53,716,,1070,7,0.97,5,20,1375,20,0.58,10,10,146,10,81,103,10,20,20,5,,,10,,70,,,,,10,,,,,,,,,,,13.13,0.09,7.84,0.09,10.86,0.81,12,0.16,2.1,0.24,2.39,44.62,0.15,0.96,101.05,,,,,
46462,OVD038,58.9,58.9,0.01,0.01,0.01,0.5,8.27,39,290,1,2,1.9,0.5,40,168,543,,7.76,20,1.32,10,120,3.82,6.333559999999999,1585,1,1.9,245,,850,7,0.25,5,29,428,20,0.5,10,10,176,10,98,52,10,20,20,5,,,10,,50,,,,,10,,,,,,,,,,,16.88,0.04,2.7,0.03,11.73,1.61,6.76,0.21,2.69,0.2,0.59,50.4,0.05,0.94,100.45,,,,,
46511,OVD039,106.8,106.8,0.01,0.01,0.01,0.5,8.46,5,800,1.8,2,2.43,0.5,5,3,6,,3.11,20,1.5,40,20,0.71,1.17718,844,4,3.99,1,,1620,17,0.18,5,5,997,20,0.35,10,10,37,10,85,220,10,20,20,5,,,10,,110,,,,,10,,,,,,,,,,,16.72,0.1,3.29,0.01,4.42,1.75,1.26,0.11,5.24,0.37,0.42,62.5,0.11,0.56,99.27,,,,,
46489,OVD039,35.0,35.0,0.01,0.01,0.01,0.5,4.84,5,90,0.5,2,3.42,0.5,98,609,449,,8.33,10,0.4,10,60,11.85,19.647299999999998,1190,1,0.71,1005,,770,6,0.56,5,14,341,20,0.41,10,10,99,10,90,74,10,20,10,5,,,10,,50,,,,,10,,,,,,,,,,,9.44,0.02,4.87,0.14,12.2,0.47,20,0.15,1.01,0.17,1.38,41.88,0.04,0.68,100.05,,,,,
46496,OVD039,46.1,46.1,0.01,0.01,0.01,0.5,5.4,30,60,0.5,2,8.55,0.5,72,405,495,,7.01,10,0.28,20,70,6.57,10.89306,1195,1,0.74,743,,770,4,1,5,16,392,20,0.38,10,10,102,10,75,53,10,20,10,5,,,10,,70,,,,,10,,,,,,,,,,,10.36,0.01,12.3,0.09,10,0.32,11.1,0.15,1.02,0.17,2.42,37.3,0.04,0.64,99.85,,,,,
46592,OVD040,116.4,116.4,0.07,0.04,0.06,1,5.38,5,110,0.6,2,3.77,0.6,112,588,2150,,8.71,10,0.21,20,30,9.69,16.066019999999998,1170,1,1.2,1765,,1000,8,1.39,5,16,351,20,0.48,10,10,125,10,86,92,10,20,10,5,,,10,,60,,,,,10,,,,,,,,,,,10.89,0.01,5.49,0.12,13.06,0.25,16.85,0.15,1.72,0.23,3.48,42.89,0.04,0.81,102.75,,,,,
46545,OVD040,44.4,44.4,0.04,0.02,0.03,1.2,4.28,5,110,0.5,4,2.87,0.7,153,773,1880,,10.45,10,0.36,10,20,13.05,21.6369,1315,1,0.73,2350,,780,20,1.62,5,14,235,20,0.41,10,10,100,10,101,59,10,20,10,5,,,10,,50,,,,,10,,,,,,,,,,,8.47,0.02,4.03,0.17,15.35,0.43,22.1,0.17,1.04,0.17,4.09,41.52,0.03,0.67,105.55,,,,,
46564,OVD040,77.5,77.5,0.02,0.02,0.02,0.8,4.14,5,90,0.5,2,2.81,0.8,141,867,1280,,10.3,10,0.33,10,10,13.5,22.383,1365,1,0.98,1840,,710,12,1.27,5,13,288,20,0.38,10,10,90,10,99,63,10,20,10,5,,,10,,50,,,,,10,,,,,,,,,,,8.11,0.01,4.07,0.19,15.2,0.39,23,0.18,1.38,0.16,3.21,41.66,0.03,0.62,105.35,,,,,
43201,OVD021,42.3,,0.04,0.04,0.04,2.2,3.2,5,90,0.5,2,2.27,1.1,212,942,3550,0.355,12.75,10,0.26,10,10,14.85,24.621299999999998,1345,1,0.67,3430,0.343,0.061,19,2.6,5,12,230,20,0.3,10,10,81,10,101,,,,,,,,,,,,,,,,,,,,,,,,,,,,,,,,,,,,,,,,,,,,,
43211,OVD021,61.0,,0.05,0.05,0.05,1.7,3.48,5,80,0.5,2,2.27,1.2,207,943,2960,0.296,12.4,10,0.26,10,20,15.05,24.9529,1370,1,0.65,3340,0.334,0.06,18,2.42,5,12,229,20,0.31,10,10,81,10,101,,,,,,,,,,,,,,,,,,,,,,,,,,,,,,,,,,,,,,,,,,,,,
43220,OVD021,76.6,,0.03,0.03,0.03,1.8,3.67,5,70,0.5,2,1.92,0.9,211,955,2960,0.296,12.45,10,0.26,10,30,14.55,24.1239,1280,1,0.47,3320,0.332,0.063,16,2.58,5,13,155,20,0.34,10,10,87,10,82,,,,,,,,,,,,,,,,,,,,,,,,,,,,,,,,,,,,,,,,,,,,,
43233,OVD021,94.4,,0.03,0.03,0.03,1.4,3.9,5,80,0.5,2,2.2,0.9,244,818,3220,0.322,13,10,0.25,10,20,12.1,20.061799999999998,1240,1,0.52,3850,0.385,0.068,10,2.99,5,13,435,20,0.4,10,10,98,10,94,,,,,,,,,,,,,,,,,,,,,,,,,,,,,,,,,,,,,,,,,,,,,
43241,OVD021,107.0,,0.05,0.05,0.05,7,3.4,5,110,0.7,3,1.5,2.2,433,572,10000,1.52,26,10,0.2,10,10,6.77,11.224659999999998,1565,1,0.83,9800,0.98,0.076,19,8.73,5,9,190,20,0.59,10,10,236,10,187,,,,,,,,,,,,,,,,,,,,,,,,,,,,,,,,,,,,,,,,,,,,,
43249,OVD021,116.1,,0.11,0.11,0.11,8.3,2.07,5,30,0.5,4,1.44,3.7,505,883,10000,1.475,24.1,10,0.11,10,10,10.6,17.5748,1120,1,0.25,10000,1.105,0.029,59,9.92,5,8,137,20,0.17,10,10,57,10,141,,,,,,,,,,,,,,,,,,,,,,,,,,,,,,,,,,,,,,,,,,,,,
43251,OVD021,121.0,,0.11,0.11,0.11,6.6,2.35,5,40,0.5,2,1.74,3,488,857,10000,1.245,23.2,10,0.12,10,10,11.25,18.6525,1205,1,0.37,10000,1.155,0.031,77,9.05,5,9,180,20,0.18,10,10,59,10,135,,,,,,,,,,,,,,,,,,,,,,,,,,,,,,,,,,,,,,,,,,,,,
43265,OVD021,146.9,,0.04,0.04,0.04,1.5,4.65,5,40,0.5,2,3.95,1.2,177,713,2990,0.299,10.9,10,0.09,10,40,11.55,19.1499,1345,1,0.48,2980,0.298,0.086,10,2.41,5,15,206,20,0.46,10,10,109,10,99,,,,,,,,,,,,,,,,,,,,,,,,,,,,,,,,,,,,,,,,,,,,,
43267,OVD021,148.8,,0.04,0.04,0.04,1.3,5,6,110,0.6,2,3.97,0.7,139,724,2010,0.201,9.63,10,0.2,10,40,11.4,18.9012,1385,1,0.75,2100,0.21,0.093,11,1.38,5,17,360,20,0.49,10,10,117,10,91,,,,,,,,,,,,,,,,,,,,,,,,,,,,,,,,,,,,,,,,,,,,,
43280,OVD021,165.2,,0.01,0.01,0.01,0.5,7.58,10,370,0.7,2,5.47,0.5,57,358,606,0.0606,6.56,10,0.5,20,30,6.09,10.09722,1145,1,2.45,506,0.0506,0.105,8,0.57,5,21,868,20,0.55,10,10,141,10,70,,,,,,,,,,,,,,,,,,,,,,,,,,,,,,,,,,,,,,,,,,,,,
42807,SC04,168.3,,0.001,0.01,0.003,2,9.5,6,187,1.3,0.12,3.05,0.05,40.9,253,107,,7.62,20.4,0.87,13.5,86,3.96,6.5656799999999995,1094,1.43,1.63,140,0.014,0.1218,5,3.54,0.73,29.5,520,1.9,0.41,0.1,0.93,179,0.8,95,76.9,2,15,19,6,0.03,1.3,0.05,1,35.9,0.61,2.1,0.3,2.51,2.21,,,,,,,,,,,,,,,,,,,,,,,,,,,,,,
42808,SC04,171.0,,0.003,0.01,0.001,2,8.59,7,112,1.1,0.28,4.86,0.05,40,274,130,,6.07,17,0.12,18.6,75,5.08,8.42264,993,1.27,2.26,194,0.0194,0.1726,5.3,2.47,1.12,21.4,723,2,0.59,0.02,1.03,185,1.6,78,92.1,2,2.1,18.2,6.3,0.05,2.7,0.05,1,49,0.64,1.8,0.28,2.8,2.3,,,,,,,,,,,,,,,,,,,,,,,,,,,,,,
43333,SC06,16.7,16.7,0.01,0.01,0.01,0.5,7.53,10,230,1.2,2,5.94,0.5,42,74,96,,9.04,20,0.52,20,20,3.41,5.65378,1355,1,2.35,105,,2060,6,0.01,5,27,499,20,1.26,10,10,232,10,122,213,10,20,40,7,,10,10,,90,,,,,10,,,,,,,,,,,,,,,,,,,,,,,,,,,,,,
43353,SC06,39.3,39.3,0.01,0.01,0.01,0.5,9.55,5,190,0.8,2,0.91,0.5,31,150,104,,7.62,20,1.02,10,90,3.28,5.4382399999999995,1100,1,2.05,95,,530,6,0.76,5,31,269,20,0.54,10,10,185,10,112,86,10,20,20,6,,10,10,,50,,,,,10,,,,,,,,,,,,,,,,,,,,,,,,,,,,,,
43460,SC07,154.3,154.3,0.01,0.01,0.01,0.5,2.3,6,10,0.5,2,9.5,0.5,108,935,343,,7.21,10,0.08,10,10,11.25,18.6525,1220,1,0.25,350,0.035,130,3,0.97,5,55,112,20,0.2,10,10,172,10,45,11,10,20,10,5,,10,10,,50,,,,,10,,,,,,,,,,,4.37,0.01,13.6,0.21,10.42,0.09,18.45,0.15,0.35,0.03,2.3,45.52,0.01,0.33,100.8,,,,,
43471,SC07,172.5,172.5,0.06,0.17,0.21,0.5,1.12,8,10,0.5,2,6.71,0.5,99,1535,1340,,7.09,10,0.03,10,10,15.25,25.284499999999998,1280,1,0.1,899,0.0899,110,2,0.25,5,34,113,20,0.09,10,10,87,10,54,6,10,20,10,5,,10,10,,50,,,,,10,,,,,,,,,,,2.21,0.01,9.98,0.38,10.52,0.03,26.6,0.17,0.18,0.02,0.65,41.34,0.01,0.15,101.3,,,,,
43477,SC07,180.0,180.0,0.01,0.01,0.01,0.5,4.54,5,10,1.2,2,5.5,0.5,73,1185,157,,8.43,10,0.01,20,30,14.35,23.792299999999997,1925,1,0.13,470,0.047,1200,2,0.03,5,34,75,20,0.41,10,10,242,10,86,51,10,20,10,5,,10,10,,70,,,,,10,,,,,,,,,,,8.57,0.01,7.77,0.28,12.33,0.01,23.3,0.24,0.19,0.26,0.05,39.42,0.01,0.67,100.6,,,,,
43494,SC07,211.6,211.6,0.11,0.09,0.09,0.5,1.89,5,30,0.5,2,2.95,0.5,121,1680,450,,8.26,10,0.16,10,10,18.15,30.092699999999997,1420,1,0.33,803,0.0803,240,2,0.16,5,16,120,20,0.11,10,10,72,10,72,15,10,20,10,5,,10,10,,50,,,,,10,,,,,,,,,,,3.65,0.01,4.3,0.42,12.44,0.18,30.6,0.19,0.51,0.05,0.39,40.82,0.01,0.19,100.9,,,,,
43515,SC07,246.4,246.4,0.02,0.04,0.04,0.5,1.97,5,50,0.5,2,3.24,0.5,122,1715,122,,8.47,10,0.18,10,10,18.8,31.1704,1420,1,0.37,811,0.0811,290,2,0.08,5,17,137,20,0.11,10,10,74,10,74,14,10,20,10,5,,10,10,,50,,,,,10,,,,,,,,,,,3.65,0.01,4.52,0.42,12.12,0.2,30.9,0.18,0.51,0.06,0.16,41.09,0.01,0.19,100.05,,,,,
45856,OVD050,142.15,142.8,0.01,0.01,0.01,0.5,7.01,5,190,0.9,2,4.97,0.5,28,91,93,,4.81,10,1.16,10,60,1.68,,886,1,0.62,77,,410,2,2.21,5,25,377,20,0.33,10,10,143,10,67,50,10,20,10,5,,10,10,,50,,,,,10,,,,,,,,,,,13.64,0.02,6.83,0.01,6.99,1.39,2.94,0.13,0.81,0.1,5.38,57.2,0.05,0.55,103.65,,,,,
45859,OVD050,144.27,146.2,0.01,0.01,0.01,0.5,7.4,5,110,0.8,2,4.64,0.5,31,153,68,,5.86,10,0.3,10,60,3.35,,1105,1,1.79,112,,1120,6,1.31,5,23,480,20,0.63,10,10,150,10,68,111,10,20,20,6,,10,10,,50,,,,,10,,,,,,,,,,,14.24,0.01,6.41,0.01,8.57,0.36,5.75,0.17,2.42,0.25,3.2,53.32,0.06,1.12,102.5,,,,,
45862,OVD050,150.0,152.0,0.01,0.01,0.01,0.5,8.64,24,120,0.9,2,4.11,0.5,33,183,67,,6.42,20,0.56,10,80,3.61,,1035,1,2.84,134,,1090,4,1.45,5,28,670,20,0.65,10,10,175,10,71,119,10,20,20,5,,10,10,,50,,,,,10,,,,,,,,,,,,,,,,,,,,,,,,,,,,,,
45865,OVD050,154.92,156.0,0.01,0.01,0.01,0.5,7.91,5,130,0.9,2,5.31,0.5,36,224,61,,6.09,10,0.34,20,70,4.3,,1225,1,2.03,159,,1240,8,0.89,5,25,595,20,0.65,10,20,169,10,72,111,10,30,20,5,,10,10,,70,,,,,10,,,,,,,,,,,,,,,,,,,,,,,,,,,,,,
45871,OVD050,160.4,162.0,0.01,0.01,0.01,0.5,8.03,5,170,0.8,2,4.34,0.5,33,191,84,,6.2,10,0.41,10,70,3.73,,1110,1,2.34,139,,1030,4,1.02,5,26,556,20,0.59,10,10,162,10,74,108,10,20,20,5,,10,10,,50,,,,,10,,,,,,,,,,,14.72,0.01,5.6,0.02,8.54,0.47,6.01,0.16,2.96,0.22,2.37,52.53,0.06,0.96,100.9,,,,,
44908,SC11,154.1,156.0,0.02,0.01,0.01,0.5,7.7,157,740,2.1,3,1.68,0.5,3,10,6,,3.41,20,1.29,30,20,0.29,,763,2,3.51,8,,620,16,0.23,5,12,181,20,0.29,10,10,8,10,88,409,10,50,40,12,,10,10,,80,,,,,10,,,,,,,,,,,15.64,0.08,2.35,0.01,5.14,1.58,0.54,0.1,4.85,0.14,0.53,65.26,0.02,0.51,100.95,,,,,
44922,SC11,172.45,174.0,0.01,0.01,0.01,0.5,8.06,10,380,1.7,2,1.9,0.5,6,4,6,,3.23,20,1.1,30,20,0.48,,972,2,4.06,8,,860,12,0.16,5,12,278,20,0.38,10,10,8,10,93,408,10,20,50,12,,10,10,,90,,,,,10,,,,,,,,,,,16.3,0.04,2.64,0.01,4.72,1.32,0.88,0.13,5.56,0.19,0.37,65.09,0.03,0.64,101.65,,,,,
44946,SC11,217.3,219.0,0.04,0.12,0.15,0.5,0.97,5,10,0.5,2,3.97,0.5,115,1765,661,,8.45,10,0.04,10,10,17.6,,1210,1,0.08,984,,100,2,0.26,5,23,81,20,0.08,10,10,71,10,65,5,10,20,10,5,,10,10,,50,,,,,10,,,,,,,,,,,1.9,0.01,5.52,0.43,12.4,0.04,30.3,0.16,0.16,0.03,0.6,40.48,0.01,0.12,102.25,,,,,
44947,SC11,219.0,221.0,0.07,0.17,0.19,0.5,0.99,5,30,0.5,2,3.9,0.5,119,1560,1065,0.1065,8.39,10,0.05,10,10,18.05,,1205,1,0.09,931,,140,2,0.25,5,18,73,20,0.06,10,10,52,10,65,6,10,20,10,5,,10,10,,50,,,,,10,,,,,,,,,,,1.98,0.02,5.44,0.35,12.34,0.06,30.7,0.16,0.2,0.04,0.61,39.78,0.01,0.09,101.35,,,,,
44950,SC11,223.0,225.0,0.11,0.19,0.25,0.5,0.92,208,10,0.5,2,6.5,0.5,92,1660,989,,6.3,10,0.01,10,20,13.45,,1090,1,0.03,723,,110,4,0.23,5,25,130,20,0.06,10,10,64,10,47,5,10,20,10,6,,10,10,,50,,,,,10,,,,,,,,,,,1.82,0.01,9.58,0.34,9.3,0.01,23.3,0.14,0.1,0.03,0.58,37.67,0.01,0.12,100.5,,,,,
44957,SC11,233.65,235.0,0.01,0.03,0.02,0.5,2.18,5,30,0.5,2,6.81,0.5,82,1720,187,,7.01,10,0.14,10,10,14.3,,1205,1,0.37,508,,190,2,0.11,5,33,151,20,0.18,10,10,125,10,53,11,10,20,10,5,,10,10,,50,,,,,10,,,,,,,,,,,4.31,0.02,10.1,0.39,10.44,0.16,25,0.16,0.57,0.04,0.26,44.81,0.02,0.3,102.3,,,,,
44966,SC11,244.65,246.0,0.03,0.05,0.04,0.5,1.94,5,30,0.5,2,4.46,0.5,101,1540,214,,7.94,10,0.14,10,10,16.1,,1300,1,0.33,661,,220,2,0.1,5,24,143,20,0.14,10,10,94,10,64,12,10,20,10,8,,10,10,,50,,,,,10,,,,,,,,,,,3.73,0.01,6.4,0.34,11.58,0.16,27.5,0.17,0.5,0.05,0.23,42.46,0.01,0.23,100.25,,,,,
44967,SC11,246.0,248.0,0.01,0.03,0.03,0.5,2.44,5,30,0.5,2,4.32,0.5,97,1570,113,,7.98,10,0.13,10,20,16.05,,1325,1,0.36,609,,230,2,0.08,5,26,131,20,0.21,10,10,125,10,64,14,10,20,10,8,,10,10,,50,,,,,10,,,,,,,,,,,4.75,0.01,6.27,0.35,11.73,0.15,27.4,0.17,0.57,0.05,0.18,41.8,0.01,0.35,101.65,,,,,
44971,SC11,252.0,254.0,0.01,0.04,0.03,0.5,2.17,5,40,0.5,2,2.88,0.5,113,1515,91,,8.73,10,0.17,10,10,17.2,,1400,1,0.27,713,,230,2,0.08,5,20,137,20,0.2,10,10,114,10,73,11,10,20,10,7,,10,10,,50,,,,,10,,,,,,,,,,,4.14,0.02,4.06,0.34,12.84,0.2,28.9,0.18,0.45,0.05,0.19,40.32,0.01,0.32,100.6,,,,,
44976,SC11,259.0,261.0,0.01,0.03,0.02,0.5,1.92,5,40,0.5,2,5.3,0.5,99,1780,106,,7.99,10,0.16,10,10,16.45,,1330,1,0.36,641,,250,2,0.08,5,27,132,20,0.13,10,10,93,10,62,13,10,20,10,6,,10,10,,50,,,,,10,,,,,,,,,,,3.69,0.02,7.46,0.4,11.58,0.18,27.9,0.17,0.55,0.05,0.2,43.83,0.01,0.2,101.75,,,,,
44979,SC11,263.7,265.45,0.01,0.03,0.02,0.5,1.65,160,20,0.5,2,5.68,0.5,86,1605,103,,6.7,10,0.13,10,20,13.8,,1160,1,0.06,559,,240,2,0.18,6,23,265,20,0.1,10,10,78,10,53,11,10,20,10,8,,10,10,,50,,,,,10,,,,,,,,,,,3.27,0.02,8.36,0.36,9.99,0.15,24.2,0.16,0.15,0.06,0.44,39.89,0.03,0.17,102.45,,,,,
44981,SC11,267.0,269.0,0.02,0.02,0.02,0.5,1.77,27,30,0.5,2,4.93,0.5,80,1250,100,,6.43,10,0.3,10,30,12.95,,1050,1,0.02,479,,200,2,0.6,5,22,178,20,0.07,10,10,87,10,52,10,10,20,10,7,,10,10,,50,,,,,10,,,,,,,,,,,3.4,0.01,7.05,0.28,9.42,0.35,22.1,0.14,0.04,0.05,1.33,43.51,0.02,0.21,101.3,,,,,
44987,SC11,275.0,277.0,0.02,0.04,0.03,0.5,2.09,5,50,0.5,2,5.56,0.5,101,1075,197,,7.92,10,0.18,10,10,15.95,,1345,1,0.37,608,,260,3,0.1,5,28,147,20,0.15,10,10,103,10,62,13,10,20,10,7,,10,10,,50,,,,,10,,,,,,,,,,,3.88,0.01,7.65,0.29,11.46,0.2,27.1,0.18,0.52,0.06,0.23,43.83,0.01,0.24,101.5,,,,,
44992,SC11,281.87,283.51,0.01,0.03,0.02,0.5,2.08,15,20,0.5,2,4.53,0.5,97,1370,85,,7.73,10,0.12,10,10,15.8,,1310,1,0.28,574,,310,2,0.17,5,23,164,20,0.12,10,10,82,10,64,12,10,20,10,8,,10,10,,50,,,,,10,,,,,,,,,,,3.75,0.01,6.17,0.31,11.02,0.13,26.3,0.17,0.38,0.07,0.4,43.39,0.01,0.18,100.35,,,,,
44998,SC11,289.8,290.25,0.01,0.03,0.03,0.5,2.36,5,40,0.5,2,5.21,0.5,106,1105,50,,7.97,10,0.18,10,10,15.7,,1315,1,0.45,618,,310,2,0.08,5,24,212,20,0.12,10,10,84,10,67,15,10,20,10,8,,10,10,,50,,,,,10,,,,,,,,,,,4.31,0.01,7.09,0.28,11.42,0.21,26.2,0.17,0.58,0.06,0.18,43.88,0.02,0.19,100.95,,,,,
44999,SC11,290.25,291.09,0.01,0.01,0.01,0.5,7.3,5,20,0.5,2,10.2,0.5,64,40,252,,13.45,10,0.01,30,190,6.78,,2300,1,0.02,66,,2400,6,0.04,5,50,1185,20,0.76,10,10,439,10,142,89,10,20,20,11,,10,20,,80,,,,,10,,,,,,,,,,,13.88,0.01,14.55,0.01,19.78,0.01,11.95,0.31,0.04,0.57,0.09,20.4,0.13,1.24,99.66,,,,,
44261,SC11,308.0,310.0,0.01,0.03,0.04,0.5,1.76,8,20,0.5,2,3.61,0.5,107,1595,128,,7.8,10,0.1,10,10,16.85,,1330,1,0.24,716,,230,2,0.06,5,18,223,20,0.1,10,10,72,10,70,11,10,20,10,9,,10,10,,50,,,,,10,,,,,,,,,,,3.25,0.01,5.02,0.37,11.66,0.12,28.9,0.18,0.36,0.05,0.14,39.6,0.02,0.17,100.15,,,,,
44266,SC11,318.0,320.0,0.02,0.04,0.05,0.5,1.6,5,30,0.5,2,2.88,0.5,117,1570,160,,8.58,10,0.1,10,10,17.75,,1395,1,0.19,797,,210,2,0.09,5,16,147,20,0.09,10,10,65,10,72,10,10,20,10,7,,10,10,,50,,,,,10,,,,,,,,,,,2.97,0.01,4.03,0.4,12.55,0.12,31,0.18,0.29,0.04,0.21,39.97,0.01,0.14,101.2,,,,,
44270,SC11,322.44,323.65,0.01,0.03,0.03,0.5,1.42,66,30,0.5,2,4.94,0.5,103,1635,115,,7.33,10,0.32,10,20,15.6,,1410,1,0.06,712,,180,2,0.06,5,15,280,20,0.08,10,10,63,10,66,9,10,20,10,8,,10,10,,50,,,,,10,,,,,,,,,,,2.66,0.01,6.55,0.36,10.66,0.37,26.7,0.18,0.11,0.04,0.14,36.31,0.03,0.14,102.3,,,,,
44272,SC11,324.0,325.3,0.01,0.01,0.01,0.5,7.83,6,960,2,2,1.33,0.5,6,76,6,,4.52,20,1.28,40,30,2,,637,3,4.23,28,,800,12,0.03,5,12,237,20,0.35,10,10,6,10,109,419,10,20,50,14,,10,10,,90,,,,,10,,,,,,,,,,,14.86,0.12,1.71,0.01,6.47,1.48,3.51,0.08,5.68,0.18,0.07,61.16,0.02,0.55,99.61,,,,,
44276,SC11,326.3,328.1,0.04,0.03,0.03,0.5,1.7,33,20,0.5,2,4.21,0.5,98,1540,72,,7.49,10,0.23,10,20,15,,1355,1,0.07,657,,230,2,0.05,5,13,250,20,0.08,10,10,53,10,72,19,10,20,10,7,,10,10,,50,,,,,10,,,,,,,,,,,3.18,0.01,5.65,0.35,10.84,0.27,26,0.18,0.13,0.05,0.1,37.98,0.03,0.13,101.1,,,,,
44281,SC11,334.0,336.0,0.01,0.03,0.03,0.5,1.57,5,30,0.5,2,3.93,0.5,111,1730,130,,8.45,10,0.1,10,10,17,,1370,1,0.15,734,,190,2,0.08,5,16,186,20,0.09,10,10,64,10,74,10,10,20,10,10,,10,10,,50,,,,,10,,,,,,,,,,,2.96,0.01,5.34,0.39,12.25,0.11,29.8,0.18,0.26,0.04,0.17,39.74,0.02,0.14,102.8,,,,,
44285,SC11,340.0,341.0,0.01,0.01,0.01,0.5,8.15,5,1010,1.6,2,0.86,0.5,3,8,1,,3.94,20,1.6,40,40,1.81,,557,3,4.27,2,,910,16,0.01,5,12,234,20,0.38,10,10,5,10,121,420,10,20,50,14,,10,10,,90,,,,,10,,,,,,,,,,,15.41,0.12,1.09,0.01,5.47,1.86,3.01,0.07,5.69,0.19,0.01,62.67,0.02,0.62,99.29,,,,,
44287,SC11,342.1,344.0,0.01,0.03,0.03,0.5,1.88,202,40,0.6,3,5.53,0.5,106,1810,65,,6.54,10,0.24,10,30,13.85,,1740,1,0.09,744,,240,2,0.04,6,18,304,20,0.09,10,10,77,10,71,20,10,20,10,6,,10,10,,50,,,,,10,,,,,,,,,,,3.59,0.02,7.43,0.4,9.57,0.28,24,0.23,0.14,0.05,0.1,38.59,0.03,0.18,100.5,,,,,
44293,SC11,350.0,352.0,0.01,0.01,0.01,0.5,8.03,5,950,1.9,2,1.31,0.5,2,8,1,,3.88,20,1.5,40,50,1.55,,744,2,4.12,1,,940,14,0.03,5,12,228,20,0.39,10,10,5,10,120,409,10,20,50,14,,10,10,,90,,,,,10,,,,,,,,,,,15.36,0.11,1.66,0.01,5.43,1.74,2.67,0.09,5.56,0.2,0.06,61.87,0.02,0.63,99.25,,,,,
44300,SC11,360.0,362.0,0.01,0.03,0.03,0.5,2.03,5,40,0.5,2,3.46,0.5,109,1840,66,,8.35,10,0.19,10,10,17.85,,1390,1,0.34,775,,260,2,0.08,5,18,144,20,0.12,10,10,81,10,72,13,10,20,10,7,,10,10,,50,,,,,10,,,,,,,,,,,3.83,0.02,4.65,0.41,12.1,0.22,30.5,0.18,0.5,0.05,0.18,41.4,0.01,0.19,101.8,,,,,
44307,SC11,370.0,372.0,0.01,0.03,0.04,0.5,2.25,5,40,0.5,2,3.66,0.5,114,1775,113,,8.5,10,0.18,10,10,18.3,,1350,1,0.38,811,,210,2,0.09,5,23,124,20,0.2,10,10,121,10,70,12,10,20,10,7,,10,10,,50,,,,,10,,,,,,,,,,,4.22,0.02,4.85,0.42,12.14,0.21,31.3,0.18,0.55,0.05,0.2,41.15,0.01,0.31,102.45,,,,,
44312,SC11,376.85,377.5,0.01,0.01,0.01,0.5,5.66,5,290,0.6,2,6.04,0.5,57,542,85,,6.42,10,0.37,10,70,11.9,,1140,1,1.03,314,,840,4,0.04,5,29,564,20,0.42,10,10,220,10,50,38,10,20,10,7,,10,10,,50,,,,,10,,,,,,,,,,,10.44,0.04,8.17,0.13,9.2,0.42,19.95,0.15,1.34,0.19,0.1,39.77,0.06,0.66,99.78,,,,,
44318,SC11,384.8,385.6,0.01,0.01,0.01,0.5,1.59,17,10,0.5,2,10.4,0.5,59,1740,330,,5.22,10,0.05,10,10,13.1,,1210,1,0.2,396,,180,2,0.16,5,48,102,20,0.11,10,10,105,10,38,7,10,20,10,6,,10,20,,50,,,,,10,,,,,,,,,,,2.92,0.01,14.05,0.41,7.4,0.05,21.7,0.15,0.28,0.04,0.38,48.06,0.01,0.17,100.6,,,,,
44321,SC11,389.0,391.0,0.03,0.13,0.28,0.5,0.38,7,10,0.5,2,1.62,0.5,134,1895,241,,8.93,10,0.01,10,10,20.3,,1255,1,0.01,1110,0.111,60,2,0.17,7,10,111,20,0.03,10,10,32,10,69,5,10,20,10,6,,10,10,,50,,,,,10,,,,,,,,,,,0.68,0.01,2.22,0.4,12.8,0.01,33.6,0.16,0.08,0.01,0.41,35.75,0.01,0.05,100.85,,,,,
44323,SC11,392.5,393.8,0.01,0.01,0.01,0.5,1.25,6,10,0.5,3,10.5,0.5,74,1500,294,,6.17,10,0.04,10,10,12.95,,1280,1,0.15,511,,90,2,0.18,5,51,143,20,0.11,10,10,116,10,42,5,10,20,10,7,,10,20,,50,,,,,10,,,,,,,,,,,2.27,0.01,14.4,0.33,8.73,0.04,21.8,0.16,0.23,0.02,0.43,43.2,0.01,0.17,99.35,,,,,
44328,SC11,399.0,401.0,0.01,0.06,0.09,0.5,3.58,19,10,0.5,2,5.81,0.5,91,1010,351,,8.71,10,0.03,10,30,14.4,,1615,1,0.09,574,,690,2,0.15,5,36,1030,20,0.32,10,10,184,10,76,29,10,20,10,7,,10,10,,50,,,,,10,,,,,,,,,,,6.79,0.01,8.16,0.26,12.76,0.03,24.7,0.21,0.17,0.16,0.34,41.37,0.11,0.5,102.9,,,,,
44337,SC11,412.0,414.0,0.03,0.09,0.12,0.5,2.99,7,10,0.5,2,11.35,0.5,66,864,719,,6.36,10,0.05,10,40,10.95,,1190,1,0.2,532,,290,2,0.25,5,58,166,20,0.27,10,10,207,10,48,16,10,20,10,8,,10,20,,50,,,,,10,,,,,,,,,,,5.48,0.01,15.35,0.23,9.05,0.05,18.45,0.16,0.27,0.06,0.62,45.42,0.02,0.42,100.5,,,,,
45616,BS001,109.6,111.6,0.01,0.01,0.01,0.5,8.28,7,1600,0.9,2,6.08,0.5,23,26,78,,5.61,20,1.13,10,30,1.5,,1110,1,1.74,21,,720,4,0.01,5,18,1435,20,0.43,10,10,197,10,85,45,10,50,10,,,10,10,,50,5,,,,10,,,,,,,,,,,18.42,0.18,8.27,0.01,8.12,1.4,2.68,0.14,2.38,0.17,0.01,50.78,0.17,0.73,100.8,,,,,
45625,BS001,195.0,196.8,0.01,0.01,0.01,0.5,7.4,5,440,1.1,2,5.78,0.5,40,25,46,,9.83,20,0.86,20,20,2.99,,1680,1,2.32,22,,1990,2,0.36,5,35,485,20,1.26,10,20,299,10,124,127,10,40,30,,,10,10,,70,5,,,,10,,,,,,,,,,,15.05,0.06,7.97,0.01,14.09,1.06,5.11,0.22,3.21,0.44,0.83,49.02,0.06,2.13,101.5,,,,,
45632,BS001,281.0,283.0,0.01,0.01,0.01,0.5,6.77,7,410,1,2,6.95,0.5,37,22,45,,9.16,20,0.36,20,50,2.66,,1880,1,2.12,20,,1820,2,0.76,5,32,382,20,1.15,10,10,273,10,112,119,10,20,30,,,10,10,,60,5,,,,10,,,,,,,,,,,13.67,0.05,9.52,0.01,13,0.43,4.54,0.24,2.86,0.41,1.84,43.4,0.04,1.96,101.2,,,,,
45634,BS001,284.2,286.1,,,,0.5,6.97,20,950,1,2,4.92,0.5,26,30,60,,6.7,20,0.94,20,50,1.8,,1775,2,1.54,37,,1300,9,0.78,5,24,254,20,0.75,10,10,203,10,102,115,10,40,30,,,10,10,,60,5,,,,10,,,,,,,,,,,,,,,,,,,,,,,,,,,,,,
45635,BS001,286.1,288.0,0.01,0.01,0.01,0.5,7.01,5,500,1.1,2,5.1,0.5,38,26,42,,9.18,10,0.42,20,30,2.87,,1890,1,2.49,23,,1870,9,0.77,5,34,425,20,1.18,10,10,283,10,123,121,10,20,30,,,10,10,,70,5,,,,10,,,,,,,,,,,14.63,0.06,7.33,0.01,13.82,0.54,5.1,0.26,3.52,0.44,1.96,47.13,0.05,2.11,102.4,,,,,
45639,BS001,294.0,296.0,,,,0.5,5.32,13,1360,0.9,2,4.73,0.5,26,45,99,,3.59,10,0.8,20,30,1.32,,2890,1,1.42,77,,1030,8,0.36,5,13,365,20,0.26,10,10,82,10,77,63,10,40,20,,,10,10,,60,5,,,,10,,,,,,,,,,,,,,,,,,,,,,,,,,,,,,
45652,BS001,380.0,382.0,,,,0.5,6.24,16,1020,1,2,3.72,0.5,23,47,96,,3.89,10,1.36,10,30,1.24,,1860,2,1.56,63,,770,7,0.91,5,15,202,20,0.3,10,20,120,10,85,73,10,40,20,,,10,10,,50,5,,,,10,,,,,,,,,,,,,,,,,,,,,,,,,,,,,,
45656,BS001,442.8,443.4,0.01,0.01,0.01,0.5,7.6,5,2070,0.8,2,5.49,0.5,39,21,61,,7.79,10,1.27,20,30,3.23,,1665,1,1.74,56,,1360,3,0.81,5,24,360,20,0.84,10,10,194,10,106,99,10,30,20,,,10,10,,60,5,,,,10,,,,,,,,,,,15.53,0.24,7.72,0.01,11.26,1.56,5.54,0.22,2.41,0.31,1.86,47.58,0.04,1.46,101.45,,,,,
45659,BS001,460.3,461.25,0.01,0.01,0.01,0.5,8.93,5,1100,0.7,2,5.64,0.5,31,6,81,,7.16,20,1.78,20,30,2.86,,1780,1,1.32,14,,840,4,0.17,5,22,415,20,0.67,10,10,294,10,93,68,10,40,20,,,10,10,,60,5,,,,10,,,,,,,,,,,18.35,0.12,7.74,0.01,10.31,2.2,4.94,0.23,1.82,0.19,0.36,49.32,0.05,1.14,101.25,,,,,
45663,BS001,483.1,484.7,0.01,0.01,0.01,0.5,7.92,8,660,0.7,2,4.8,0.5,22,25,71,,5.28,10,1.28,20,10,1.17,,1050,2,2.62,21,,760,13,0.13,5,18,951,20,0.41,10,10,148,10,87,46,10,20,20,,,10,10,,60,5,,,,10,,,,,,,,,,,16.66,0.08,6.75,0.01,7.74,1.62,2.13,0.14,3.68,0.18,0.28,58.04,0.11,0.72,100.95,,,,,
45675,BS001,500.65,502.05,0.01,0.01,0.01,0.5,9.37,5,920,0.7,2,7.26,0.5,30,11,87,,7.22,20,1.58,20,20,2.53,,1330,1,0.99,18,,850,8,0.23,5,23,353,20,0.65,10,20,272,10,87,85,10,50,20,,,10,10,,60,5,,,,10,,,,,,,,,,,17.59,0.1,9.64,0.01,10.02,1.84,4.21,0.16,1.32,0.18,0.54,48.37,0.04,1.05,99.31,,,,,
45681,BS001,508.55,510.55,0.01,0.01,0.01,0.5,8.72,5,740,0.6,2,6.27,0.5,28,14,71,,6.52,20,1.26,10,20,2.43,,1240,1,1.62,15,,820,3,0.19,5,18,445,20,0.58,10,10,242,10,93,68,10,30,20,,,10,10,,60,5,,,,10,,,,,,,,,,,17.34,0.08,8.64,0.01,9.48,1.58,4.3,0.16,2.22,0.18,0.45,50.27,0.05,0.99,100.5,,,,,
