PROJECT,PROSPECT,HOLE_ID,Hole_TYPE,ORIG_EAST,ORIG_NORTH,ORIG_RL,Azimuth,Dip,Starting depth,Drilled depth,Total drilled depth,Start date,End date,DH statuus,LEASE,COMPANY,SUPERVISOR,DH closed and sealed,REMARKS,Edited date
YMBT,Copper Ridge,CRS01,DD,725246.53,5150635.39,2004.34,180,-60,0,52.7,52.7,8/19/2024,8/29/2024,Not accepted,XV-20515,,Mendbileg,,DH did not accepted,10/25/2024
YMBT,Copper Ridge,CRS01A,DD,725237.26,5150570.09,1990.94,30,-70,0,200.5,200.5,8/29/2024,9/10/2024,Completed,XV-20515,,Enkhbayasgalan,,,10/25/2024
YMBT,OVAL,OVD001,DD,721959.82,5144522.27,1837,260,-60,0,93.4,93.4,7/15/2023,7/15/2023,Completed,XV-20516,,Batkhurel,,,10/25/2024
YMBT,OVAL,OVD002,DD,722011.84,5144334.01,1835.87,0,-90,0,167.5,167.5,7/15/2023,7/15/2023,Completed,XV-20517,,Batkhurel,,,10/25/2024
YMBT,OVAL,OVD003,DD,722024.96,5144147.09,1847.09,60,-60,0,209.5,209.5,7/15/2023,7/15/2023,Completed,XV-20518,,Batkhurel,,,10/25/2024
YMBT,OVAL,OVD004,DD,721954.61,5144510.72,1837.18,215,-62,0,94.5,94.5,7/15/2023,7/15/2023,Completed,XV-20519,,Batkhurel,,,10/25/2024
YMBT,OVAL,OVD005,DD,722019.75,5144331.43,1836.06,60,-60,0,101.5,101.5,7/15/2023,7/15/2023,Completed,XV-20520,,Batkhurel,,,10/25/2024
YMBT,OVAL,OVD006,DD,721978.08,5144520.35,1835.8,275,-60,0,56.5,56.5,7/15/2023,7/15/2023,Completed,XV-20521,,Batkhurel,,,10/25/2024
YMBT,OVAL,OVD007,DD,722016.71,5144416.86,1835.48,240,-60,0,100.7,100.7,7/15/2023,7/15/2023,Completed,XV-20522,,Batkhurel,,,10/25/2024
YMBT,OVAL,OVD008,DD,722102.84,5144249.78,1840.96,240,-70,0,110.5,110.5,7/15/2023,7/15/2023,Completed,XV-20523,,Batkhurel,,,10/25/2024
YMBT,OVAL,OVD009,DD,722162.29,5144172.01,1847.47,240,-78,0,240,240,7/15/2023,7/15/2023,Completed,XV-20524,,Batkhurel,,,10/25/2024
YMBT,OVAL,OVD010,DD,722252.68,5144221.89,1856.54,240,-65,0,349.8,349.8,7/7/2024,7/18/2024,Completed,XV-20515,,Otgonjargal,,,10/25/2024
YMBT,OVAL,OVD011,DD,722147.92,5144268.65,1843.87,235,-65,0,235.6,235.6,7/14/2024,7/21/2024,Completed,XV-20515,,Otgonjargal,,"Due to collapse hole was unable to drill further, hole was saved to drill in NQ",10/25/2024
YMBT,OVAL,OVD012,DD,722135.08,5144173.45,1845,174,-65,0,354.3,354.3,8/5/2024,8/14/2024,Completed,XV-20515,,Batkhurel,,,10/25/2024
YMBT,OVAL,OVD013,DD,722118.51,5144197.85,1843.33,240,-78,0,161.15,161.15,9/12/2024,9/15/2024,Completed,XV-20515,,Batkhurel,,,10/25/2024
YMBT,OVAL,OVD013A,DD,722146,5144215,1851,240,-70,0,5.9,5.9,8/5/2024,7/16/2024,Not accepted,XV-20515,,Batkhurel,,,10/25/2024
YMBT,OVAL,OVD014,DD,722110.92,5144300.85,1841.21,240,-60,0,149.5,149.5,7/21/2024,7/24/2024,Completed,XV-20515,,Otgonjargal,,,10/25/2024
YMBT,OVAL,OVD015,DD,722049,5144108,1843.01,63,-57,0,213.7,213.7,7/28/2024,8/4/2024,Completed,XV-20515,,Otgonjargal,,,10/25/2024
YMBT,North Oval,OVD016,DD,721756.22,5144649.84,1827.75,64,-57,0,80.5,80.5,7/23/2024,7/24/2024,Completed,XV-20515,,Otgonjargal,,,10/25/2024
YMBT,North Oval,OVD017,DD,721824.05,5144688.95,1822.68,244,-55,0,61.7,61.7,7/25/2024,7/27/2024,Completed,XV-20515,,Otgonjargal,,,10/25/2024
YMBT,North Oval,OVD018,DD,721812.77,5144734.86,1809.33,235,-55,0,59.2,59.2,7/27/2024,7/28/2024,Completed,XV-20515,,Otgonjargal,,,10/25/2024
YMBT,North Oval,OVD019,DD,721782.77,5144792.56,1810.58,225,-50,0,91.2,91.2,7/29/2024,7/31/2024,Completed,XV-20515,,Otgonjargal,,,10/25/2024
YMBT,OVAL,OVD020,DD,722120.03,5144151.61,1846.34,260,-78,0,179.5,179.5,8/4/2024,8/10/2024,Completed,XV-20515,,Batkhurel,,,10/25/2024
YMBT,OVAL,OVD021,DD,722024,5144354.55,1835.8,150,-60,0,184.5,184.5,9/12/2024,9/16/2024,Completed,XV-20515,,Batkhurel,,,10/25/2024
YMBT,OVAL,OVD022,DD,722013.72,5144369.6,1834.448,146.94,-60,0,164.4,164.4,11/5/2024,11/7/2024,Completed,XV-20515,,Otgonjargal,,,11/8/2024
YMBT,OVAL,OVD023,DD,722034,5144337.2,1836.77,150.6,-60,0,149.9,149.9,11/8/2024,11/10/2024,Completed,XV-20515,,Otgonjargal,,,10/25/2024
YMBT,OVAL,OVD024,DD,722016.8,5144260,1840.36,40,-65,0,170.4,170.4,11/11/2024,11/15/2024,Completed,XV-20515,,Otgonjargal,,,10/25/2024
YMBT,North Oval,OVD025,DD,721825.2,5144751,1811.82,234,-55,0,65.9,65.9,11/17/2024,11/17/2024,Completed,XV-20515,,Otgonjargal,,,10/25/2024
YMBT,OVAL,OVD026,DD,722058,5144351,1836.75,314.9,-50,0,125,125,11/18/2024,11/22/2024,Completed,XV-20515,,Otgonjargal,,,10/25/2024
YMBT,OVAL,OVD027,DD,722024,5144354.55,1835.8,140,-65,0,147.9,147.9,11/23/2024,11/27/2024,Completed,XV-20515,,Batkhurel,,,10/25/2024
YMBT,North Oval,OVD028,DD,721790.4,5144754,1808.95,205,-63,0,53.9,53.9,11/28/2024,11/29/2024,Completed,XV-20515,,Batkhurel,,,10/25/2024
YMBT,OVAL,OVD029,DD,722135.08,5144173.45,1845,130,-70,0,175.5,175.5,11/30/2024,12/3/2024,Completed,XV-20515,,Batkhurel,,,10/25/2024
YMBT,DISCOVERY,SC01,DD,722320,5144039,1837.88,220,-60,0,61.8,61.8,8/1/2024,8/3/2024,Completed,XV-20515,,Otgonjargal,,,10/25/2024
YMBT,SOUTH,SC02,DD,723380,5143063,1792,210,-60,0,22.5,22.5,8/15/2024,8/16/2024,Not accepted,XV-20515,,Batkhurel,,Drilling was closed and did not accepted due to a ore core recovery,10/25/2024
YMBT,DISCOVERY,SC03,DD,722394.14,5144052.36,1848.09,210,-60,0,116.5,116.5,8/19/2024,8/26/2024,Completed,XV-20515,,Batkhurel,,,10/25/2024
YMBT,OVAL,SC04,DD,722594.84,5143989.92,1823.13,210,-70,0,281.5,281.5,8/30/2024,9/11/2024,Completed,XV-20515,,Batkhurel,,,10/25/2024
YMBT,OVAL,OVD030,DD,722116.86,5144135,1848.82,350,-85,0,300.5,300.5,3/18/2025,3/24/2025,Completed,XV-20515,Ragnarok Investment LLC,Mendbileg,,,
YMBT,Central,SC05,DD,723005.3,5143614,1843.05,33,-70,0,402,402,3/25/2025,4/1/2025,Completed,XV-20515,Ragnarok Investment LLC,Bat-Erdene,,,
YMBT,OVAL,OVD031,DD,722000.55,5144356.94,1834.92,60,-70,0,128.2,128.2,4/2/2025,4/5/2025,Completed,XV-20515,Ragnarok Investment LLC,Bat-Erdene,,,
YMBT,OVAL,OVD032,DD,721901.96,5144109.38,1836.71,60,-55,0,401,401,4/5/2025,4/15/2025,Completed,XV-20515,Ragnarok Investment LLC,Batkhurel,,,
YMBT,OVAL,OVD035,DD,721919.78,5144628.07,1828.06,240,-75,0,108.7,108.7,4/16/2025,4/17/2025,Completed,XV-20515,Ragnarok Investment LLC,Mendbileg,,,
YMBT,OVAL,OVD033,DD,722082.3,5144355.73,1838.48,205,-65,0,351.5,351.5,4/18/2025,4/26/2025,Completed,XV-20515,Ragnarok Investment LLC,Bat-Erdene,,,
YMBT,MS2,SC06,DD,722452,5146266,1933,190,-70,0,61.9,61.9,4/27/2025,4/28/2025,Completed,XV-20515,Ragnarok Investment LLC,Batkhurel,,,
YMBT,OVAL,OVD034,DD,722017.51,5144416.49,1835.62,240,-78,0,97.7,97.7,4/29/2025,5/1/2025,Completed,XV-20515,Ragnarok Investment LLC,Batkhurel,,,
YMBT,MS1,SC07,DD,727640,5142100,1847.55,180,-70,0,254.2,254.2,5/1/2025,5/6/2025,Completed,XV-20515,Ragnarok Investment LLC,Mendbileg,,,
YMBT,Copper Ridge,CRS02,DD,725372,5150600.8,2007.14,180,-70,0,108.7,108.7,5/8/2025,5/10/2025,Completed,XV-20515,Ragnarok Investment LLC,Batkhurel,,,
YMBT,Copper Ridge,CRS03,DD,724869,5150551,1976,180,-60,0,111.5,111.5,5/11/2025,5/13/2025,Completed,XV-20515,Ragnarok Investment LLC,Batkhurel,,,
YMBT,OVAL,OVD036,DD,721908,5144592.54,1827.34,347,-60,0,141.5,141.5,5/16/2025,5/17/2025,Completed,XV-20515,Ragnarok Investment LLC,Batkhurel,,,
YMBT,OVAL,OVD037,DD,721917.41,5144527.41,1840.36,136,-57,0,62,62,5/19/2025,5/20/2025,Completed,XV-20515,Ragnarok Investment LLC,Batkhurel,,,
YMBT,NORTH OVAL,OVD038,DD,721908.04,5144592.08,1827.39,352,-85,0,150.5,150.5,5/21/2025,5/23/2025,Completed,XV-20515,Ragnarok Investment LLC,Bat-Erdene,,,
YMBT,NORTH OVAL,OVD039,DD,721921.16,5144599.56,1827.33,210,-65,0,129.5,129.5,5/24/2025,5/26/2025,Completed,XV-20515,Ragnarok Investment LLC,Bat-Erdene,,,
YMBT,OVAL,OVD040,DD,722059.4,5144304.44,1837.7,350,-75,0,129.5,129.5,5/26/2025,5/28/2025,Completed,XV-20515,Ragnarok Investment LLC,Bat-Erdene,,,
YMBT,NORTH OVAL,OVD041,DD,721884.66,5144593.98,1827.49,61,-67,0,138.5,138.5,8/1/2025,8/3/2025,Completed,XV-20515,Ragnarok Investment LLC,Batkhurel,,,
YMBT,OVAL,OVD042,DD,721959.05,5144403.9,1833.01,60,-63,0,99.5,99.5,8/4/2025,8/5/2025,Completed,XV-20515,Ragnarok Investment LLC,Batkhurel,,,
YMBT,OVAL,OVD030A,DD,722116.86,5144135,1848.82,350,-85,300.5,159,459.5,8/6/2025,8/11/2025,Completed,XV-20515,Ragnarok Investment LLC,Batkhurel,,,
YMBT,OVAL,OVD043,DD,721935.06,5144529.99,1838.17,5,-60,0,78.5,78.5,8/12/2025,8/12/2025,Completed,XV-20515,Ragnarok Investment LLC,Batkhurel,,,
YMBT,NORTH OVAL,OVD044,DD,721761.7,5144755,1809.46,70,-74,0,70,70,8/13/2025,8/13/2025,Completed,XV-20515,Ragnarok Investment LLC,Batkhurel,,,
YMBT,NORTH OVAL,OVD045,DD,721878.66,5144787.65,1815.31,235,-60,0,150.5,150.5,8/16/2025,8/18/2025,Completed,XV-20515,Ragnarok Investment LLC,Mendbileg,,,
YMBT,NORTH OVAL,SC08,DD,721622.66,5144625.2,1817.43,60,-62,0,111.5,111.5,8/16/2025,8/16/2025,Completed,XV-20515,Ragnarok Investment LLC,Bat-Erdene,,,
YMBT,OVAL,OVD046,DD,722174.84,5144115.4,1850.96,240,-85,0,210,210,8/18/2025,8/21/2025,Completed,XV-20515,Ragnarok Investment LLC,Mendbileg,,,
YMBT,OVAL,SC09,DD,723164,5143121,1835,80,-50,0,207.4,207.4,8/22/2025,8/25/2025,Completed,XV-20515,Ragnarok Investment LLC,Bat-Erdene,,,
YMBT,OVAL,OVD047,DD,722027.89,5144291.4,1837,60,-79,0,342.7,342.7,8/27/2025,9/2/2025,Completed,XV-20515,Ragnarok Investment LLC,Batkhurel,,,
YMBT,NORTH OVAL,OVD048,DD,721745.63,5144802.5,1808.28,210,-60,0,42.4,42.4,9/3/2025,9/4/2025,Completed,XV-20515,Ragnarok Investment LLC,Batkhurel,,,
YMBT,OVAL,OVD008a,DD,722102.84,5144249.78,1840.96,240,-70,110.5,52,162.5,9/4/2025,9/5/2025,Completed,XV-20515,Ragnarok Investment LLC,Batkhurel,,,
YMBT,MS1,SC10,DD,727786.84,5142030.24,1849.06,180,-75,0,237,237,9/6/2025,9/9/2025,Completed,XV-20515,Ragnarok Investment LLC,Mendbileg,,,
YMBT,MS1,SC11,DD,727640.19,5142146.6,1850.65,180,-70,0,443.7,443.7,9/10/2025,9/19/2025,Completed,XV-20515,Ragnarok Investment LLC,Mendbileg,,,
YMBT,OVAL,OVD011E,DD,722147.92,5144268.65,1843.87,235,-65,235.6,79.9,315.5,9/21/2025,9/23/2025,Completed,XV-20515,Ragnarok Investment LLC,Mendbileg,,,
YMBT,OVAL,OVD013E,DD,722146,5144215,1851,240,-77,160.9,107.1,268,9/25/2025,9/28/2025,Completed,XV-20515,Ragnarok Investment LLC,Jargal,,,
Maihan Ulaan,Maihan Ulaan,MU2501,DD,714615,5147887,1704.95,190,-45,0,258.5,258.5,9/30/2025,10/9/2025,Completed,MV-019681,Ragnarok Investment LLC,Mendbileg,,,
Maihan Ulaan,Maihan Ulaan,MU2502,DD,714682,5147866,1707,190,-59,0,270,270,10/10/2025,10/14/225,Completed,MV-019681,Ragnarok Investment LLC,Batkhurel,,,
YMBT,Copper Ridge,CRS04,DD,725891,5150808,2056.1,40,-70,0,171.5,171.5,10/17/2025,10/20/2025,Completed,XV-20515,Ragnarok Investment LLC,Bat-Erdene,,,
BS,Bayansair,BS001,DD,725900,5138590,1746,40,-77,0,525.7,525.7,10/23/2025,11/2/2025,Completed,XV-23028,Innova Mineral LLC,Jargal,,,
YMBT,OVAL,OVD049,DD,722128.17,5144058.73,1844.54,60,-70,0,216.2,216.2,11/5/2025,11/8/2025,Completed,XV-20515,Ragnarok Investment LLC,Bat-Erdene,,,
YMBT,OVAL,OVD050,DD,722420.86,5144096.3,1851.84,210,-60,0,195,195,11/8/2025,11/11/2025,Ongoing,XV-20515,Ragnarok Investment LLC,Mendbileg,,,
YMBT,OVAL,OVD051,DD,721906,5144595,1827.89,330,-61,0,134.8,134.8,11/13/2025,11/13/2025,Completed,XV-20515,Ragnarok Investment LLC,Batkhurel,,,
YMBT,OVAL,OVD052,DD,722165.61,5144109.4,1850.48,140,-63,0,193.7,193.7,11/17/2025,11/17/2025,Completed,XV-20515,Ragnarok Investment LLC,Bat-Erdene,,,
