Д/Д,Цооногийн дугаар,Интервал,Дээжийн дугаар,Минераграфи,SEM-EDX,ABM selected,Rock type,Петрографи,New Lithology by Petrographic,Alteration,HOLE_ID,SAMPLE_ID,Petrographic sample,DEPTH_FROM,DEPTH_TO,SAMPLE THICK,ROCK TYPE,SAMPLE_ID,Recvd Wt. kg,Au ppm,Pt ppm,Pd ppm,Cu ppm,Cu %,Ni ppm,Ni %,P ppm,Pb ppm,S %,Sb ppm,Sc ppm,Sr ppm,Th ppm,Ti %,Tl ppm,U ppm,V ppm,W ppm,Zn ppm,Ce ppm,Nb ppm,Rb ppm,Se ppm,Sn ppm,Ta ppm,Te ppm,Y ppm,Zr ppm,Hg ppm,Al2O3 %,BaO %,CaO %,Cr2O3 %,Fe2O3 %,K2O %,MgO %,MnO %,Na2O %,P2O5 %,SO3 %,SiO2 %,SrO %,TiO2 %,Total %,LOI 1000 %
Д/Д,Цооногийн дугаар,Интервал,Дээжийн дугаар,Минераграфи,SEM-EDX,ABM selected,Rock type,Петрографи,New Lithology by Petrographic,Alteration,HOLE_ID,SAMPLE_ID,Petrographic sample,DEPTH_FROM,DEPTH_TO,SAMPLE THICK,ROCK TYPE,SAMPLE_ID,WEI-21,PGM-ICP27,PGM-ICP27,PGM-ICP27,ME-ICP61,,ME-ICP61,Ni-OG62,ME-ICP61,ME-ICP61,ME-ICP61,ME-ICP61,ME-ICP61,ME-ICP61,ME-ICP61,ME-ICP61,ME-ICP61,ME-ICP61,ME-ICP61,ME-ICP61,ME-ICP61,ME-ICP61,ME-ICP61,ME-ICP61,ME-ICP61,ME-ICP61,ME-ICP61,ME-ICP61,ME-ICP61,ME-ICP61,,ME-XRF26,ME-XRF26,ME-XRF26,ME-XRF26,ME-XRF26,ME-XRF26,ME-XRF26,ME-XRF26,ME-XRF26,ME-XRF26,ME-XRF26,ME-XRF26,ME-XRF26,ME-XRF26,ME-XRF26,OA-GRA05x
,,,,,,,,,,,,,,,,,,,,,,,,,,,,,,,,,,,,,,,,,,,,,,,,,,,,,,,,,,,,,,,,,
1,OVD030,30.4,41504,,,,,Diorite,Gabbro,altered,OVD030,41504,ok,30.4,31.2,0.8,Diorite,41504,2.94,,,,19,,146,,1040,<2,<0.01,<5,21,314,<20,0.46,<10,<10,138,<10,71,60,<5,<20,<10,<10,<10,<10,10,65,<10,,,,,,,,,,,,,,,,
2,OVD030,69.9,41508,,,x,,Unmineralized Gabbro,Olivine gabbro,,OVD030,41508,ok,68,70,2,Unmineralized Gabbro,41508,7.68,,,,25,,180,,1110,<2,0.08,<5,26,625,<20,0.56,<10,<10,165,<10,79,60,<5,30,<10,<10,<10,<10,20,84,<10,,,,,,,,,,,,,,,,
3,OVD030,124.3,41524,+,,,,Weakly mineralized gabbro,Olivine gabbro,altered,OVD030,41524,ok,123,125,2,Weakly mineralized gabbro,41524,7.41,0.03,0.02,0.02,1985,,2020,,850,21,1.5,<5,15,396,<20,0.41,<10,<10,107,<10,88,50,<5,30,<10,<10,<10,<10,10,71,<10,9.76,<0.01,5.95,0.15,13.93,0.17,17.35,0.15,1.78,0.2,4.18,41.28,0.05,0.73,103.7,7.4
4,OVD030,161.7,41546,+,,x,,Poorly mineralized gabbro,Olivine gabbro,,OVD030,41546,ok,161,163,2,Poorly mineralized gabbro,41546,8.14,0.01,0.01,0.01,591,,1100,,1050,<2,0.57,<5,18,541,<20,0.57,<10,<10,125,<10,82,60,<5,<20,<10,<10,<10,<10,20,101,<10,11.41,0.01,5.35,0.13,12.3,0.47,17.75,0.16,1.86,0.23,1.5,44.78,0.06,0.93,101.95,4.75
5,OVD030,NO INTERVAL,41565,,,,,Poorly mineralized gabbro,Карбонат агуулсан роговик ,,OVD030,41565,ok,194,196,2,Poorly mineralized gabbro,41565,7.23,0.02,0.01,0.02,920,,1155,,1240,<2,0.71,<5,18,611,<20,0.58,<10,<10,133,<10,76,60,<5,20,<10,<10,<10,10,20,105,<10,11.67,0.02,6.53,0.12,12.6,0.4,16.05,0.19,2.19,0.28,1.89,45.32,0.07,0.98,103.7,5.01
6,OVD030,268.8,41582,,,,,Diorite,Diorite,Altered,OVD030,41582,ok,268.5,269.6,1.1,Diorite,41582,5.64,<0.01,<0.01,<0.01,101,,368,,1080,<2,0.34,<5,26,620,<20,0.32,<10,10,184,<10,64,60,<5,50,<10,<10,<10,<10,10,52,<10,9.62,<0.01,13.7,0.14,8.85,0.01,10.95,0.14,0.05,0.23,0.82,38.96,0.06,0.53,99.46,15.29
7,OVD032,336.9,41799,+,,x,,Gabbrodiorite,Кварц-карбонатын метасоматит ,,OVD032,41799,ok,336.85,338.1,1.25,Gabbrodiorite,41799,4.62,<0.01,<0.01,<0.01,108,,96,,1020,5,0.29,<5,36,320,<20,0.68,<10,<10,298,<10,103,70,<5,<20,10,<10,<10,10,20,107,,16.74,<0.01,7.36,0.05,12.61,0.36,8.85,0.19,0.55,0.22,0.73,43.54,0.04,1.12,100.3,7.86
8,OVD033,312.8,43307,+,,,,Gabbrodiorite,Диабаз ,,OVD033,43307,ok,311,313,2,Siltstone,43307,9.67,<0.01,<0.01,<0.01,86,,68,,770,8,1.04,<5,24,337,<20,0.58,<10,<10,173,<10,88,60,<5,<20,<10,<10,10,10,20,111,,,,,,,,,,,,,,,,,
9,OVD033,331.8,43311,,,,,Gabbrodiorite,Толболог роговик ,,OVD033,43311,ok,330.1,332,1.9,Gabbrdiorite ,43311,7.33,<0.01,0.01,0.01,40,,100,,780,4,0.51,<5,33,378,<20,0.55,<10,10,256,<10,85,70,<5,<20,<10,<10,10,<10,20,72,,13.54,<0.01,13.65,0.06,10.24,0.01,9.44,0.17,0.07,0.18,1.25,43.2,0.04,0.92,100.55,7.68
10,SC06,16.7,43333,,,x,,Gabbro , Пироксенит ,,SC06,43333,ok,16,18,2,Gabbro,43333,7.88,<0.01,<0.01,<0.01,96,,105,,2060,6,<0.01,<5,27,499,<20,1.26,<10,<10,232,<10,122,90,7,20,<10,10,10,<10,40,213,,,,,,,,,,,,,,,,,
11,SC06,39.3,43353,+,,,,Pyroxenite?-Poorly mineralized, Перидотит ,,SC06,43353,ok,38.6,39.5,0.9,Sandstone,43353,3.79,<0.01,<0.01,<0.01,104,,95,,530,6,0.76,<5,31,269,<20,0.54,<10,<10,185,<10,112,<50,6,<20,<10,<10,<10,10,20,86,,,,,,,,,,,,,,,,,
12,SC07,154.3,43460,+,,,,Dunite,Лерцоли,,SC07,43460,ok,154,156,2,Gabbro ,43460,,0.01,0.01,0.01,343,,350,0.035,130,3,0.97,<5,55,112,<20,0.2,<10,<10,172,<10,45,50,<5,<20,<10,<10,<10,<10,10,11,,4.37,0.01,13.6,0.21,10.42,0.09,18.45,0.15,0.35,0.03,2.3,45.52,0.01,0.33,100.8,4.79
13,SC07,172.5,43471,+,,,,Peridotite,Хувирсан риолит-порфир ,,SC07,43471,ok,172,174,2,Pyroxenite?-Poorly mineralized,43471,,0.06,0.17,0.21,1340,,899,0.0899,110,<2,0.25,<5,34,113,<20,0.09,<10,<10,87,<10,54,50,<5,<20,<10,<10,10,10,<10,6,,2.21,<0.01,9.98,0.38,10.52,0.03,26.6,0.17,0.18,0.02,0.65,41.34,0.01,0.15,101.3,8.75
14,SC07,180,43477,+,,,,Peridotite,Риолит-порфир ,,SC07,43477,ok,179.4,180.4,1,Dunite,43477,,0.01,0.01,0.01,157,,470,0.047,1200,2,0.03,<5,34,75,<20,0.41,<10,<10,242,<10,86,70,<5,<20,<10,<10,<10,<10,10,51,,8.57,<0.01,7.77,0.28,12.33,0.01,23.3,0.24,0.19,0.26,0.05,39.42,0.01,0.67,100.6,7.33
15,SC07,211.6,43494,+,,,,Rhyolite,Кварц-карбонатын метасоматит ,,SC07,43494,ok,210,212,2,Peridotite,43494,,0.11,0.09,0.09,450,,803,0.0803,240,2,0.16,<5,16,120,<20,0.11,<10,<10,72,<10,72,<50,<5,<20,<10,<10,<10,<10,<10,15,,3.65,0.01,4.3,0.42,12.44,0.18,30.6,0.19,0.51,0.05,0.39,40.82,0.01,0.19,100.9,6.92
16,SC07,246.4,43515,+,,,,Metasediment,Плагиоклаз-кварц- кальцитын метасоматит ,,SC07,43515,ok,248,250,2,Peridotite,43515,,0.02,0.04,0.04,122,,811,0.0811,290,2,0.08,<5,17,137,<20,0.11,<10,<10,74,<10,74,<50,<5,<20,<10,<10,10,<10,<10,14,,3.65,<0.01,4.52,0.42,12.12,0.2,30.9,0.18,0.51,0.06,0.16,41.09,0.01,0.19,100.05,5.89
17,CRS02,11.4,43523,,,,,Rhyolite,Плагиоклаз-кварц- кальцитын метасоматит,,CRS02,43523,ok,11,12,1,Rhyolite,43523,,<0.01,<0.01,<0.01,3,,4,,290,54,0.02,<5,3,263,<20,0.11,<10,<10,12,<10,26,<50,<5,40,<10,<10,<10,<10,10,80,,,,,,,,,,,,,,,,,
18,CRS02,28,43542,+,,x,,Listvenite,Амфиболит,,CRS02,43542,ok,28,29,1,Rhyolite,43542,,<0.01,<0.01,<0.01,2,,9,,320,51,0.02,<5,4,231,<20,0.13,<10,<10,18,<10,40,<50,<5,50,<10,<10,<10,<10,10,78,,,,,,,,,,,,,,,,,
19,CRS02,38.2,43554,,,,,Breccia ,Амфиболит,,CRS02,43554,ok,38,39,1,Listvenite,43554,,<0.01,<0.01,<0.01,27,,929,,150,4,0.07,<5,13,108,<20,0.09,<10,<10,77,<10,47,<50,6,<20,<10,<10,<10,10,<10,12,,,,,,,,,,,,,,,,,
20,CRS02,54.7,43569,,,,,Metasediment,Пироксент роговик ,,CRS02,43569,ok,53,55,2,Metasediment,43569,,<0.01,<0.01,<0.01,46,,32,,260,2,0.31,<5,13,62,<20,0.2,<10,<10,19,<10,64,<50,<5,20,<10,<10,<10,<10,10,20,,,,,,,,,,,,,,,,,
21,CRS02,55,43570,,,x,,Breccia ,Метасоматоз хувиралд хүчтэй орсон андезидацит   ,,CRS02,43570,ok,55,56.75,1.75,Metasediment,43570,,<0.01,<0.01,<0.01,58,,37,,1380,5,0.57,<5,13,59,<20,0.17,<10,<10,58,<10,53,<50,<5,<20,<10,<10,<10,<10,20,18,,,,,,,,,,,,,,,,,
22,CRS02,89.9,43598,,,,,Metasediment  - Gabbrodiorite,эпидот-хлоритын метасоматит - diorite,,CRS02,43598,ok,89,90,1,Breccia ,43598,,<0.01,<0.01,0.01,56,,200,,520,10,0.06,<5,35,218,<20,0.24,<10,<10,199,<10,60,60,<5,30,<10,<10,<10,<10,10,28,,,,,,,,,,,,,,,,,
23,CRS03,17.7,43632,+,,x,,Gabbrodiorite,Gabbrodiorite,,CRS03,43632,ok,17,18,1,Metasediment ,43632,,<0.01,0.01,0.02,290,,76,,140,2,0.78,<5,34,92,<20,0.17,<10,<10,219,<10,108,<50,<5,<20,10,<10,<10,<10,10,19,,,,,,,,,,,,,,,,,
24,CRS03,51.8,43664,,,x,,Gabbrodiorite,Gabbrodiorite,,CRS03,43664,ok,51.86,52.5,0.64,Epidote vein,43664,,<0.01,<0.01,0.01,8,,38,,70,3,0.01,<5,27,178,<20,0.09,<10,<10,175,<10,15,50,<5,<20,<10,<10,<10,<10,<10,9,,,,,,,,,,,,,,,,,
25,CRS03,89.4,43689,,,,,Gabbrodiorite,Андезитын туф ,,CRS03,43689,ok,88,90,2,Metasediment,43689,,<0.01,<0.01,0.01,7,,41,,150,<2,<0.01,<5,39,147,<20,0.18,<10,10,245,<10,43,50,<5,<20,<10,<10,<10,10,10,16,,,,,,,,,,,,,,,,,
26,OVD035,47.4,46336,+,,x,,Hb Peridotite, Пикрит ,,OVD035,46336,ok,46.15,48,1.85,Gabbrodiorite,46336,8.05,<0.01,<0.01,<0.01,68,,235,,770,5,0.23,<5,21,722,<20,0.42,<10,<10,168,<10,57,70,<5,30,<10,<10,<10,<10,20,64,,14.26,0.02,8.84,0.05,7.83,1.1,8.34,0.13,2.05,0.15,0.53,46.14,0.07,0.69,97.37,7.08
27,OVD035,58.5,46342,+,,x,,Olivine Gabbro,Olivine Gabbro,altered,OVD035,46342,ok,56.8,58.8,2,Gabbrodiorite,46342,8.01,<0.01,<0.01,<0.01,65,,307,,620,2,0.43,<5,24,552,<20,0.41,<10,<10,174,<10,58,60,<5,20,<10,<10,<10,<10,10,55,,14.16,0.02,8.49,0.06,8.33,1.23,9.92,0.13,1.84,0.13,0.98,45.53,0.06,0.66,98.71,7.06
28,OVD036,29.4,46363,,,x,,Altereted Gabbrodiorite,Карбонатын метасоматит ,,OVD036,46363,ok,27.7,29.7,2,Gabbrodiorite,46363,,<0.01,<0.01,<0.01,82,,195,,840,3,0.01,5,19,540,<20,0.42,<10,<10,153,<10,44,70,<5,40,<10,,<10,<10,10,63,,14.3,0.01,8.3,0.04,7.76,1.1,6.43,0.12,1.4,0.18,<0.01,45.11,0.06,0.69,98.44,12.85
29,OVD036,89.2,46369,+,,x,,Px Hb Gabbro,,,OVD036,46369,ok,88,90,2,Gabbrodiorite,46369,,<0.01,<0.01,<0.01,60,,75,,720,3,0.15,<5,23,246,<20,0.36,<10,<10,193,<10,67,50,<5,30,<10,,<10,<10,10,41,,15.56,0.01,5.84,0.06,9.96,0.27,6.87,0.19,5.19,0.21,0.44,51.18,0.04,0.75,100.7,4.05
30,OVD036,108.8,46381,+,,x,,Olivine Gabbro,Olivine Gabbro,,OVD036,46381,ok,108.5,109.96,1.46,Hb Peridotite,46381,,0.05,0.04,0.06,2550,,2910,,770,8,2.43,<5,15,283,<20,0.39,<10,<10,103,<10,93,50,<5,40,10,,10,<10,10,64,,8.16,<0.01,4.98,0.14,15.27,0.29,20.9,0.16,0.59,0.17,5.81,39.58,0.03,0.64,105.5,7.97
31,OVD036,121.5,46393,+,,,,Altereted Gabbrodiorite,Альбит-биотитын роговик ,,OVD036,46393,ok,121.5,123,1.5,Olivine Gabbro,46393,,0.15,0.07,0.08,3190,,1065,,1050,31,0.84,<5,18,449,<20,0.54,<10,10,140,<10,82,60,<5,<20,<10,,10,<10,20,92,,11.95,0.02,5.86,0.12,11.94,0.82,15.1,0.15,1.85,0.24,2.1,44.56,0.05,0.9,101.85,5.53
32,OVD038,22.5,46440,,,,,Diorite,Хувирсан андезит ,,OVD038,46440,,22,24,2,Altereted Gabbrodiorite,46440,,<0.01,<0.01,<0.01,58,,246,,930,<2,0.01,<5,20,412,<20,0.38,<10,<10,160,<10,56,80,<5,40,<10,,<10,<10,20,57,,14.05,0.01,8.2,0.05,7.96,0.84,7.37,0.12,2.19,0.2,<0.01,44.36,0.04,0.72,97.21,11
33,OVD038,40.3,46451,+,,x,,Poorly mineralised gabbro,Верлит,,OVD038,46451,ok,41,43,2,Px Hb Gabbro,46451,,<0.01,<0.01,<0.01,232,,397,,1070,5,1.2,6,24,961,<20,0.59,<10,<10,209,<10,84,80,<5,<20,<10,,10,<10,20,88,,12.7,0.05,8.24,0.06,11.2,0.92,10.4,0.18,1.84,0.24,2.93,42.83,0.1,0.98,99.99,7.18
34,OVD038,53.4,46459,+,,x,,Poorly mineralised gabbro,Карбонатын метасоматит ,,OVD038,46459,ok,53,55,2,Olivine Gabbro,46459,,0.01,0.01,0.01,581,,716,,1070,7,0.97,<5,20,1375,<20,0.58,<10,<10,146,<10,81,70,<5,20,<10,,10,<10,20,103,,13.13,0.09,7.84,0.09,10.86,0.81,12,0.16,2.1,0.24,2.39,44.62,0.15,0.96,101.05,5.38
35,OVD038,58.9,46462,+,,,,Dolerite?,,,OVD038,46462,ok,58.8,60,1.2,Altereted Gabbrodiorite,46462,,0.01,0.01,0.01,543,,245,,850,7,0.25,<5,29,428,<20,0.5,<10,<10,176,<10,98,50,<5,20,<10,,<10,<10,20,52,,16.88,0.04,2.7,0.03,11.73,1.61,6.76,0.21,2.69,0.2,0.59,50.4,0.05,0.94,100.45,5.45
36,OVD038,137.57,46470,+,,x,,Weak mineralized Hornblende Peridotite ,Верлит,,OVD038,46470,ok,137.4,138.3,0.9,Diorite,46470,,<0.01,<0.01,<0.01,61,,88,,440,5,0.4,<5,23,1705,<20,0.38,<10,10,209,<10,65,70,<5,<20,<10,,<10,<10,10,38,,11.06,0.01,11.4,0.04,7.85,0.32,5.77,0.16,1.5,0.1,0.96,50.61,0.18,0.61,99.42,8.76
37,OVD039,35,46489,+,,x,,Weak mineralized Hornblende Peridotite ,Peridotite,,OVD039,46489,ok,34,36,2,Poorly mineralised gabbro,46489,,0.01,0.01,0.01,449,,1005,,770,6,0.56,<5,14,341,<20,0.41,<10,<10,99,<10,90,50,<5,<20,<10,,10,<10,10,74,,9.44,0.02,4.87,0.14,12.2,0.47,20,0.15,1.01,0.17,1.38,41.88,0.04,0.68,100.05,7.34
38,OVD039,46.1,46496,,,x,,Poorly mineralized Olivine Gabbro ,Оливинтой вебстерит,,OVD039,46496,ok,44.5,46.3,1.8,Poorly mineralised gabbro,46496,,0.01,0.01,0.01,495,,743,,770,4,1,<5,16,392,<20,0.38,<10,<10,102,<10,75,70,<5,<20,<10,,<10,10,10,53,,10.36,0.01,12.3,0.09,10,0.32,11.1,0.15,1.02,0.17,2.42,37.3,0.04,0.64,99.85,13.75
39,OVD039,106.8,46511,,,x,,Siltstone,Плагиоклаз-кварц- кальцитын метасоматит ,,OVD039,46511,ok,105.9,107,1.1,Dolerite?,46511,,<0.01,<0.01,<0.01,6,,<1,,1620,17,0.18,<5,5,997,<20,0.35,<10,<10,37,<10,85,110,<5,20,<10,,<10,<10,20,220,,16.72,0.1,3.29,<0.01,4.42,1.75,1.26,0.11,5.24,0.37,0.42,62.5,0.11,0.56,99.27,2.36
40,OVD040,44.4,46545,+,,x,,Gabbrdiorite ,Эпидотот амфиболит,,OVD040,46545,ok,43,45,2,Weak mineralized Hornblende Peridotite ,46545,,0.04,0.02,0.03,1880,,2350,,780,20,1.62,<5,14,235,<20,0.41,<10,10,100,<10,101,50,<5,<20,<10,,<10,<10,10,59,,8.47,0.02,4.03,0.17,15.35,0.43,22.1,0.17,1.04,0.17,4.09,41.52,0.03,0.67,105.55,6.65
41,OVD040,77.5,46564,+,,x,,43,,,OVD040,46564,ok,77,79,2,Weak mineralized Hornblende Peridotite ,46564,,0.02,0.02,0.02,1280,,1840,,710,12,1.27,<5,13,288,<20,0.38,<10,<10,90,<10,99,50,<5,<20,<10,,10,<10,10,63,,8.11,0.01,4.07,0.19,15.2,0.39,23,0.18,1.38,0.16,3.21,41.66,0.03,0.62,105.35,6.67
42,OVD040,116.4,46592,+,,x,,,,,OVD040,46592,ok,117,118,1,Poorly mineralized Olivine Gabbro ,46592,,0.07,0.04,0.06,2150,,1765,,1000,8,1.39,<5,16,351,<20,0.48,<10,<10,125,<10,86,60,<5,<20,<10,,10,<10,10,92,,10.89,<0.01,5.49,0.12,13.06,0.25,16.85,0.15,1.72,0.23,3.48,42.89,0.04,0.81,102.75,6.14
