No,Hole ID,Depth,Dip,Azimuth
2,OVD001,0,-60,260
3,OVD001,9,-60,260.7
4,OVD001,15,-60,263.3
5,OVD001,21,-60,263.8
6,OVD001,27,-60,264
7,OVD001,33,-60,264.6
8,OVD001,39,-60,264.3
9,OVD001,45,-60,264.4
10,OVD001,51,-60,264
11,OVD001,57,-60,263.5
12,OVD001,63,-60,262.4
13,OVD001,69,-60,263.6
14,OVD001,75,-60,264.3
15,OVD001,81,-60,263.9
16,OVD002,0,-90,0
17,OVD003,0,-61.76,61
18,OVD003,29,-61.52,61.6
19,OVD003,59,-61.28,61.1
20,OVD003,89,-60.66,61.5
21,OVD003,119,-60.28,62
22,OVD003,149,-60.36,65.2
23,OVD003,179,-60.42,67.9
24,OVD003,209.5,-60.4,67.9
25,OVD004,0,-60,212.9
26,OVD004,13,-60,213.5
27,OVD004,19,-60,213
28,OVD004,25,-60,214.5
29,OVD004,31,-60,214.5
30,OVD004,37,-60,214.6
31,OVD004,43,-60,214.4
32,OVD004,49,-60,214.3
33,OVD004,55,-60,214.5
34,OVD004,61,-60,214.4
35,OVD004,67,-60,214.4
36,OVD004,73,-60,214.5
37,OVD004,79,-60,213.8
38,OVD004,85,-60,213.9
39,OVD004,91,-60,213.9
40,OVD005,0,-60,58.4
41,OVD005,11,-60,63
42,OVD005,17,-60,61.8
43,OVD005,23,-60,61.4
44,OVD005,29,-60,66.5
45,OVD005,35,-60,63.1
46,OVD005,41,-60,65.4
47,OVD005,47,-60,63.4
48,OVD005,53,-60,62.7
49,OVD005,59,-60,66.9
50,OVD005,65,-60,62
51,OVD005,71,-60,61.5
52,OVD005,77,-60,59.2
53,OVD005,83,-60,61
54,OVD005,89,-60,61.5
55,OVD005,95,-60,61.5
56,OVD005,101.5,-60,61.5
57,OVD006,0,-60,275
58,OVD007,0,-59.3,236.8
59,OVD007,30,-59.3,237.8
60,OVD007,60,-59.3,234.5
61,OVD007,93,-59.3,234.5
62,OVD007,100.7,-59.3,234.5
63,OVD008,0,-69.7,236.1
64,OVD008,5,-69.7,236.4
65,OVD008,10,-69.5,236.3
66,OVD008,15,-69.5,236.5
67,OVD008,20,-69.5,236.7
68,OVD008,25,-69.5,236.9
69,OVD008,30,-69.5,237.1
70,OVD008,35,-69.5,237.4
71,OVD008,40,-69.5,237.8
72,OVD008,45,-69.5,237.7
73,OVD008,50,-69.5,237.7
74,OVD008,55,-69.5,237.7
75,OVD008,60,-69.5,237.7
76,OVD008,65,-69.6,237.6
77,OVD008,70,-69.6,237.5
78,OVD008,75,-69.5,237.8
79,OVD008,80,-69.8,237.5
80,OVD008,85,-69.8,237.7
81,OVD008,90,-69.9,237.8
82,OVD008,95,-69.9,238.1
83,OVD008,100,-69.7,238.1
84,OVD008,105,-69.7,238.1
85,OVD008,110,-69.7,237.8
86,OVD008,115,-69.7,237.9
87,OVD008,120,-69.7,238.5
88,OVD008,125,-69.6,238.1
89,OVD008,130,-69.6,238.3
90,OVD008,135,-69.6,238.6
91,OVD008,140,-69.6,238.7
92,OVD008,145,-69.7,238.8
93,OVD008,150,-69.8,238.9
94,OVD008,155,-69.7,238.7
95,OVD008,158,-69.7,238.4
96,OVD009,0,-77.72,242.19
97,OVD009,56,-77.72,242.19
98,OVD009,104,-77.87,242.63
99,OVD009,144,-78.15,243.14
100,OVD009,198,-78.91,244.64
101,OVD009,200.5,-78.91,244.64
102,OVD010,0,-65.7,241.8
103,OVD010,20,-65.7,241.8
104,OVD010,24,-65.7,241.3
105,OVD010,40,-65.9,242
106,OVD010,60,-65.8,241.46
107,OVD010,68.8,-65.8,241.7
108,OVD010,72,-65.5,242.2
109,OVD010,140,-65.2,242.44
110,OVD010,168,-65.13,243.54
111,OVD010,216,-65.37,244.31
112,OVD010,264,-65.58,244.81
113,OVD010,312,-64.95,246.88
114,OVD010,349.8,-64.95,246.88
115,OVD012,0,-66.12,172.76
116,OVD012,50,-66.12,172.76
117,OVD012,100,-66.33,173.05
118,OVD012,150,-66.18,173.74
119,OVD012,200,-66.12,174.63
120,OVD012,230,-66.38,173.47
121,OVD012,260,-66.18,172.65
122,OVD012,320,-66.41,173.15
123,OVD012,347.5,-66.47,173.32
124,OVD012,354.3,-66.47,173.32
125,OVD013,0,-76.98,239.85
126,OVD013,32.9,-76.98,239.85
127,OVD013,53.9,-77.43,241.58
128,OVD013,92.9,-77.42,241.15
129,OVD013,122.9,-77.65,239.65
130,OVD013,155.9,-77.31,245.12
131,OVD013,161.15,-77.31,245.12
132,OVD014,0,-59.11,235.57
133,OVD014,50.5,-59.11,235.57
134,OVD014,101,-59.28,236.88
135,OVD014,143.5,-59.69,237.57
136,OVD014,149.5,-59.69,237.57
137,OVD015,0,-56.17,62.53
138,OVD015,51,-56.17,62.53
139,OVD015,101,-55.88,64.53
140,OVD015,150,-55.91,66.62
141,OVD015,200,-56.08,64.52
142,OVD015,213.7,-56.08,64.52
143,OVD016,0,-56.79,59.48
144,OVD016,50.5,-56.79,59.48
145,OVD016,80.5,-56.79,59.48
146,OVD017,0,-53.75,247.42
147,OVD017,13.7,-53.75,247.42
148,OVD017,61.7,-54.51,246.59
149,OVD018,0,-53.86,238.27
150,OVD018,50,-53.86,238.27
151,OVD018,59.2,-53.86,238.27
152,OVD019,0,-47.93,222.56
153,OVD019,5,-47.82,222.48
154,OVD019,10,-48.67,222.31
155,OVD019,15,-48.81,222.39
156,OVD019,20,-48.63,222.44
157,OVD019,25,-48.57,222.61
158,OVD019,30,-48.55,222.72
159,OVD019,35,-48.38,222.5
160,OVD019,40,-48.55,222.44
161,OVD019,45,-48.41,222.36
162,OVD019,50,-48.32,222.36
163,OVD019,55,-48.3,222.3
164,OVD019,60,-48.26,222.45
165,OVD019,65,-48.09,222.33
166,OVD019,70,-48.12,222.26
167,OVD019,75,-47.87,222.14
168,OVD019,80,-47.55,221.9
169,OVD019,80.54,-47.55,221.92
170,OVD019,91.2,-47.55,221.92
171,OVD020,0,-78.18,253.49
172,OVD020,50,-78.18,253.49
173,OVD020,101.5,-78.58,255.7
174,OVD020,130.5,-78.89,253.32
175,OVD020,160,-79.21,254.44
176,OVD020,179.5,-79.21,254.44
177,OVD021,0,-61.15,150.28
178,OVD021,29.5,-61.15,150.28
179,OVD021,59.5,-61.33,147.25
180,OVD021,89.5,-61.77,148.23
181,OVD021,119.5,-61.79,148.65
182,OVD021,149.5,-61.76,148.87
183,OVD021,184.5,-61.65,149.29
184,OVD022,0,-62.25,146.94
185,OVD022,5,-61.78,146.28
186,OVD022,10,-61.85,146.09
187,OVD022,15,-62,146.42
188,OVD022,20,-62.29,146.81
189,OVD022,25,-62.3,147.4
190,OVD022,30,-62.4,147.8
191,OVD022,35,-62.3,147.9
192,OVD022,40,-62.2,147.7
193,OVD022,45,-62.1,148
194,OVD022,50,-62.1,148.2
195,OVD022,55,-62.1,148.2
196,OVD022,60,-62.1,148.2
197,OVD022,65,-62.2,148.4
198,OVD022,70,-62,148.4
199,OVD022,75,-62.1,148.5
200,OVD022,80,-62.2,148.6
201,OVD022,85,-62.2,148.6
202,OVD022,90,-62.4,148.6
203,OVD022,95,-62.1,148.6
204,OVD022,100,-61.9,148.6
205,OVD022,105,-61.8,148.7
206,OVD022,110,-61.7,148.7
207,OVD022,115,-61.8,148.8
208,OVD022,120,-61.9,148.7
209,OVD022,125,-62,149
210,OVD022,130,-62,149.1
211,OVD022,135,-62,149.3
212,OVD022,140,-61.9,149.4
213,OVD022,145,-61.7,149.5
214,OVD022,150,-61.8,149.4
215,OVD022,155,-61.7,149.4
216,OVD022,160,-61.7,149.3
217,OVD022,162.1,-61.7,149.3
218,OVD023,0,-59.6,145.2
219,OVD023,5,-59.5,144.9
220,OVD023,10,-59.4,144.9
221,OVD023,15,-59.1,145
222,OVD023,20,-59.3,145
223,OVD023,25,-59.4,145.1
224,OVD023,30,-59.4,145.3
225,OVD023,35,-59,145.4
226,OVD023,40,-58.9,145.6
227,OVD023,45,-59,145.7
228,OVD023,50,-58.7,145.7
229,OVD023,55,-58.5,145.5
230,OVD023,60,-58.7,145.5
231,OVD023,65,-58.4,145.6
232,OVD023,70,-58.4,145.6
233,OVD023,75,-58.5,145.5
234,OVD023,80,-58.3,145.5
235,OVD023,85,-58.5,145.5
236,OVD023,90,-58.6,145.6
237,OVD023,95,-58.6,145.7
238,OVD023,100,-58.4,145.8
239,OVD023,105,-58.4,146
240,OVD023,110,-58.2,146.2
241,OVD023,115,-58,146.2
242,OVD023,120,-58.2,146.3
243,OVD023,125,-57.9,146.3
244,OVD023,130,-57.9,146.4
245,OVD023,135,-58,146.3
246,OVD023,140,-58,146.3
247,OVD023,145,-58.1,146.4
248,OVD023,147.9,-58.1,146.4
249,OVD024,0,-64.9,43.7
250,OVD024,5,-64.8,43.5
251,OVD024,10,-64.9,43.4
252,OVD024,15,-64.6,43.3
253,OVD024,20,-64.4,43.3
254,OVD024,25,-64.2,43.4
255,OVD024,30,-64.3,43.4
256,OVD024,35,-64.3,43.7
257,OVD024,40,-64.1,43.7
258,OVD024,45,-64,43.9
259,OVD024,50,-63.8,44.1
260,OVD024,55,-63.7,44.4
261,OVD024,60,-63.7,44.6
262,OVD024,65,-63.6,44.4
263,OVD024,70,-63.7,44.5
264,OVD024,75,-63.4,44.3
265,OVD024,80,-63.4,44.3
266,OVD024,85,-63.2,44.1
267,OVD024,90,-63.1,44.1
268,OVD024,95,-63.3,43.9
269,OVD024,100,-63.3,44
270,OVD024,105,-63.4,44
271,OVD024,110,-63.5,44.2
272,OVD024,115,-63.3,44.2
273,OVD024,120,-63.2,44.1
274,OVD024,125,-63.2,44.2
275,OVD024,130,-63.1,44.1
276,OVD024,135,-63,44.1
277,OVD024,140,-63.1,44.1
278,OVD024,145,-63.1,44.1
279,OVD024,150,-63.1,44
280,OVD024,155,-63.2,44
281,OVD024,160,-63.3,43.8
282,OVD024,165,-63.2,43.8
283,OVD024,168.1,-63.4,43.9
284,OVD025,0,-54.5,232.2
285,OVD025,5,-54.3,231.7
286,OVD025,10,-54.4,231.8
287,OVD025,15,-54.4,231.7
288,OVD025,20,-54.4,231.7
289,OVD025,25,-54.4,231.5
290,OVD025,30,-54.2,231.5
291,OVD025,35,-54,231.5
292,OVD025,40,-54,231.6
293,OVD025,45,-54,231.8
294,OVD025,50,-54,232
295,OVD025,55,-53.9,232.1
296,OVD025,60,-53.7,231.9
297,OVD025,62.4,-53.7,232
298,OVD026,0,-50.5,314.1
299,OVD026,5,-50.1,313.9
300,OVD026,10,-50.3,313.6
301,OVD026,15,-50.6,313.8
302,OVD026,20,-50.6,313.7
303,OVD026,25,-50.5,313.9
304,OVD026,30,-50.3,313.9
305,OVD026,35,-50.3,313.9
306,OVD026,40,-50.4,313.9
307,OVD026,45,-50.3,314
308,OVD026,50,-50.5,313.9
309,OVD026,55,-50.6,313.8
310,OVD026,60,-50.7,313.7
311,OVD026,65,-50.9,313.5
312,OVD026,70,-50.8,313.5
313,OVD026,75,-50.9,313.4
314,OVD026,80,-50.8,313.5
315,OVD026,85,-50.9,313.5
316,OVD026,90,-51.1,313.5
317,OVD026,95,-51.1,313.3
318,OVD026,100,-51.2,313.2
319,OVD026,105,-51.3,313
320,OVD026,110,-51.6,313
321,OVD026,115,-51.5,313
322,OVD026,120,-51.7,313
323,OVD026,121.1,-51.7,313.1
324,OVD027,0,-65,137.2
325,OVD027,5,-65,137.1
326,OVD027,10,-65.1,137.7
327,OVD027,15,-65.1,137.6
328,OVD027,20,-65,138.2
329,OVD027,25,-65.1,138.2
330,OVD027,30,-65.2,138.5
331,OVD027,35,-65.1,138.9
332,OVD027,40,-65.2,139
333,OVD027,45,-65.3,139.1
334,OVD027,50,-65.4,139.2
335,OVD027,55,-65.7,139.5
336,OVD027,60,-65.5,139.5
337,OVD027,65,-65.5,139.7
338,OVD027,70,-65.4,139.9
339,OVD027,75,-65.3,140
340,OVD027,80,-65.4,140.2
341,OVD027,85,-65.2,140.2
342,OVD027,90,-65.3,140.5
343,OVD027,95,-65.6,140.4
344,OVD027,100,-65.6,140.6
345,OVD027,105,-65.7,140.7
346,OVD027,110,-65.8,140.6
347,OVD027,115,-65.8,140.6
348,OVD027,120,-65.8,140.7
349,OVD027,125,-65.7,140.8
350,OVD027,130,-65.7,140.9
351,OVD027,135,-65.5,141.1
352,OVD027,140,-65.5,141.2
353,OVD027,144.9,-65.7,141.5
354,OVD028,0,-62.53,204.32
355,OVD028,5,-62.41,204.36
356,OVD028,10,-62.24,204.42
357,OVD028,15,-62.58,204.55
358,OVD028,20,-62.66,204.72
359,OVD028,25,-62.59,204.77
360,OVD028,30,-62.63,204.74
361,OVD028,35,-62.42,204.58
362,OVD028,40,-62.17,204.36
363,OVD028,45,-61.97,203.9
364,OVD028,50,-61.71,203.54
365,OVD028,50.71,-61.66,203.51
366,OVD029,0,-68.6,132
367,OVD029,5,-68.6,130.5
368,OVD029,10,-68.5,130.4
369,OVD029,15,-68.4,130.3
370,OVD029,20,-68.3,130.5
371,OVD029,25,-68.2,130.7
372,OVD029,30,-68.2,130.9
373,OVD029,35,-68.2,131.1
374,OVD029,40,-68.3,131.2
375,OVD029,45,-68.4,131.3
376,OVD029,50,-68.5,131.3
377,OVD029,55,-68.5,131.4
378,OVD029,60,-68.5,131.5
379,OVD029,65,-68.4,131.6
380,OVD029,70,-68.4,131.8
381,OVD029,75,-68.4,131.7
382,OVD029,80,-68.5,132.2
383,OVD029,85,-68.6,132.3
384,OVD029,90,-68.6,132.2
385,OVD029,95,-68.6,132.4
386,OVD029,100,-68.4,132.6
387,OVD029,105,-68.6,132.6
388,OVD029,110,-68.7,132.6
389,OVD029,115,-68.7,132.7
390,OVD029,120,-68.9,132.6
391,OVD029,125,-68.8,132.7
392,OVD029,130,-68.8,132.8
393,OVD029,135,-68.8,133.3
394,OVD029,140,-68.8,133.8
395,OVD029,145,-68.7,134.2
396,OVD029,150,-68.6,134.2
397,OVD029,155,-68.5,134.5
398,OVD029,160,-68.4,134.7
399,OVD029,165,-68.3,134.7
400,OVD029,170,-68.4,134.6
401,OVD029,170.6,-68.4,134.9
402,OVD030,0,-85.43,353.833
403,OVD030,10,-85.4,354.15
404,OVD030,15,-85.3,353.6
405,OVD030,20,-85.3,353.88
406,OVD030,25,-85.2,354.55
407,OVD030,30,-85.2,354.02
408,OVD030,35,-85.4,354.84
409,OVD030,40,-85.4,353.79
410,OVD030,45,-85.36,354.83
411,OVD030,50,-85.32,355.29
412,OVD030,55,-85.41,357.07
413,OVD030,60,-85.52,356.88
414,OVD030,65,-85.48,357.87
415,OVD030,70,-85.51,357.6
416,OVD030,75,-85.54,356.62
417,OVD030,80,-85.47,357.55
418,OVD030,85,-85.42,357.7
419,OVD030,90,-85.37,358.19
420,OVD030,95,-85.39,358.78
421,OVD030,100,-85.42,358.87
422,OVD030,105,-85.38,358.35
423,OVD030,110,-85.47,359.45
424,OVD030,115,-85.48,358.34
425,OVD030,120,-85.37,357.56
426,OVD030,125,-85.35,356.91
427,OVD030,130,-85.35,357.93
428,OVD030,135,-85.4,358.44
429,OVD030,140,-85.4,358.74
430,OVD030,145,-85.42,359.94
431,OVD030,150,-85.49,358.82
432,OVD030,155,-85.51,358.51
433,OVD030,160,-85.38,358.27
434,OVD030,165,-85.3,359.17
435,OVD030,170,-85.27,357.04
436,OVD030,175,-85.19,355.76
437,OVD030,180,-85.19,357.63
438,OVD030,185,-85.15,358.23
439,OVD030,190,-85.21,0.35
440,OVD030,195,-85.31,359.96
441,OVD030,200,-85.46,358.84
442,OVD030,205,-85.47,358.87
443,OVD030,210,-85.43,359.68
444,OVD030,215,-85.44,359.9
445,OVD030,220,-85.4,359.84
446,OVD030,225,-85.29,0.3
447,OVD030,230,-85.18,1.51
448,OVD030,235,-85.17,2.23
449,OVD030,240,-85.37,2.8
450,OVD030,245,-85.34,3.01
451,OVD030,250,-85.31,1.6
452,OVD030,255,-85.35,2.13
453,OVD030,260,-85.45,0.48
454,OVD030,265,-85.32,0.84
455,OVD030,270,-85.22,2.31
456,OVD030,275,-85.36,2.33
457,OVD030,280,-85.34,2.81
458,OVD030,285,-85.25,2.56
459,OVD030,288.2,-85.28,1.85
460,OVD030,370,-85.3,4.9
461,OVD030,380,-85.2,5.9
462,OVD030,390,-85.1,6.4
463,OVD030,400,-85.1,6.9
464,OVD030,410,-85.1,6.3
465,OVD030,420,-85.2,9.6
466,OVD030,430,-85.1,9.1
467,OVD030,440,-85.2,10
468,OVD030,450,-85.1,10.4
469,OVD030,456.1,-85.1,10.6
470,OVD031,0,-70.52,60.52
471,OVD031,5,-70.4,60.37
472,OVD031,10,-70.27,61.01
473,OVD031,15,-70.25,61.51
474,OVD031,20,-70.25,61.89
475,OVD031,25,-70.13,62.21
476,OVD031,30,-70.04,62.27
477,OVD031,35,-69.97,62.18
478,OVD031,40,-70.04,62.67
479,OVD031,45,-69.98,62.75
480,OVD031,50,-69.8,62.8
481,OVD031,55,-69.7,62.8
482,OVD031,60,-69.5,63
483,OVD031,65,-69.5,62.9
484,OVD031,70,-69.4,62.7
485,OVD031,75,-69.3,62.9
486,OVD031,80,-69.4,62.8
487,OVD031,85,-69.4,62.7
488,OVD031,90,-69.4,63.3
489,OVD031,95,-69.3,63.6
490,OVD031,100,-69.1,63.8
491,OVD031,105,-69,63.7
492,OVD031,110,-68.9,63.9
493,OVD031,115,-68.9,63.9
494,OVD031,120,-68.9,64.2
495,OVD031,123.1,-68.9,64.3
496,OVD032,0,-55.1,59
497,OVD032,5,-55.2,59.45
498,OVD032,10,-55.15,59.67
499,OVD032,15,-55.2,59.76
500,OVD032,20,-55.36,59.73
501,OVD032,25,-55.28,59.81
502,OVD032,30,-55.23,59.86
503,OVD032,35,-55.02,60.04
504,OVD032,40,-54.96,60.23
505,OVD032,45,-54.94,60.35
506,OVD032,50,-54.8,60.62
507,OVD032,55,-54.62,60.67
508,OVD032,60,-54.52,60.72
509,OVD032,65,-54.28,60.9
510,OVD032,70,-54.2,61.11
511,OVD032,75,-54.27,61.13
512,OVD032,80,-53.95,61.2
513,OVD032,85,-53.94,61.23
514,OVD032,90,-53.89,61.24
515,OVD032,95,-53.71,61.21
516,OVD032,100,-53.56,61.4
517,OVD032,105,-53.39,61.35
518,OVD032,110,-53.28,61.29
519,OVD032,115,-53.18,61.51
520,OVD032,120,-53.02,61.41
521,OVD032,125,-52.87,61.48
522,OVD032,130,-52.63,61.48
523,OVD032,135,-52.49,61.45
524,OVD032,140,-52.34,61.58
525,OVD032,145,-52.23,61.5
526,OVD032,150,-52.19,61.64
527,OVD032,155,-51.99,61.62
528,OVD032,160,-51.86,61.74
529,OVD032,165,-51.63,61.8
530,OVD032,170,-51.34,61.81
531,OVD032,175,-51.29,61.92
532,OVD032,180,-51.06,61.94
533,OVD032,185,-50.92,61.94
534,OVD032,190,-50.82,62.06
535,OVD032,195,-50.74,62.11
536,OVD032,200,-50.61,62.11
537,OVD032,205,-50.44,62.18
538,OVD032,210,-50.32,62.16
539,OVD032,215,-50.17,62.24
540,OVD032,220,-50.05,62.27
541,OVD032,225,-49.99,62.33
542,OVD032,230,-49.98,62.39
543,OVD032,235,-49.9,62.46
544,OVD032,240,-49.8,62.5
545,OVD032,245,-49.67,62.44
546,OVD032,250,-49.49,62.63
547,OVD032,255,-49.43,62.69
548,OVD032,260,-49.38,62.68
549,OVD032,265,-49.24,62.73
550,OVD032,270,-49.34,62.71
551,OVD032,275,-49.32,62.72
552,OVD032,280,-49.25,62.94
553,OVD032,285,-49.03,62.91
554,OVD032,290,-48.91,63.21
555,OVD032,295,-48.79,63.3
556,OVD032,300,-48.67,63.37
557,OVD032,305,-48.65,63.48
558,OVD032,310,-48.51,63.6
559,OVD032,315,-48.4,63.59
560,OVD032,320,-48.32,63.58
561,OVD032,325,-48.22,63.63
562,OVD032,330,-48.16,63.67
563,OVD032,335,-48.13,63.7
564,OVD032,340,-48.04,63.86
565,OVD032,345,-48,63.91
566,OVD032,350,-47.93,64.07
567,OVD032,355,-47.73,64.08
568,OVD032,360,-47.59,64.31
569,OVD032,365,-47.4,64.37
570,OVD032,370,-47.16,64.52
571,OVD032,375,-47.03,64.7
572,OVD032,380,-46.98,64.91
573,OVD032,385,-47.01,65.03
574,OVD032,390,-46.92,65.18
575,OVD032,395,-46.97,65.37
576,OVD032,397.19,-47.06,65.36
577,OVD033,0,-64.9,203
578,OVD033,5,-64.9,203.1
579,OVD033,10,-64.8,203.2
580,OVD033,15,-64.8,203.5
581,OVD033,20,-64.8,203.6
582,OVD033,25,-64.8,203.8
583,OVD033,30,-64.7,204
584,OVD033,35,-64.7,204.3
585,OVD033,40,-64.7,204.4
586,OVD033,45,-64.6,204.5
587,OVD033,50,-64.5,204.7
588,OVD033,55,-64.5,204.7
589,OVD033,60,-64.4,205.1
590,OVD033,65,-64.4,205.1
591,OVD033,70,-64.5,205.1
592,OVD033,75,-64.5,205.2
593,OVD033,80,-64.6,205.4
594,OVD033,85,-64.6,205.5
595,OVD033,90,-64.7,205.6
596,OVD033,95,-64.7,205.7
597,OVD033,100,-64.7,205.8
598,OVD033,105,-64.7,205.7
599,OVD033,110,-64.8,205.8
600,OVD033,115,-64.8,205.6
601,OVD033,120,-64.9,205.8
602,OVD033,125,-64.9,205.7
603,OVD033,130,-64.7,205.8
604,OVD033,135,-64.5,206.2
605,OVD033,140,-64.4,206.1
606,OVD033,145,-64.4,206.2
607,OVD033,150,-64.4,206.3
608,OVD033,155,-64.4,206.4
609,OVD033,160,-64.4,206.4
610,OVD033,165,-64.4,206.7
611,OVD033,170,-64.5,206.9
612,OVD033,175,-64.5,207.1
613,OVD033,180,-64.5,207.1
614,OVD033,185,-64.5,207.1
615,OVD033,190,-64.6,207.3
616,OVD033,195,-64.7,207.3
617,OVD033,200,-64.6,207.4
618,OVD033,205,-64.7,207.5
619,OVD033,210,-64.9,207.5
620,OVD033,215,-65.1,207.7
621,OVD033,220,-65.1,207.8
622,OVD033,225,-65.2,207.9
623,OVD033,230,-65.1,208.2
624,OVD033,235,-65,208.1
625,OVD033,240,-65,208.2
626,OVD033,245,-64.9,208.3
627,OVD033,250,-65.1,208.5
628,OVD033,255,-65.1,208.7
629,OVD033,260,-64.9,209.1
630,OVD033,265,-64.9,209.1
631,OVD033,270,-64.9,209.3
632,OVD033,275,-64.8,209.2
633,OVD033,280,-64.8,209.4
634,OVD033,285,-64.8,209.4
635,OVD033,290,-64.8,209.6
636,OVD033,295,-64.9,209.6
637,OVD033,300,-64.9,209.6
638,OVD033,305,-64.9,209.9
639,OVD033,310,-64.9,209.8
640,OVD033,315,-64.8,210
641,OVD033,320,-64.8,210
642,OVD033,325,-64.8,210.1
643,OVD033,330,-64.9,210.4
644,OVD033,335,-64.9,210.4
645,OVD033,340,-64.9,210.6
646,OVD033,345,-64.9,210.7
647,OVD033,347.9,-65,210.7
648,OVD034,0,-77.4,238.9
649,OVD034,5,-77.5,238.8
650,OVD034,10,-77.7,239
651,OVD034,15,-77.7,239.3
652,OVD034,20,-77.7,239.8
653,OVD034,25,-77.7,240
654,OVD034,30,-77.7,240.5
655,OVD034,35,-77.7,241.1
656,OVD034,40,-77.7,241.1
657,OVD034,45,-77.6,241.5
658,OVD034,50,-77.6,241.4
659,OVD034,55,-77.6,241.9
660,OVD034,60,-77.4,242.3
661,OVD034,65,-77.3,242.4
662,OVD034,70,-77.3,242.7
663,OVD034,75,-77.4,242.7
664,OVD034,80,-77.6,242.5
665,OVD034,85,-77.7,243
666,OVD034,90,-77.7,242.8
667,OVD034,93,-77.7,242.6
668,OVD035,0,-73.4,236.26
669,OVD035,5,-73.66,235.98
670,OVD035,10,-73.96,235.4
671,OVD035,15,-73.86,235.58
672,OVD035,20,-73.84,235.61
673,OVD035,25,-73.72,236.04
674,OVD035,30,-73.73,235.71
675,OVD035,35,-73.71,235.84
676,OVD035,40,-73.71,235.73
677,OVD035,45,-73.79,235.78
678,OVD035,50,-73.85,235.64
679,OVD035,55,-73.82,235.94
680,OVD035,60,-73.83,235.88
681,OVD035,65,-73.78,235.89
682,OVD035,70,-73.74,236.06
683,OVD035,75,-73.75,236
684,OVD035,80,-73.75,235.97
685,OVD035,85,-73.84,236.04
686,OVD035,90,-73.86,235.99
687,OVD035,95,-73.89,236.14
688,OVD035,100,-73.83,235.97
689,OVD035,105,-73.76,236.45
690,OVD035,105.51,-73.76,236.56
691,OVD036,0,-59.9,345.8
692,OVD036,5,-59.9,345.6
693,OVD036,10,-59.9,345.6
694,OVD036,15,-60,345.6
695,OVD036,20,-59.8,345.7
696,OVD036,25,-59.8,345.9
697,OVD036,30,-59.8,346.2
698,OVD036,35,-59.7,346.4
699,OVD036,40,-59.6,346.7
700,OVD036,45,-59.5,347.1
701,OVD036,50,-59.5,347.3
702,OVD036,55,-59.6,347.4
703,OVD036,60,-59.5,347.6
704,OVD036,65,-59.5,348
705,OVD036,70,-59.5,348.1
706,OVD036,75,-59.5,348.5
707,OVD036,80,-59.5,348.5
708,OVD036,85,-59.4,348.9
709,OVD036,90,-59.3,349.1
710,OVD036,95,-59.3,349.2
711,OVD036,100,-59.3,349.2
712,OVD036,105,-59.3,349.3
713,OVD036,110,-59.4,349.3
714,OVD036,115,-59.5,349.4
715,OVD036,120,-59.5,349.6
716,OVD036,125,-59.5,349.7
717,OVD036,130,-59.6,349.8
718,OVD036,135,-59.5,350
719,OVD037,0,-57.77,134.49
720,OVD037,5,-58.03,134.5
721,OVD037,10,-57.94,134.73
722,OVD037,15,-57.88,135.07
723,OVD037,20,-57.95,135.16
724,OVD037,25,-57.96,135.47
725,OVD037,30,-57.9,135.69
726,OVD037,35,-57.92,135.95
727,OVD037,40,-57.91,136.01
728,OVD037,45,-57.91,136.33
729,OVD037,50,-57.74,136.37
730,OVD037,53.83,-57.82,136.37
731,OVD038,0,-83.52,355.73
732,OVD038,5,-83.5,356.82
733,OVD038,10,-83.61,357.6
734,OVD038,15,-83.73,357.14
735,OVD038,20,-83.74,357.73
736,OVD038,25,-83.79,358.36
737,OVD038,30,-83.77,358.38
738,OVD038,35,-83.74,358.91
739,OVD038,40,-83.67,358.78
740,OVD038,45,-83.71,359.2
741,OVD038,50,-83.83,359.39
742,OVD038,55,-83.87,358.73
743,OVD038,60,-83.82,359.42
744,OVD038,65,-83.78,359.39
745,OVD038,70,-83.83,0.18
746,OVD038,75,-83.9,359.76
747,OVD038,80,-83.98,359.55
748,OVD038,85,-84.14,358.79
749,OVD038,90,-84.1,358.66
750,OVD038,95,-84.1,359.73
751,OVD038,100,-84.2,0.17
752,OVD038,105,-84.35,0.05
753,OVD038,110,-84.37,1.43
754,OVD038,115,-84.36,1.63
755,OVD038,120,-84.31,2.27
756,OVD038,125,-84.25,3.11
757,OVD038,130,-84.3,3.55
758,OVD038,135,-84.33,4.93
759,OVD038,140,-84.19,5.56
760,OVD038,145,-84.05,7.15
761,OVD038,147.02,-84.05,7.54
762,OVD039,0,-65.2,208.2
763,OVD039,5,-65,208
764,OVD039,10,-65.1,207.6
765,OVD039,15,-64.8,207.5
766,OVD039,20,-64.7,207.8
767,OVD039,25,-64.6,207.9
768,OVD039,30,-64.6,208.1
769,OVD039,35,-64.7,208
770,OVD039,40,-64.6,208
771,OVD039,45,-64.6,208
772,OVD039,50,-64.7,207.9
773,OVD039,55,-64.6,207.2
774,OVD039,60,-64.4,207
775,OVD039,65,-64.1,206.5
776,OVD039,70,-64,206.2
777,OVD039,75,-63.7,206
778,OVD039,80,-63.6,206.2
779,OVD039,85,-63.5,206.4
780,OVD039,90,-63.5,206.3
781,OVD039,95,-63.5,206.3
782,OVD039,100,-63.4,206.3
783,OVD039,105,-63.4,206.5
784,OVD039,110,-63.2,206.6
785,OVD039,115,-63.1,207
786,OVD039,120,-63.1,206.9
787,OVD039,125,-63.2,207.1
788,OVD039,127,-63.2,207
789,OVD040,0,-74.4,347.3
790,OVD040,5,-74.5,346.6
791,OVD040,10,-74.5,346.9
792,OVD040,15,-74.5,346.8
793,OVD040,20,-74.5,346.9
794,OVD040,25,-74.3,347.1
795,OVD040,30,-74.2,347.5
796,OVD040,35,-74.2,348.1
797,OVD040,40,-74.2,348.2
798,OVD040,45,-74.2,348.3
799,OVD040,50,-74.3,348.3
800,OVD040,55,-74.2,348
801,OVD040,60,-74.1,348.3
802,OVD040,65,-74.1,348.6
803,OVD040,70,-74,348.7
804,OVD040,75,-74,349
805,OVD040,80,-74,349.3
806,OVD040,85,-74.1,349.3
807,OVD040,90,-74,349.1
808,OVD040,95,-74,349.1
809,OVD040,100,-74,349.4
810,OVD040,105,-73.9,349.5
811,OVD040,110,-73.9,350
812,OVD040,115,-74,350.4
813,OVD040,120,-74,350.4
814,OVD040,125,-74,350.3
815,OVD040,127,-74.1,350.3
816,OVD041,0,-66.3,62.6
817,OVD041,10,-66.4,62.1
818,OVD041,20,-66.2,62.1
819,OVD041,30,-66,62.4
820,OVD041,40,-65.8,62.8
821,OVD041,50,-65.6,63.3
822,OVD041,60,-65.3,63.5
823,OVD041,70,-65,63.4
824,OVD041,80,-64.9,63.6
825,OVD041,90,-64.7,64.2
826,OVD041,100,-64.5,64.7
827,OVD041,120,-64.3,64.8
828,OVD041,130,-63.7,66
829,OVD041,135.5,-63.6,66
830,OVD042,0,-60.9,57.4
831,OVD042,10,-60.9,57.9
832,OVD042,20,-60.9,58
833,OVD042,30,-60.7,58.2
834,OVD042,40,-60.6,58.4
835,OVD042,50,-60.4,58.6
836,OVD042,60,-60.3,59.1
837,OVD042,70,-60.2,59.3
838,OVD042,80,-60.2,59.8
839,OVD042,90,-60.2,60
840,OVD042,95.1,-60.2,59.9
841,OVD043,0,-61.8,7.6
842,OVD043,10,-61.9,7.9
843,OVD043,20,-62,8
844,OVD043,30,-61.7,8.3
845,OVD043,40,-61.6,8.7
846,OVD043,50,-61.4,9.1
847,OVD043,60,-61.1,9.4
848,OVD043,70,-60.8,9.8
849,OVD043,75.1,-60.7,9.8
850,OVD044,0,-73.3,64
851,OVD044,10,-73.6,64.4
852,OVD044,20,-73.6,64.8
853,OVD044,30,-73.5,65.5
854,OVD044,40,-73.4,65.5
855,OVD044,50,-73.4,65.7
856,OVD044,60,-73.3,65.8
857,OVD044,68.1,-73.3,65.9
858,OVD045,0,-59.57,235.21
859,OVD045,5,-59.7,235.48
860,OVD045,10,-59.86,235.53
861,OVD045,15,-59.72,235.69
862,OVD045,20,-59.72,235.85
863,OVD045,25,-59.69,236.12
864,OVD045,30,-59.58,236.24
865,OVD045,35,-59.41,236.51
866,OVD045,40,-59.4,236.74
867,OVD045,45,-59.24,236.97
868,OVD045,50,-59.46,236.74
869,OVD045,55,-59.5,236.18
870,OVD045,60,-59.46,236.16
871,OVD045,65,-59.45,236.4
872,OVD045,70,-59.28,236.59
873,OVD045,75,-59.37,236.61
874,OVD045,80,-59.4,236.82
875,OVD045,85,-59.35,236.89
876,OVD045,90,-59.29,236.87
877,OVD045,95,-59.31,237.02
878,OVD045,100,-59.4,237.13
879,OVD045,105,-59.44,237.16
880,OVD045,110,-59.43,237.39
881,OVD045,115,-59.39,237.52
882,OVD045,120,-59.32,237.56
883,OVD045,125,-59.27,237.71
884,OVD045,130,-59.18,237.81
885,OVD045,135,-59.2,237.92
886,OVD045,140,-59.18,238.11
887,OVD045,145,-59.23,238.19
888,OVD045,147.36,-59.22,238.04
889,OVD046,0,-85.36,243.58
890,OVD046,5,-85.32,245.51
891,OVD046,10,-85.31,245.6
892,OVD046,15,-85.37,246.43
893,OVD046,20,-85.29,246.85
894,OVD046,25,-85.23,245.72
895,OVD046,30,-85.14,245.2
896,OVD046,35,-85.31,246.25
897,OVD046,40,-85.37,246.32
898,OVD046,45,-85.39,245.75
899,OVD046,50,-85.4,246.07
900,OVD046,55,-85.36,245.63
901,OVD046,60,-85.37,246.24
902,OVD046,65,-85.45,245.76
903,OVD046,70,-85.5,246.08
904,OVD046,75,-85.38,246.46
905,OVD046,80,-85.41,245.57
906,OVD046,85,-85.49,247.96
907,OVD046,90,-85.44,250.89
908,OVD046,95,-85.38,249.75
909,OVD046,100,-85.39,249.54
910,OVD046,105,-85.43,250.28
911,OVD046,110,-85.42,250.52
912,OVD046,115,-85.36,249.96
913,OVD046,120,-85.34,250.9
914,OVD046,125,-85.37,251.9
915,OVD046,130,-85.37,251.56
916,OVD046,135,-85.33,251.57
917,OVD046,140,-85.22,251.73
918,OVD046,145,-85.33,254.1
919,OVD046,150,-85.35,253.86
920,OVD046,155,-85.26,252.44
921,OVD046,160,-85.28,251.88
922,OVD046,165,-85.37,253.67
923,OVD046,170,-85.37,253
924,OVD046,175,-85.35,253.08
925,OVD046,180,-85.29,252.76
926,OVD046,185,-85.34,254.05
927,OVD046,190,-85.39,252.96
928,OVD046,195,-85.35,252.96
929,OVD046,200,-85.3,252.81
930,OVD046,205,-85.41,253.47
931,OVD046,207.28,-85.43,253.45
932,OVD047,0,-78.6,58.54
933,OVD047,5,-78.6,58.48
934,OVD047,10,-78.7,58.84
935,OVD047,15,-78.7,59.36
936,OVD047,20,-78.7,59.41
937,OVD047,25,-78.7,58.65
938,OVD047,30,-78.7,59.37
939,OVD047,35,-78.7,59.26
940,OVD047,40,-78.6,59.19
941,OVD047,45,-78.6,59.2
942,OVD047,50,-78.6,59.1
943,OVD047,55,-78.6,59.1
944,OVD047,60,-78.7,59.06
945,OVD047,65,-78.7,59.29
946,OVD047,70,-78.8,59.58
947,OVD047,75,-78.8,59.66
948,OVD047,80,-78.6,59.84
949,OVD047,85,-78.7,59.96
950,OVD047,90,-78.7,60.64
951,OVD047,95,-78.6,60.31
952,OVD047,100,-78.6,60.48
953,OVD047,105,-78.7,60.53
954,OVD047,110,-78.7,60.98
955,OVD047,115,-78.5,60.46
956,OVD047,120,-78.6,60.75
957,OVD047,125,-78.7,61.44
958,OVD047,130,-78.7,61.7
959,OVD047,135,-78.7,61.34
960,OVD047,140,-78.8,61.63
961,OVD047,145,-78.8,61.42
962,OVD047,150,-78.7,60.98
963,OVD047,155,-78.5,60.8
964,OVD047,160,-78.6,60.84
965,OVD047,165,-78.6,62.21
966,OVD047,170,-78.6,62.27
967,OVD047,175,-78.8,62.96
968,OVD047,180,-78.9,63.81
969,OVD047,185,-78.7,65.09
970,OVD047,190,-78.8,65.5
971,OVD047,195,-79,66.48
972,OVD047,200,-79.2,67.61
973,OVD047,205,-79.2,68.27
974,OVD047,210,-79.2,68.61
975,OVD047,215,-79.2,69.15
976,OVD047,220,-79,70.26
977,OVD047,225,-78.9,70.38
978,OVD047,230,-78.5,69.79
979,OVD047,235,-78.6,68.93
980,OVD047,240,-78.6,69.72
981,OVD047,245,-78.4,69.9
982,OVD047,250,-78.2,69.58
983,OVD047,255,-78.1,69.43
984,OVD047,260,-78.1,69.89
985,OVD047,265,-78,69.6
986,OVD047,270,-78,69.44
987,OVD047,275,-77.9,69.77
988,OVD047,280,-77.9,69.58
989,OVD047,285,-77.8,69.99
990,OVD047,290,-77.6,70.2
991,OVD047,295,-77.6,70.14
992,OVD047,300,-77.5,70.35
993,OVD047,305,-77.5,70.35
994,OVD047,310,-77.4,70.53
995,OVD047,315,-77.4,70.46
996,OVD047,320,-77.2,70.44
997,OVD047,325,-77.2,70.47
998,OVD047,330,-77.1,70.62
999,OVD047,335,-77.2,70.67
1000,OVD047,339,-77.3,70.68
1001,OVD048,0,-59,215.59
1002,OVD048,5,-59.2,215.9
1003,OVD048,10,-59.2,215.7
1004,OVD048,15,-59.1,215.8
1005,OVD048,20,-59,215.9
1006,OVD048,25,-58.9,216
1007,OVD048,30,-58.7,216
1008,OVD048,35,-58.7,216
1009,OVD048,39.2,-58.6,215.9
1010,SC01,0,-60.65,216.26
1011,SC01,13.8,-60.65,216.26
1012,SC01,61.8,-60.11,215.38
1013,SC03,0,-59.22,211.16
1014,SC03,30,-59.22,211.16
1015,SC03,60,-59.06,211.11
1016,SC03,90,-58.91,211.56
1017,SC03,116,-58.67,211.62
1018,SC03,116.5,-58.67,211.62
1019,SC04,0,-67.62,212.2
1020,SC04,30,-67.62,212.2
1021,SC04,60,-67.72,211.92
1022,SC04,89.5,-67.65,212.44
1023,SC04,120,-67.76,211.09
1024,SC04,150.5,-67.72,212.39
1025,SC04,179.5,-67.17,212.57
1026,SC04,209.5,-66.73,213.2
1027,SC04,239.5,-66.73,213.18
1028,SC04,280.5,-66.35,212.72
1029,SC04,281.5,-66.35,212.72
1030,SC05,0,-70.17,30
1031,SC05,5,-70.17,29.93
1032,SC05,10,-70.02,30.18
1033,SC05,15,-69.95,30.38
1034,SC05,20,-69.91,30.2
1035,SC05,25,-69.84,30.37
1036,SC05,30,-69.85,30.25
1037,SC05,35,-69.79,30.68
1038,SC05,40,-69.8,31.05
1039,SC05,45,-69.78,31.16
1040,SC05,50,-69.71,31.43
1041,SC05,55,-69.63,31.32
1042,SC05,60,-69.47,31.7
1043,SC05,65,-69.38,31.95
1044,SC05,70,-69.44,32.05
1045,SC05,75,-69.45,32.42
1046,SC05,80,-69.44,32.55
1047,SC05,85,-69.46,32.95
1048,SC05,90,-69.51,32.98
1049,SC05,95,-69.49,33.14
1050,SC05,100,-69.44,33.67
1051,SC05,105,-69.36,34.54
1052,SC05,110,-69.38,34.62
1053,SC05,115,-69.42,35.11
1054,SC05,120,-69.37,35.34
1055,SC05,125,-69.3,35.58
1056,SC05,130,-69.23,35.39
1057,SC05,135,-69.3,35.33
1058,SC05,140,-69.36,35.62
1059,SC05,145,-69.33,35.67
1060,SC05,150,-69.29,36.05
1061,SC05,155,-69.26,36.2
1062,SC05,160,-69.16,36.84
1063,SC05,165,-69.11,36.91
1064,SC05,170,-69.14,37.02
1065,SC05,175,-69.23,37.43
1066,SC05,180,-69.31,37.89
1067,SC05,185,-69.25,38.07
1068,SC05,190,-69.16,38.45
1069,SC05,195,-69.12,38.77
1070,SC05,200,-69.06,39.01
1071,SC05,205,-68.97,39.22
1072,SC05,210,-69.02,39.28
1073,SC05,215,-69.05,39.43
1074,SC05,220,-68.94,39.5
1075,SC05,225,-68.84,39.56
1076,SC05,230,-68.63,39.73
1077,SC05,235,-68.59,39.72
1078,SC05,240,-68.56,39.92
1079,SC05,245,-68.48,39.78
1080,SC05,250,-68.45,40.09
1081,SC05,255,-68.34,40.1
1082,SC05,260,-68.29,40.23
1083,SC05,265,-68.22,40.31
1084,SC05,270,-68.11,40.34
1085,SC05,275,-68.1,40.44
1086,SC05,280,-68,40.46
1087,SC05,285,-67.94,40.14
1088,SC05,290,-67.74,40.14
1089,SC05,295,-67.59,40.15
1090,SC05,300,-67.57,40.38
1091,SC05,305,-67.48,40.34
1092,SC05,310,-67.44,40.35
1093,SC05,315,-67.42,40.63
1094,SC05,320,-67.34,40.68
1095,SC05,325,-67.37,40.68
1096,SC05,330,-67.26,40.8
1097,SC05,335,-67.24,40.95
1098,SC05,340,-67.18,41.04
1099,SC05,345,-67.05,40.83
1100,SC05,350,-67.17,41.06
1101,SC05,355,-67.16,41.16
1102,SC05,360,-67.19,41.12
1103,SC05,365,-67.14,41.24
1104,SC05,370,-66.9,41.21
1105,SC05,375,-66.85,41.28
1106,SC05,380,-66.9,41.33
1107,SC05,385,-66.93,41.66
1108,SC05,390,-66.93,41.64
1109,SC05,395,-66.75,41.92
1110,SC05,400,-66.7,41.96
1111,SC06,0,-68.2,186.3
1112,SC06,5,-68.3,186.2
1113,SC06,10,-68.3,186.2
1114,SC06,15,-68.2,186.4
1115,SC06,20,-68.3,186.7
1116,SC06,25,-68.3,186.8
1117,SC06,30,-68.3,187.4
1118,SC06,35,-68.3,187.4
1119,SC06,40,-68.2,187.3
1120,SC06,45,-68.1,187.2
1121,SC06,50,-68.1,186.9
1122,SC06,55,-68.1,186.9
1123,SC06,59.1,-68.2,187.1
1124,SC07,0,-69.3,178.4
1125,SC07,5,-69.4,178.1
1126,SC07,10,-69.3,178.2
1127,SC07,15,-69.2,178.3
1128,SC07,20,-69.2,178.4
1129,SC07,25,-69.2,178.3
1130,SC07,30,-69.4,178.5
1131,SC07,35,-69.4,178.5
1132,SC07,40,-69.5,178.6
1133,SC07,45,-69.5,178.7
1134,SC07,50,-69.5,178.8
1135,SC07,55,-69.6,178.7
1136,SC07,60,-69.6,178.7
1137,SC07,65,-69.6,178.6
1138,SC07,70,-69.6,178.5
1139,SC07,75,-69.7,178.8
1140,SC07,80,-69.6,178.8
1141,SC07,85,-69.7,178.8
1142,SC07,90,-69.8,178.7
1143,SC07,95,-69.8,178.9
1144,SC07,100,-69.8,179
1145,SC07,105,-70,178.9
1146,SC07,110,-70.1,178.9
1147,SC07,115,-70,178.8
1148,SC07,120,-70,178.7
1149,SC07,125,-69.9,178.8
1150,SC07,130,-69.8,178.8
1151,SC07,135,-69.7,178.8
1152,SC07,140,-69.7,179
1153,SC07,145,-69.7,179
1154,SC07,150,-69.8,178.9
1155,SC07,155,-69.9,178.8
1156,SC07,160,-69.8,178.8
1157,SC07,165,-69.8,179
1158,SC07,170,-69.7,179.1
1159,SC07,175,-69.8,179.3
1160,SC07,180,-69.8,179.5
1161,SC07,185,-69.8,179.6
1162,SC07,190,-69.9,179.8
1163,SC07,195,-69.8,179.8
1164,SC07,200,-69.9,180.1
1165,SC07,205,-69.9,180.1
1166,SC07,210,-69.9,180.4
1167,SC07,215,-69.9,180.4
1168,SC07,220,-69.9,180.7
1169,SC07,225,-70,180.5
1170,SC07,230,-70,180.7
1171,SC07,235,-70.1,181
1172,SC07,240,-70,181.1
1173,SC07,245,-70.1,181.6
1174,SC07,250,-70.1,181.7
1175,SC08,0,-60.69,60.77
1176,SC08,5,-60.47,60.38
1177,SC08,10,-60.46,60.38
1178,SC08,15,-60.59,60.47
1179,SC08,20,-60.74,60.59
1180,SC08,25,-60.56,60.93
1181,SC08,30,-60.62,61.06
1182,SC08,35,-60.46,61.38
1183,SC08,40,-60.38,61.53
1184,SC08,45,-60.25,61.67
1185,SC08,50,-60.14,61.78
1186,SC08,55,-60.02,61.83
1187,SC08,60,-59.92,62.03
1188,SC08,65,-59.73,61.4
1189,SC08,70,-59.65,61.59
1190,SC08,75,-59.51,61.54
1191,SC08,80,-59.29,61.82
1192,SC08,85,-59.11,61.74
1193,SC08,90,-58.95,61.78
1194,SC08,95,-58.83,61.83
1195,SC08,100,-58.7,61.85
1196,SC08,105,-58.45,61.81
1197,SC08,108.16,-58.34,61.77
1198,SC09,0,-49.21,79.89
1199,SC09,5,-49.45,79.97
1200,SC09,10,-49.49,80.11
1201,SC09,15,-49.45,80.21
1202,SC09,20,-49.37,80.39
1203,SC09,25,-49.28,80.56
1204,SC09,30,-49.17,80.69
1205,SC09,35,-48.88,80.88
1206,SC09,40,-48.6,80.97
1207,SC09,45,-48.44,81.08
1208,SC09,50,-48.23,81.17
1209,SC09,55,-48.15,81.2
1210,SC09,60,-48.17,81.28
1211,SC09,65,-47.92,81.2
1212,SC09,70,-47.77,81.27
1213,SC09,75,-47.66,81.35
1214,SC09,80,-47.57,81.3
1215,SC09,85,-47.5,81.57
1216,SC09,90,-47.5,81.63
1217,SC09,95,-47.42,81.66
1218,SC09,100,-47.29,81.7
1219,SC09,105,-47.4,81.78
1220,SC09,110,-47.36,81.87
1221,SC09,115,-47.36,81.96
1222,SC09,120,-47.45,82.17
1223,SC09,125,-47.45,82.5
1224,SC09,130,-47.4,82.67
1225,SC09,135,-47.35,82.77
1226,SC09,140,-47.33,82.85
1227,SC09,145,-47.22,82.93
1228,SC09,150,-47.08,83.08
1229,SC09,155,-47.12,83.11
1230,SC09,160,-47.02,83.22
1231,SC09,165,-46.99,83.37
1232,SC09,170,-46.96,83.55
1233,SC09,175,-46.94,83.67
1234,SC09,180,-46.91,83.67
1235,SC09,185,-46.93,83.78
1236,SC09,190,-46.86,83.81
1237,SC09,195,-46.9,83.89
1238,SC09,200,-46.79,83.7
1239,SC09,204.63,-46.83,83.76
1240,SC10,0,-74.8,178
1241,SC10,5,-74.9,178.5
1242,SC10,10,-74.9,178.2
1243,SC10,15,-74.9,178
1244,SC10,20,-74.8,177.9
1245,SC10,25,-74.9,177.6
1246,SC10,30,-75,177.6
1247,SC10,35,-75,177.7
1248,SC10,40,-75,177.7
1249,SC10,45,-75.1,177.6
1250,SC10,50,-75.3,177.5
1251,SC10,55,-75.3,177.4
1252,SC10,60,-75.4,177.7
1253,SC10,65,-75.4,177.6
1254,SC10,70,-75.4,177.6
1255,SC10,75,-75.6,177.7
1256,SC10,80,-75.6,178.1
1257,SC10,85,-75.4,178.5
1258,SC10,90,-75.5,178.2
1259,SC10,95,-75.5,178.1
1260,SC10,100,-75.6,178.2
1261,SC10,105,-75.6,178.6
1262,SC10,110,-75.6,178.6
1263,SC10,115,-75.4,178.7
1264,SC10,120,-75.3,178.7
1265,SC10,125,-75.1,178.5
1266,SC10,130,-74.9,178.5
1267,SC10,135,-74.5,177.8
1268,SC10,140,-74.2,178.1
1269,SC10,145,-73.8,178
1270,SC10,150,-73.5,178
1271,SC10,155,-73.1,177.7
1272,SC10,160,-72.9,177.4
1273,SC10,165,-72.6,177.5
1274,SC10,170,-72.5,177.5
1275,SC10,175,-72.2,177.5
1276,SC10,180,-71.9,177.8
1277,SC10,185,-71.6,178
1278,SC10,190,-71.4,178
1279,SC10,195,-71.3,178.1
1280,SC10,200,-71.1,178.3
1281,SC10,205,-71,178.3
1282,SC10,210,-70.9,178.5
1283,SC10,215,-70.9,178.9
1284,SC10,220,-70.8,178.9
1285,SC10,225,-70.8,179.2
1286,SC10,230,-70.6,179.4
1287,SC10,232.9,-70.6,179.1
1288,SC11,0,-70.3,178.3
1289,SC11,5,-70.1,178.2
1290,SC11,10,-70,178.3
1291,SC11,15,-70.1,178.5
1292,SC11,20,-70.3,178.5
1293,SC11,25,-70.4,178.6
1294,SC11,30,-70.4,178.3
1295,SC11,35,-70.5,178
1296,SC11,40,-70.4,178.3
1297,SC11,45,-70.6,178.1
1298,SC11,50,-70.7,178
1299,SC11,55,-70.8,178
1300,SC11,60,-70.9,178.2
1301,SC11,65,-71.1,177.8
1302,SC11,70,-71.6,177
1303,SC11,75,-71.6,176.9
1304,SC11,80,-71.3,177.2
1305,SC11,85,-71.2,177.8
1306,SC11,90,-71.3,178
1307,SC11,95,-71.2,178
1308,SC11,100,-70.9,177.9
1309,SC11,105,-70.7,177.7
1310,SC11,110,-70.6,177.5
1311,SC11,115,-70.7,177.7
1312,SC11,120,-70.9,177.5
1313,SC11,125,-70.8,177.5
1314,SC11,130,-70.7,177.9
1315,SC11,135,-70.7,178.1
1316,SC11,140,-70.5,178.2
1317,SC11,145,-70.5,178.4
1318,SC11,150,-70.4,178.6
1319,SC11,155,-70.3,178.5
1320,SC11,160,-70.2,178.7
1321,SC11,165,-70.1,178.9
1322,SC11,170,-70.1,178.8
1323,SC11,175,-70,179.1
1324,SC11,180,-69.9,178.9
1325,SC11,185,-69.8,179.3
1326,SC11,190,-69.7,179.2
1327,SC11,195,-69.5,179.8
1328,SC11,200,-69.5,179.8
1329,SC11,205,-69.3,179.9
1330,SC11,210,-69.3,180
1331,SC11,215,-69.1,180.3
1332,SC11,220,-69.1,180.5
1333,SC11,225,-69.1,180.6
1334,SC11,230,-69.1,180.8
1335,SC11,235,-69,180.8
1336,SC11,240,-69,181.2
1337,SC11,245,-68.9,181.4
1338,SC11,250,-68.9,181.4
1339,SC11,255,-68.8,181.7
1340,SC11,260,-68.8,181.7
1341,SC11,265,-68.7,181.8
1342,SC11,270,-68.7,182.2
1343,SC11,275,-68.5,182.4
1344,SC11,280,-68.6,182.7
1345,SC11,285,-68.5,182.6
1346,SC11,290,-68.5,183.1
1347,SC11,295,-68.4,183.2
1348,SC11,300,-68.4,183.5
1349,SC11,305,-68.3,183.6
1350,SC11,310,-68.2,183.9
1351,SC11,315,-68.1,184.1
1352,SC11,320,-68,184.2
1353,SC11,325,-67.9,184.3
1354,SC11,330,-67.8,184.5
1355,SC11,335,-67.7,184.7
1356,SC11,340,-67.7,184.8
1357,SC11,345,-67.6,184.9
1358,SC11,350,-67.6,185.1
1359,SC11,355,-67.5,185.1
1360,SC11,360,-67.5,185.3
1361,SC11,365,-67.4,185.3
1362,SC11,370,-67.3,185.6
1363,SC11,375,-67.3,185.8
1364,SC11,380,-67.3,185.9
1365,SC11,385,-67.2,186.1
1366,SC11,390,-67.2,186.6
1367,SC11,395,-67.1,187
1368,SC11,400,-67.1,187.2
1369,SC11,405,-66.9,187.1
1370,SC11,410,-66.9,187.5
1371,SC11,415,-66.8,187.5
1372,SC11,420,-66.8,187.7
1373,SC11,425,-66.6,187.8
1374,SC11,430,-66.5,187.9
1375,SC11,435,-66.4,188.1
1376,SC11,439,-66.2,188.4
1377,OVD011,0,-64.8,237.3
1378,OVD011,5,-64.9,237.2
1379,OVD011,10,-64.8,237
1380,OVD011,15,-65,237.1
1381,OVD011,20,-65.2,237.1
1382,OVD011,25,-65.5,237.2
1383,OVD011,30,-65.7,237.1
1384,OVD011,35,-65.9,236.8
1385,OVD011,40,-66.1,236.9
1386,OVD011,45,-66.3,237.1
1387,OVD011,50,-66.5,236.8
1388,OVD011,55,-66.6,237.2
1389,OVD011,60,-66.7,237
1390,OVD011,65,-66.6,237
1391,OVD011,70,-66.6,237
1392,OVD011,75,-66.6,236.7
1393,OVD011,80,-66.6,236.7
1394,OVD011,85,-66.7,236.6
1395,OVD011,90,-66.8,236.7
1396,OVD011,95,-66.9,236.6
1397,OVD011,100,-67,236.6
1398,OVD011,105,-67,236.4
1399,OVD011,110,-67,236.6
1400,OVD011,115,-67,236.6
1401,OVD011,120,-66.9,236.5
1402,OVD011,125,-66.9,236.5
1403,OVD011,130,-67,236.6
1404,OVD011,135,-67.1,237.7
1405,OVD011,140,-67,237.2
1406,OVD011,145,-67,237.2
1407,OVD011,150,-67.1,237
1408,OVD011,155,-67.1,236.8
1409,OVD011,160,-67.2,236.7
1410,OVD011,165,-67.2,236.6
1411,OVD011,170,-67.2,236.1
1412,OVD011,175,-67.2,236.2
1413,OVD011,180,-67.1,235.8
1414,OVD011,185,-67,235.7
1415,OVD011,190,-67.1,235.2
1416,OVD011,195,-67,234.5
1417,OVD011,200,-66.9,233.8
1418,OVD011,205,-66.8,233.3
1419,OVD011,210,-66.8,233
1420,OVD011,215,-66.8,232.9
1421,OVD011,220,-66.6,233.2
1422,OVD011,225,-66.6,232.9
1423,OVD011,230,-66.8,232.9
1424,OVD011,235,-66.7,233.1
1425,OVD011,240,-66.6,233.3
1426,OVD011,245,-66.5,233.5
1427,OVD011,250,-66.6,233.5
1428,OVD011,255,-66.8,233.7
1429,OVD011,260,-66.7,233.3
1430,OVD011,265,-66.6,233.5
1431,OVD011,270,-66.5,233.9
1432,OVD011,275,-66.6,234.2
1433,OVD011,280,-66.7,234.2
1434,OVD011,285,-66.6,234.2
1435,OVD011,290,-66.6,234.5
1436,OVD011,295,-66.5,234.5
1437,OVD011,300,-66.6,234.7
1438,OVD011,305,-66.5,234.9
1439,OVD011,310,-66.7,234.8
1440,OVD011,311.4,-66.7,234.8
1441,CRS01,0,-60.62,175.78
1442,CRS01,30,-60.62,175.78
1443,CRS01A,0,-70,30
1444,CRS01A,14.5,-70,30
1445,CRS01A,44.5,-70,30
1446,CRS01A,74.5,-70,30
1447,CRS01A,104.5,-70,30
1448,CRS01A,134.5,-70,30
1449,CRS01A,164.5,-70,30
1450,CRS01A,194.5,-70,30
1451,CRS01A,200.5,-70,30
1452,CRS02,0,-67.7,174.2
1453,CRS02,5,-67.7,175
1454,CRS02,10,-67.7,175.1
1455,CRS02,15,-67.5,174.9
1456,CRS02,20,-67.5,175
1457,CRS02,25,-67.6,175.1
1458,CRS02,30,-67.5,175.2
1459,CRS02,35,-67.4,175.2
1460,CRS02,40,-67.5,175.1
1461,CRS02,45,-67.5,175.3
1462,CRS02,50,-67.5,175.4
1463,CRS02,55,-67.5,175.6
1464,CRS02,60,-67.4,175.7
1465,CRS02,65,-67.5,175.8
1466,CRS02,70,-67.5,175.8
1467,CRS02,75,-67.4,176.2
1468,CRS02,80,-67.3,176.4
1469,CRS02,85,-67.4,176.6
1470,CRS02,90,-67.4,176.6
1471,CRS02,95,-67.5,176.9
1472,CRS02,100,-67.4,176.9
1473,CRS02,105,-67.4,177.2
1474,CRS02,106.3,-67.4,177.1
1475,CRS03,0,-59.4,177.5
1476,CRS03,5,-59.6,178.3
1477,CRS03,10,-59.7,178.5
1478,CRS03,15,-59.6,178.4
1479,CRS03,20,-59.3,178.6
1480,CRS03,25,-59.2,178.8
1481,CRS03,30,-59.1,178.8
1482,CRS03,35,-59.1,178.9
1483,CRS03,40,-58.9,178.9
1484,CRS03,45,-58.8,178.9
1485,CRS03,50,-58.8,178.7
1486,CRS03,55,-58.8,178.8
1487,CRS03,60,-58.7,178.9
1488,CRS03,65,-58.6,178.7
1489,CRS03,70,-58.6,178.7
1490,CRS03,75,-58.6,178.8
1491,CRS03,80,-58.6,178.9
1492,CRS03,85,-58.6,179.1
1493,CRS03,90,-58.6,179.2
1494,CRS03,95,-58.6,179.4
1495,CRS03,100,-58.6,179.4
1496,CRS03,105,-58.6,179.5
1497,CRS03,106.3,-58.6,179.6
1498,CRS04,0,-70.1,41.4
1499,CRS04,5,-70.2,41
1500,CRS04,10,-70.3,41.2
1501,CRS04,15,-70.4,41.4
1502,CRS04,20,-70.3,41.1
1503,CRS04,25,-70.3,41.2
1504,CRS04,30,-70.3,41.3
1505,CRS04,35,-70.3,41.7
1506,CRS04,40,-70.4,41.4
1507,CRS04,45,-70.4,41.6
1508,CRS04,50,-70.4,42
1509,CRS04,55,-70.4,41.7
1510,CRS04,60,-70.4,41.3
1511,CRS04,65,-70.4,41.4
1512,CRS04,70,-70.4,41.5
1513,CRS04,75,-70.5,41.4
1514,CRS04,80,-70.5,41.6
1515,CRS04,85,-70.5,41.9
1516,CRS04,90,-70.4,41.9
1517,CRS04,95,-70.5,42.2
1518,CRS04,100,-70.5,42.2
1519,CRS04,105,-70.5,42.2
1520,CRS04,110,-70.5,42.1
1521,CRS04,115,-70.4,42.3
1522,CRS04,120,-70.6,42.2
1523,CRS04,125,-70.6,42.6
1524,CRS04,130,-70.7,42.6
1525,CRS04,135,-70.8,42.5
1526,CRS04,140,-70.7,42.8
1527,CRS04,145,-70.8,42.9
1528,CRS04,149.1,-70.9,42.9
1529,BS001,0,-75.4,45.7
1530,BS001,5,-75.3,45.4
1531,BS001,10,-75.3,45.6
1532,BS001,15,-75.3,45.7
1533,BS001,20,-75.5,45.4
1534,BS001,25,-75.7,45.3
1535,BS001,30,-75.7,45.6
1536,BS001,35,-75.8,45.5
1537,BS001,40,-75.8,45.4
1538,BS001,45,-75.8,45.2
1539,BS001,50,-75.9,45
1540,BS001,55,-76,44.6
1541,BS001,60,-76,44.9
1542,BS001,65,-75.9,44.1
1543,BS001,70,-75.8,44.6
1544,BS001,75,-75.9,44.1
1545,BS001,80,-75.9,44.2
1546,BS001,85,-76,44.1
1547,BS001,90,-76.1,44.1
1548,BS001,95,-76.3,44.5
1549,BS001,100,-76.2,43.8
1550,BS001,105,-75.6,44.1
1551,BS001,110,-75.9,44.1
1552,BS001,115,-76.2,44.4
1553,BS001,120,-76.2,44.5
1554,BS001,125,-76.2,44.7
1555,BS001,130,-76.2,45.1
1556,BS001,135,-76.2,45
1557,BS001,140,-76.2,45
1558,BS001,145,-76.1,45.3
1559,BS001,150,-76.2,45.3
1560,BS001,155,-76.2,45.3
1561,BS001,160,-76.2,45.4
1562,BS001,165,-76.1,45.6
1563,BS001,170,-76.2,45.7
1564,BS001,175,-76.2,45.8
1565,BS001,180,-76.2,46
1566,BS001,185,-76.2,46.4
1567,BS001,190,-76.1,46.5
1568,BS001,195,-76.1,46.4
1569,BS001,200,-76.1,46.6
1570,BS001,205,-76.2,47
1571,BS001,210,-76.2,47.1
1572,BS001,215,-76.2,47.6
1573,BS001,220,-76.1,47.3
1574,BS001,225,-76.1,47.7
1575,BS001,230,-76.2,47.4
1576,BS001,235,-76.3,47.6
1577,BS001,240,-76.3,47.8
1578,BS001,245,-76.2,48.3
1579,BS001,250,-76.1,48.5
1580,BS001,255,-76.1,48.5
1581,BS001,260,-76.1,49
1582,BS001,265,-76.2,48.9
1583,BS001,270,-76.2,49.2
1584,BS001,275,-76.1,49.6
1585,BS001,280,-76,49.5
1586,BS001,285,-76.1,49.5
1587,BS001,290,-76.2,49.7
1588,BS001,295,-76.2,49.9
1589,BS001,300,-76.2,50.1
1590,BS001,305,-76.2,49.9
1591,BS001,310,-76.3,49.8
1592,BS001,315,-76.2,50.2
1593,BS001,320,-76.3,50.3
1594,BS001,325,-76.3,50.6
1595,BS001,330,-76.3,50.8
1596,BS001,335,-76.3,50.9
1597,BS001,340,-76.3,50.9
1598,BS001,345,-76.3,51.4
1599,BS001,350,-76.3,51.7
1600,BS001,355,-76.2,51.5
1601,BS001,360,-76.2,51.6
1602,BS001,365,-76.2,52
1603,BS001,370,-76.2,51.9
1604,BS001,375,-76.2,52.4
1605,BS001,380,-76.2,52
1606,BS001,385,-76.4,52.5
1607,BS001,390,-76.2,52.6
1608,BS001,395,-76.2,52.6
1609,BS001,400,-76.2,53.2
1610,BS001,405,-76.3,53.5
1611,BS001,410,-76.1,53.4
1612,BS001,415,-76.2,53.9
1613,BS001,420,-76.2,54.2
1614,BS001,425,-76.2,54
1615,BS001,430,-76.2,54.6
1616,BS001,435,-76.2,54.8
1617,BS001,440,-76.2,54.3
1618,BS001,445,-76.2,54.9
1619,BS001,450,-76.1,54.8
1620,BS001,455,-76.1,55.3
1621,BS001,460,-76.1,55.5
1622,BS001,465,-76.1,56.4
1623,BS001,470,-76.1,56.4
1624,BS001,475,-76,56.9
1625,BS001,480,-76,56.9
1626,BS001,485,-76,57.2
1627,BS001,490,-76.1,57.4
1628,BS001,495,-76.1,57.2
1629,BS001,500,-76.1,57.7
1630,BS001,505,-76.1,57.6
1631,BS001,510,-76.1,57.8
1632,BS001,515,-76.1,58
1633,BS001,520,-76.2,58
1634,BS001,522.4,-76.1,58.5
1635,OVD049,0,-69.25,59.29
1636,OVD049,5,-68.99,59.58
1637,OVD049,10,-69.1,59.71
1638,OVD049,15,-69.1,59.77
1639,OVD049,20,-69.09,59.77
1640,OVD049,25,-69.1,59.66
1641,OVD049,30,-69.08,59.98
1642,OVD049,35,-68.97,60.1
1643,OVD049,40,-68.94,59.81
1644,OVD049,45,-68.85,60.3
1645,OVD049,50,-68.77,60.23
1646,OVD049,55,-68.8,60.22
1647,OVD049,60,-68.77,60.36
1648,OVD049,65,-68.78,60.36
1649,OVD049,70,-68.7,60.61
1650,OVD049,75,-68.63,60.59
1651,OVD049,80,-68.6,61.06
1652,OVD049,85,-68.61,61.05
1653,OVD049,90,-68.64,60.69
1654,OVD049,95,-68.55,60.68
1655,OVD049,100,-68.52,61.01
1656,OVD049,105,-68.48,61.07
1657,OVD049,110,-68.45,61.24
1658,OVD049,115,-68.4,61.49
1659,OVD049,120,-68.43,61.64
1660,OVD049,125,-68.4,61.72
1661,OVD049,130,-68.42,62.03
1662,OVD049,135,-68.4,62.16
1663,OVD049,140,-68.36,61.99
1664,OVD049,145,-68.36,62
1665,OVD049,150,-68.35,62.22
1666,OVD049,155,-68.32,62.15
1667,OVD049,160,-68.3,62.15
1668,OVD049,165,-68.23,62.32
1669,OVD049,170,-68.19,62.61
1670,OVD049,175,-68.12,62.68
1671,OVD049,180,-68.07,63.08
1672,OVD049,185,-68.03,62.98
1673,OVD049,190,-68,63.2
1674,OVD049,195,-67.95,63.54
1675,OVD049,200,-67.91,63.66
1676,OVD049,205,-67.96,63.6
1677,OVD049,210,-67.95,63.73
1678,OVD049,212.18,-67.94,63.79
1679,OVD050,0,-59.93,210.5
1680,OVD050,5,-60.07,210.29
1681,OVD050,10,-60.13,210.19
1682,OVD050,15,-60.26,211.23
1683,OVD050,20,-60.54,211.91
1684,OVD050,25,-60.42,211.68
1685,OVD050,30,-60.4,211.63
1686,OVD050,35,-60.44,211.58
1687,OVD050,40,-60.46,211.63
1688,OVD050,45,-60.37,211.66
1689,OVD050,50,-60.31,211.52
1690,OVD050,55,-60.24,210.98
1691,OVD050,60,-60.12,210.8
1692,OVD050,65,-60.08,210.7
1693,OVD050,70,-60.07,210.59
1694,OVD050,75,-60,210.57
1695,OVD050,80,-59.95,209.66
1696,OVD050,85,-59.91,209.33
1697,OVD050,90,-59.89,209.34
1698,OVD050,95,-59.84,209.08
1699,OVD050,100,-59.74,209.23
1700,OVD050,105,-59.68,209.3
1701,OVD050,110,-59.63,209.39
1702,OVD050,115,-59.58,209.54
1703,OVD050,120,-59.57,209.37
1704,OVD050,125,-59.62,209.44
1705,OVD050,130,-59.61,209.62
1706,OVD050,135,-59.53,209.51
1707,OVD050,140,-59.58,209.61
1708,OVD050,145,-59.66,209.8
1709,OVD050,150,-59.64,209.89
1710,OVD050,155,-59.54,209.92
1711,OVD050,160,-59.46,210.18
1712,OVD050,165,-59.37,210.5
1713,OVD050,170,-59.26,210.69
1714,OVD050,175,-59.26,210.85
1715,OVD050,180,-59.17,211.07
1716,OVD050,185,-59.12,211.17
1717,OVD050,190,-59.08,211.11
1718,OVD050,191.95,-59.11,211.12
1719,OVD051,0,-62.81,332.42
1720,OVD051,5,-63.03,332.14
1721,OVD051,10,-63.18,332.03
1722,OVD051,15,-63.2,332.17
1723,OVD051,20,-63.16,331.8
1724,OVD051,25,-63.2,331.64
1725,OVD051,30,-63.19,331.67
1726,OVD051,35,-63.09,331.55
1727,OVD051,40,-62.95,331.64
1728,OVD051,45,-62.84,331.82
1729,OVD051,50,-62.76,332.01
1730,OVD051,55,-62.68,332.15
1731,OVD051,60,-62.72,332.27
1732,OVD051,65,-62.54,332.44
1733,OVD051,70,-62.53,332.5
1734,OVD051,75,-62.48,332.79
1735,OVD051,80,-62.54,332.6
1736,OVD051,85,-62.56,332.76
1737,OVD051,90,-62.54,333.07
1738,OVD051,95,-62.42,333.17
1739,OVD051,100,-62.33,333.71
1740,OVD051,105,-62.37,333.66
1741,OVD051,110,-62.34,333.81
1742,OVD051,115,-62.38,334.03
1743,OVD051,120,-62.29,334.02
1744,OVD051,125,-62.28,334.15
1745,OVD051,128.05,-62.34,334.31
1746,OVD052,0,-62.95,139.44
1747,OVD052,5,-62.87,139.62
1748,OVD052,10,-62.82,138.86
1749,OVD052,15,-62.76,138.74
1750,OVD052,20,-62.78,138.9
1751,OVD052,25,-62.82,138.87
1752,OVD052,30,-62.82,139.19
1753,OVD052,35,-62.81,139.28
1754,OVD052,40,-62.83,139.6
1755,OVD052,45,-62.87,139.5
1756,OVD052,50,-62.92,139.72
1757,OVD052,55,-62.92,139.74
1758,OVD052,60,-62.89,139.94
1759,OVD052,65,-62.9,139.91
1760,OVD052,70,-62.89,140.15
1761,OVD052,75,-62.89,140.42
1762,OVD052,80,-62.86,140.47
1763,OVD052,85,-62.86,140.65
1764,OVD052,90,-62.91,140.9
1765,OVD052,95,-62.65,141.14
1766,OVD052,100,-62.74,141.11
1767,OVD052,105,-62.86,141.37
1768,OVD052,110,-62.82,141.05
1769,OVD052,115,-62.9,141.19
1770,OVD052,120,-62.88,142.3
1771,OVD052,125,-62.92,142.29
1772,OVD052,130,-62.94,142.28
1773,OVD052,135,-62.95,142.39
1774,OVD052,140,-62.97,142.45
1775,OVD052,145,-63,142.42
1776,OVD052,150,-63.11,142.78
1777,OVD052,155,-62.93,142.9
1778,OVD052,160,-62.78,142.93
1779,OVD052,165,-62.72,143.09
1780,OVD052,170,-62.71,142.99
1781,OVD052,175,-62.62,143.04
1782,OVD052,180,-62.63,143.05
1783,OVD052,185,-62.54,143.4
1784,OVD052,190,-62.51,143.45
1785,OVD052,191.01,-62.5,143.38
