#,Sample Number ,ioGAS number,Arrived chips,Drillhole,From,To,Sample interval,Field Lithology description,Petrographer,Sample type,Sample type,Sample type,Sample type,Sample type,Sample type,Petrography description,Petrography description,Petrography description,Petrography description,Petrography description,Petrography description,Petrography description,Petrography description,,,Al2O3 %,BaO %,CaO %,Cr2O3 %,Fe2O3 %,K2O %,MgO %,MnO %,Na2O %,P2O5 %,SO3 %,SiO2 %,SrO %,TiO2 %,PbO %,CuO %,V2O5 %,ZnO %,Total %,Ni PPM,Cu PPM,Au PPM,Pt PPM,Pd PPM,Ag PPM,Al %,As PPM,Ba PPM,Be PPM,Bi PPM,Ca %,Cd PPM,Co PPM,Cr PPM,Fe %,Ga PPM,K %,Li PPM,Mg %,Mn PPM,Mo PPM,Na %,P %,Pb PPM,S %,Sb PPM,Sr PPM,Th PPM,Ti %,Tl PPM,U PPM,V PPM,W PPM,Zn PPM,Zr PPM,Se PPM,Rb PPM,Nb PPM,In PPM,Sn PPM,Te PPM,Cs PPM,Hf PPM,Ge PPM,Ta PPM,Y PPM,Sc PPM,La PPM,Ce PPM,Pr PPM,Nd PPM,Sm PPM,Eu PPM,Gd PPM,Tb PPM,Dy PPM,Ho PPM,Er PPM,Tm PPM,Yb PPM,Lu PPM
#,Sample Number ,ioGAS number,Arrived chips,Drillhole,From,To,Sample interval,Field Lithology description,Petrographer,Polished thin section,ASD,Fluid inclusion,Sulphur analysis,EDS,EPMA,Micro - description,Texture,Rock forming minerals,Alteration,Ore minerals and paragenesis,Brief petrographic description,,,Microscope - Rock name,Sc vs Al plot,,,,,,,,,,,,,,,,,,,,,,,,,,,,,,,,,,,,,,,,,,,,,,,,,,,,,,,,,,,,,,,,,,,,,,,,,,,,,,,,,
1,40579,20,,OVD-004,36m,,,gabbro,Mireslab,x,,,,,,Amphibole micro-gabbro,"Hollocrystalline, Ophitic","Pl, Amph","Ser, Chl",,,,,Amph Gabbro,Gabbroic Rocks,,,,,,,,,,,,,,,,,,,,567,224,0.002,0.01,0.004,0.22,12.53,13,289,1,0.09,0.61,0.34,40.2,138,8.27,22.2,1.78,94,2.66,888,3.36,1.49,0.077,8.2,0.49,0.39,468,1.1,0.5,0.21,1.63,191,0.6,107,73.2,4,21.3,3.2,0.09,1,0.09,2,2.26,,0.22,13.3,30.2,5.3,13.4,,,,,,0.46,,,,,1.8,0.26
2,40605,21,,OVD-004,91m,,,oxidazed gabbro,Mireslab,x,,,,,,Amphibole-orthoperoxene micro-gabbro,"hollocrystalline, ophitic","Pl, Amph, ",,,,,,Amph-Opx Gabbro,Gabbroic Rocks,,,,,,,,,,,,,,,,,,,,40.7,25.4,0.01,0.01,0.001,0.43,8.85,,572,1.4,,4.67,0.09,22.7,64,6.05,20.1,1.19,26,2.45,986,0.54,3.13,0.2711,7.8,0.26,0.08,1220,5.1,0.84,0.06,1.4,175,0.3,95,166,,13.1,8.5,0.06,1.2,,,5.39,,0.48,25.5,16.4,45.1,103,,,,,,0.97,,,,,2.1,0.32
3,40574,19,,OVD-004,28m,,,spotted???,Mireslab,x,,,,eds,,Oxidized Amphibole gabbro,"Hollocrystalline, Ophitic","Pl, Amph","Ser, Chl","Hem, Geothite, ",,,,Amph Gabbro,Mafic (Pyroxenite),10.62,0.04,5.54,0.07,14.27,0.21,8.71,0.13,1.74,0.21,2.52,47.86,,0.86,,0.17,0.03,,93.84000000000002,1607,1704,0.048,0.03,0.041,1.19,6.65,,132,,0.5,4.04,1.1,107,485,10.69,12,0.3,25,6.1,935,,,0.08,14,1.23,0.2,411,0.9,0.5,,0.46,124,,77,91.3,,1.9,4,,,0.9,0.9,2,2,,15.7,22,9.2,21.7,2.8,12.9,3.2,1.06,3.42,0.51,3.1,0.61,1.59,0.24,1.6,0.22
4,40635,24,,OVD-005,53m,,,spotted,Mireslab,x,,,,,,Amphibole micro-gabbro,"Hollocrystalline, Ophitic","Pl, Amph","ser, carb",,,,,Amph Gabbro,Ultramafic (Harzburgite/Dunite),6.73,0.14,3.63,0.15,16.32,0.36,23.59,0.2,0.72,0.11,4.23,39.35,,0.53,,0.16,,,96.75,2468,2682,0.028,0.02,0.027,1.96,3.69,,115,,0.8,2.74,0.5,173,961,10.83,8,0.78,24,13.82,1259,2,,0.05,234,2.55,0.2,271,0.7,0.3,,0.2,65,,97,51.1,,5.3,2,,1,0.57,1.1,1,1,,9.2,13,4.6,16.1,2.15,9.9,2.1,0.69,2.65,0.35,2.06,0.41,1.17,0.14,1.1,0.18
5,40645,25,,OVD-005,71m,,,gabbro,Mireslab,x,,,,eds,,Amphibole gabbro,"Hollocrystalline, Ophitic","Pl, Amph","ser, calc, chl","Po,Py,Cpy, Pn",,,,Amph Gabbro,Mafic (Pyroxenite),9,0.06,4.96,0.13,12.66,0.49,19.19,0.19,0.88,0.2,1.8,42.36,,0.73,,0.05,,,93.43,1330,2302,0.009,0.01,0.016,0.55,5.25,9,139,,0.3,3.97,,118,933,9.8,11,0.49,43,12,1352,17,,0.07,25,0.9,1.1,381,0.7,0.45,,0.24,98,1,201,79,,8.2,3,,,0.18,2,2,1,,12.4,16,5.7,19.5,2.7,12.1,3,0.92,3.41,0.47,2.91,0.62,1.58,0.22,1.5,0.22
6,40715,30,,OVD-007,98.2,,,gabbro,Mireslab,x,,,,,,Shale (weak schistosity),"Pelitic, schistous",,,Py,,,,Schistous shale,,,,,,,,,,,,,,,,,,,,,37.1,79.6,0.002,0.01,0.001,,8.25,6,85,0.7,,5.78,0.07,21.2,49,6.48,17.7,0.48,80,2.37,2335,0.62,3,0.0984,4.3,0.32,0.14,386,1,0.64,0.05,0.7,192,0.4,95,91.3,,8.6,2.3,0.07,0.9,,,3.04,,0.44,28.5,22.3,9.6,23.7,,,,,,0.8,,,,,2.9,0.44
7,40628,23,,OVD-005,40.5m,,,gabbro,Mireslab,x,,,,,,Amphibole gabbro,"Hollocrystalline, ophitic","Pl, Amph","Ser, calc","Cpy, Py, Ni-Pyrite, Pn, Ag-Te mineral, Ni-bearing anglesite?",,,,Amph Gabbro,Ultramafic (Harzburgite/Dunite),5.94,0.07,3.03,0.17,16.41,0.32,24.62,0.19,0.59,0.18,4.33,38.32,,0.46,,0.09,0.01,,95.19,3195,2952,0.024,0.02,0.029,1.98,3.56,,172,,0.8,2.42,0.7,195,1372,12.34,8,0.84,15,14.98,1378,,,0.06,22,2.55,,234,0.5,0.32,,0.12,79,,103,38,,5.2,2,,,0.51,1.1,1,1,,7.8,13,4.1,15.2,2.06,9.4,2.1,0.71,2.05,0.33,1.97,0.4,1.2,0.14,1,0.15
8,40530,18,,OVD-003,157.5m,,,schist,Mireslab,x,,,,eds,,Amphibole micro-gabbro,Hollocrystalline,"Pl, Amph",ser,,,,,Amph Gabbro,Mafic (Pyroxenite),11.38,0.12,5.13,0.09,14.31,0.32,13.59,0.17,1.62,0.25,4.16,41.86,,0.92,,0.15,,,94.99000000000001,2793,3680,0.037,0.04,0.048,2.48,6.49,,154,,1,3.83,1,152,653,11.34,14,0.17,25,8.81,1264,,,0.1,14,2.87,,390,1.1,0.58,,0.46,138,,100,90.3,,3.9,5,,2,0.83,0.4,3,2,,19.9,22,11.9,28.3,3.73,16.5,4.2,1.23,4.32,0.6,3.34,0.78,2.21,0.3,1.9,0.3
9,40899,4,,OVD-001,15.5m,,,gabbro,Oyunjargal,x,,,,,,Pelitic rock (weak schistosity),Schistous,,,,,,,Phyllite,,15.71,0.26,2.28,0.04,18.26,0.32,5.13,0.15,1.6,0.15,0.1,44.74,,0.76,,0.79,0.03,,91.08000000000003,6397,7756.999999999999,0.064,0.02,0.018,1.46,7.97,13,193,,0.3,1.5,0.3,278,235,10.59,17,,44,3.07,1063,,,0.04,19,0.03,0.2,829,1.6,0.4,,2.59,199,,147,43.2,,2.6,2,,1,0.34,1.3,2,3,,11.4,34,9.6,22.4,3.06,14.4,3.3,1.1,3.08,0.47,2.6,0.48,1.32,0.23,1.5,0.24
10,40900,6,,OVD-001,56.8m,,,spotted/Schist ,Mireslab,x,,,,,,Altered fine-meduim grained biotite-amphibole gabbro,Hypidiomorph,"Alt Pl-45-50%, Amph-30%, Bt-10-15%, Px-5% Ol-few",Serp-Act-Soss-Bt-Chl-Ser-Carb,Py-Cu-Geoth-Lim,The rock is strongly altered. Hb is strongly replaced by Bt. Px and Ol are partially replaced by Amph,,,Bt-Amph Gabbro,Mafic (Pyroxenite),9.27,0.07,9.53,0.13,11.06,0.37,15.31,0.18,0.83,0.18,0.3,38.12,,0.76,,0.08,0.02,,86.97,983,861,0.017,0.02,0.018,0.45,5.05,,129,,0.1,7.03,0.3,96,811,6.51,10,,70,9.75,1264,,,0.08,9,0.12,0.1,353,0.6,0.46,,0.77,103,,60,22.6,,3.6,3,,,0.19,1.3,2,1,,13.4,17,9.4,21.4,2.86,12.5,2.8,0.94,2.72,0.41,2.64,0.48,1.3,0.2,1.3,0.18
11,40901,9,,OVD-002,20.4m,,,gabbro,Oyunjargal,x,,,,,,Oxidized Amphibole gabbro,Hollocrystalline,"Pl, Amph","Ser,Chl,Epi,Calc",,,,,Amph Gabbro,Ultramafic (Harzburgite/Dunite),7.43,,3.6,0.18,18.38,0.14,16.41,0.15,0.51,0.15,0.23,39.77,,0.69,,1.03,0.01,0.02,89.36999999999999,3378,5019,0.038,0.03,0.041,2.86,4.27,,64,,1.3,2.37,0.8,178,1076,12.52,9,0.24,25,10.23,991,,,0.04,28,0.1,0.2,258,0.8,0.39,,1.7,97,,106,64,,1.8,3,,2,0.9,0.8,2,1,,12.6,15,8.1,19,2.67,11.9,2.7,0.88,2.71,0.46,2.58,0.52,1.41,0.21,1.2,0.19
12,40902,14,,OVD-002,87.4m,,,oxidazed gabbro,Mireslab,x,,,,,,Pelitic rock ,massive,,,,,,,Phyllite,,,,,,,,,,,,,,,,,,,,,13.1,66,0.002,0.01,0.002,0.17,8.31,5,85,0.6,0.05,5.59,0.07,17.9,24,6.86,17.4,0.63,81,1.95,2596,0.46,2.72,0.0817,5.7,0.29,0.13,348,1,0.64,0.06,0.65,187,0.4,102,98,,13.5,2,0.08,0.9,,,3.11,,0.14,28.7,25.3,8.8,21.1,,,,,,0.83,,,,,2.9,0.42
13,40903,1,,OVD-001,7.15m,,,schist,Mireslab,x,,,,,,Gossan (Iron oxide-calcite-quartz. The original lithofacies are not identification.),,,,,,,,Gossan,,,,,,,,,,,,,,,,,,,,,316,5986,0.131,0.12,0.11,8.34,0.24,,11,,0.3,3.81,0.8,43.6,80,10,,,0,0.09,124,3,,,,0.21,,129,,,,4.36,7,1,,5.1,,,,,,2.78,,,,,1.1,,,,,0.6,,,0.17,,0.13,,0.09,,0.1,
14,40904,11,,OVD-002,44.2m,,,gossan,Mireslab,x,,,,eds,,,"Hollocrystalline, Ophitic","Pl, Amph","Ser,Chl","Py,Cpy",,,,,Mafic (Pyroxenite),13.75,,4.7,0.06,13.98,0.52,10.18,0.17,2.35,0.26,4.17,44,,1.09,,0.33,0.03,0.02,96.68,2455,2769,0.026,0.03,0.03,1.81,7.4,24,182,,0.6,3.1,0.9,149,392,9.61,17,0.27,24,6.11,1253,,,0.09,17,2.46,0.3,400,1.6,0.61,,0.69,149,,113,118,,6.1,5,,2,0.37,0.4,3,2,,21,23,13.8,31,4.24,18.5,4,1.3,4.75,0.65,4.08,0.81,2.17,0.32,2.2,0.31
15,40905,5,,OVD-001,35.8m,,,gabbro,Mireslab,x,,,,,,Strong altered diabase,,,Strong sericite,,,,,Spotted,Gabbroic Rocks,18.11,0.05,1.83,0.02,10.93,1.33,4.39,0.17,2.5,0.17,0.1,51.59,,1.1,,0.05,0.04,,93.48,355,662,0.005,0.01,0.004,0.68,9.96,6,218,,,1.35,0.3,40,137,7.43,21,0.94,68,2.74,1322,,,0.07,9,0.02,0.4,338,1.5,0.67,,1.02,222,,111,94.1,,21.5,5,,2,0.09,0.9,3,2,,26.2,33,10.8,23.1,3.24,15.6,3.8,1.31,4.67,0.74,4.81,0.96,2.85,0.39,2.7,0.47
16,40906,15,,OVD-002,126.4m,,,spotted,Mireslab,x,,,,,,Black schist,Schistous,,"chl,illite,smec",,,,,Schist,,,,,,,,,,,,,,,,,,,,,65.5,90.4,0.002,0.01,0.003,0.13,9,5,231,0.8,0.06,3.55,0.09,26.7,150,6.88,20.1,1.14,86,2.68,1107,0.42,2.5,0.0558,8.2,0.71,0.21,456,1.7,0.49,0.11,0.98,159,0.4,89,91.6,,21.5,3.1,0.06,0.8,,,2.89,,0.21,22.4,30.7,10,23.3,,,,,,0.66,,,,,2.3,0.33
17,40907,7,,OVD-001,62.4m,,,schist,Mireslab,x,,,,,,Strong altered diabase,,"Pl, Mafic minerals",Strong sericite-calcite,,,,,Diabase,Mafic (Pyroxenite),11.23,0.05,8.48,0.1,11.18,0.53,13.86,0.19,1.66,0.24,2.64,41.17,,0.92,,0.08,0.03,,93.28000000000002,881,919,0.021,0.02,0.017,0.76,5.99,,224,,0.2,6.08,0.3,87.4,623,7.31,12,,41,8.53,1362,,,0.09,12,1.41,0.1,444,0.9,0.53,,0.73,135,,79,23.5,,4.1,4,,,0.22,0.8,3,2,,18.6,21,12.3,27.9,3.66,16.2,3.5,1.13,3.93,0.58,3.55,0.69,1.85,0.25,1.9,0.26
18,40908,2,,OVD-001,8.6m,,,schist,Mireslab,x,,,,,,Gossan (Copper-iron-oxide. The original lithofacies is not identified.),,,,,,,,Gossan,,,,,,,,,,,,,,,,,,,,,2060,243400,0.114,0.16,0.17,23.2,1,,26,,2.4,4.27,2.1,234,202,22.4,,,0,0.14,270,5,,,52,2.97,,217,,0.03,,3.87,27,1,36,1.4,,,,0.3,4,2.15,,,1,,2.1,,1.1,3.9,0.41,1.7,0.4,0.15,0.55,0.08,0.47,0.11,0.23,,0.2,
19,40909,12,,OVD-002,51.6m,,,,Mireslab,x,,,,,,Amphibole micro-gabbro,equigranular crystalline,"Pl, Amph",Chl,,,,,Amph Gabbro,Mafic (Pyroxenite),,,,,,,,,,,,,,,,,,,,102,91.79999999999998,0.001,0.01,0.005,,7.99,7,158,0.9,,0.39,0.04,30.4,171,8.25,22.8,1.36,71,3.15,1020,0.27,1.58,0.0322,3.4,0.28,0.11,146,0.5,0.23,0.1,0.6,172,0.3,69,22.9,,11.5,1.6,0.04,0.3,,,1.07,,0.11,6.3,28.8,2.5,6.65,,,,,,0.26,,,,,1.1,0.17
20,40910,10,,OVD-002,37m,,,schist?,Mireslab,x,,,,,,Amphibole gabbro,"Hollocrystalline, Ophitic","Pl, Amph",,,,,,Amph Gabbro,Mafic (Pyroxenite),10.6,,4.28,0.1,15.52,0.37,15.09,0.17,1.3,0.26,4.51,42.08,,0.89,,0.49,0.02,0.02,96.57,3441,4213,0.052,0.06,0.063,3.11,5.74,,147,,1.4,2.83,1.5,175,658,10.97,13,0.17,22,9.46,1208,,,0.09,17,2.75,0.2,290,1.7,0.51,,0.49,126,,97,95.3,,4,3,,2,1.02,0.2,2,2,,17.4,18,12.9,29.1,3.93,17.2,3.7,1.2,3.79,0.57,3.36,0.65,1.78,0.25,1.8,0.23
21,40911,13,,OVD-002,75.5m,,,gabbro,Mireslab,x,,,,,,Strong altered diabase,,,,,,,,Diabase,Mafic (Pyroxenite),,,,,,,,,,,,,,,,,,,,68.3,98.6,0.003,0.01,0.004,0.22,7.83,6,224,1,0.07,0.92,0.09,28.3,106,7.3,21.5,1.57,76,2.44,1040,0.7,2.19,0.0591,7.6,0.99,0.27,427,1.2,0.39,0.14,0.96,188,0.3,108,86.1,,26.1,2.6,0.09,0.9,,1,2.86,,0.17,15.8,27.4,8,18.7,,,,,,0.52,,,,,2,0.3
22,40912,16,,OVD-002,137.6m,,,spotted,Mireslab,x,,,,,,Black Schist (weak schistosity),,,,,,,,Schist,,,,,,,,,,,,,,,,,,,,,37.4,66.2,0.001,0.01,0.003,0.15,8.86,4,164,0.6,0.04,2.53,0.09,21.7,82,6.89,19.3,0.84,89,2,1112,0.31,4.14,0.0375,4.6,0.71,0.22,336,0.7,0.55,0.08,0.36,166,0.3,96,66.7,,7.5,2.2,0.06,0.9,,,2.35,,0.15,16.1,24.3,3.9,9.99,,,,,,0.51,,,,,1.9,0.25
23,40913,8,,OVD-001,68m,,,schist?,Mireslab,x,,,,,,"Ore mineralized, altered fine-medium grained biotite subalkaline diorite",Hypidiomorph,?,?,Py-Cpy-Pn-Cubanite-Mag,The sample could be changed. Need to be checked,,,Alkalic Bt Diorite,Mafic (Pyroxenite),10.98,0.15,1.4,0.03,30.37,0.51,4.54,0.17,1.6,0.12,9.89,32.27,,0.59,,0.67,0.02,,93.9,1.19,8698,0.122,0.2,0.216,4.17,5.52,9,105,,1.8,0.84,1.8,542,195,19.33,11,,42,2.94,1084,,,0.03,42,14.66,0.5,220,0.8,0.33,,0.55,113,,97,13.1,,5.4,3,0.2,2,2.1,0.9,2,2,,13.6,18,7.5,16.2,2.06,9.5,2.3,0.7,2.59,0.41,2.71,0.52,1.4,0.21,1.5,0.24
24,40914,3,,OVD-001,9.4m,,,gabbro,Oyunjargal,x,,,,eds,,Gossan (Iron-copper oxide. Altered Gabbro?),,,,,,,,Gossan,,,,,,,,,,,,,,,,,,,,,2060,243400,0.114,0.16,0.17,23.2,1,,26,,2.4,4.27,2.1,234,202,22.4,,,0,0.14,270,5,,,52,2.97,,217,,0.03,,3.87,27,1,36,1.4,,,,0.3,4,2.15,,,1,,2.1,,1.1,3.9,0.41,1.7,0.4,0.15,0.55,0.08,0.47,0.11,0.23,,0.2,
25,40915,40,,OVD-009,72m,,,gossan,Mireslab,x,,,,eds,,Altered Amphibole-Orthopyroxene micro-gabbro,,,,,,,,Amph-Opx Gabbro,Mafic (Pyroxenite),,,,,,,,,,,,,,,,,,,,203,44.2,0.001,0.01,0.001,,7.26,3,174,0.6,,5.77,0.07,51.1,417,7.25,15.4,0.45,20,7.15,1269,0.63,2.38,0.1167,1.6,0.09,,673,1.2,0.63,0.02,0.53,167,,78,84.6,,6.4,3.7,0.05,0.6,,,0.58,,0.22,20.7,29.1,13.9,34.2,,,,,,0.66,,,,,2.1,0.3
26,40763,35,,OVD-008,84.5m,,,gabbro,Mireslab,x,,,,,,Intensively altered fine-meduim grained olivine-amphibole gabbro (melanocratic gabbro),"Hypidiomorph, poikiloophitic","Pl-20-30%, Amph-40-45%, Ol-10-15%, Bt-5%",Serp-Talc-Soss-Act-Chl-Ser-Carb,Po-Cpy-Pn-Mag,,,,Ol-Gabbro or Hb-Perdidotite,Ultramafic (Harzburgite/Dunite),7.91,0.02,4.13,0.16,19.64,0.39,17.74,0.18,1.02,0.17,5.43,39.66,,0.63,,0.15,0.01,,97.86999999999999,3576,5492,0.053,0.04,0.01,3.24,4.7,,120,,1.7,3.05,1.7,250,901,13.32,9,0.31,20,10.37,1166,,,0.07,38,3.88,,308,1.4,0.38,,0.38,100,,101,69.9,,5.3,2,,2,0.93,0.6,1,1,,14.5,13,9.2,22.1,3.12,12.7,3.5,0.87,2.67,0.46,2.51,0.51,1.69,0.21,1.4,0.2
27,41011,26,,OVD-007,50m,,,Gabbro,Khanlab,x,,,,,,"Mineralized, fine- medium grained hornblende pyroxene melanocratic gabbro (Peridotite?) ","Panidiomorphic, poikiloophitic, poikilitic","Alt Opx+Cpx-55-60%, Hb-15-20%, Alt Pl<10%, Alt Ol-5-10%, Bt-3-5%",Serp-Talc-Act-Chl-Ser-Carb,Mag-illm-Chromite-Pn-Po-Cpy,Opx and Ol are altered to serpentine and talc by the rim. Hb strongly replaced by actinolite and sometimes includes Cpx relic aggregates.,,,Hb-Px Gabbro or Peridotite,Ultramafic (Harzburgite/Dunite),5.83,,3.65,0.17,15.27,0.39,22.76,0.22,0.49,0.13,2.98,39.95,,0.5,,0.06,,,92.9,2108,1739,0.021,0.02,0.021,1.35,3.74,,112,,0.5,2.76,0.5,157,1298,11.83,10,0.9,18,14.95,1383,,,0.05,13,1.52,0.3,288,0.5,0.31,,0.42,89,,109,39.6,,7.4,2,,,0.32,1,1,3,,10.6,11,6.4,15.5,2.12,8.8,2,0.61,2.15,0.33,1.97,0.36,1,0.13,1,0.16
28,41012,17,,OVD-003,155.3m,,,Gabbro,Khanlab,x,,,,,,Porphyritic fine grained pyroxene-hornblende gabbro (Altered gabbro porphyry) ,"Nevadite porphyritic, sub-ophitic, poikiloophitic","Alt Pl-45-50%, Hb-35-40%, Cpx-5-10%, Bt-1-3%",Serp-Talc-Act-Chl-Ser-Carb,Mag-illm-Py-Cpy,"similar description as OVD008-88.9, plus serpitinization observed in the sample",,,Px-Hb Gabbro,Mafic (Pyroxenite),12.2,0.05,5.87,0.09,11.59,0.33,14.15,0.18,2.05,0.25,1.73,45.04,,1.02,,0.07,,,95.63999999999999,1257,1098,0.012,0.01,0.013,0.53,6.84,,157,,0.3,4.31,0.5,104,655,9.04,14,0.2,23,8.97,1283,,,0.11,9,0.89,0.2,460,1.4,0.63,,0.49,147,,97,90.6,,3.9,5,,,0.26,0.3,3,2,,22,23,14.4,30.6,4.03,18,4.5,1.4,4.82,0.66,3.9,0.84,2.18,0.34,2,0.31
29,41013,33,,OVD-008,40.1m,,,Gabbro,Khanlab,x,,,,,,Intensive metasomatic altered gabbrodiorite porphyry,"Relict porphyriric, microgranoblast, massive","Alt Pl-30-35%, Hb-30-35%",Ser-Pelite-Act-Epi-Chl-Qtz,illm-Py-Cpy,"Same as above sample. Plus, ore minerals usually associated with Hb phases. ",,,Porphyritic Gabbrodiorite,Mafic (Pyroxenite),12.67,0.03,7.23,0.09,10.47,0.63,12.53,0.17,1.94,0.2,0.14,46.93,,0.76,,,0.01,,94.56000000000002,278,34,0.001,0.01,0.01,,7.21,,229,,,5.66,,62.7,712,7.49,15,0.66,22,7.64,1321,,,0.09,9,0.1,0.1,632,1.2,0.5,,0.36,144,,68,84,,8.6,3,,,0.2,0.5,2,2,,16.9,27,11.9,29.7,3.76,16.8,3.7,1.23,4.11,0.57,3.41,0.67,1.92,0.25,1.8,0.26
30,41014,50,,OVD-009,195.2m,,,Gabbro,Khanlab,x,,,,,,"Mineralized, altered porphyritic fine -medium grained hornblende pyroxene melanocratic gabbronorite (Peridotite?)  ","Porphyritic, sub-ophitic, poikiloophitic","Alt Px-50-55%, Alt Ol-15-20%, Hb-10-15%, Bt-8-10%",Serp-Talc-Act-Chl-Mus-Ser-Carb,Mag-illm-Chromite-Po-Cpy,The rock composition and alteration is similar to Hb-Peridotite which is described in OVD021,,,Hb-Px Gabbronorite,Ultramafic (Harzburgite/Dunite),7.65,0.02,5.3,0.15,13.74,0.35,20.36,0.21,0.44,0.2,3.65,40.31,,0.67,,0.17,0.02,,93.91,1857,1509,0.03,0.02,0.03,0.8,4.38,13,69,,0.3,3.73,0.5,136,950,10.14,10,,41,12.53,1506,,,0.08,6,1.56,,328,0.6,0.39,,0.37,93,,95,67.7,,8.4,3,,,0.31,1.7,2,2,,13.5,14,8.9,20.7,2.7,12.3,2.6,0.89,2.95,0.4,2.8,0.56,1.27,0.24,1.4,0.21
31,41015,44,,OVD-009,149.5m,,,Gabbro,Khanlab,x,,,,,,Altered gabbrodiorite porphyry,"Porphyritic, sub-ophitic, poikiloophitic","Alt Pl-75-80%, Hb-15-20%",Act-Chl-Epi-Ser-Carb,illm-Tnt-Py-Cpy,,,,Pophyritic Gabbrodiorite,Mafic (Pyroxenite),13.44,0.03,5.56,0.1,12.25,0.63,12.78,0.18,2.54,0.19,2.81,43.98,,0.75,,0.2,0.02,,96.21,1432,1419,0.013,0.01,0.017,0.77,6.56,8,162,,0.2,3.63,0.6,116,601,8.22,14,0.32,27,7.03,1117,,,0.08,12,1.32,,375,0.8,0.43,,0.44,129,,78,81.3,,9,3,,1,0.3,0.5,2,1,,16.1,18,10.8,25.4,3.35,15.1,3,1.09,3.66,0.51,3.16,0.64,1.57,0.24,1.8,0.28
32,41016,48,,OVD-009,171.5m,,,Gabbro,Khanlab,x,,,,,,Mineralized and altered fine- medium grained hornblende pyroxene melanocratic gabbronorite (Peridotite?) ,"Panidiomorphic, poikiloophitic, poikilitic","Alt Px-40-45%, Alt Ol-15-20%, Hb-10-15%, Alt Pl-10%, Bt-1-3%",Serp-Talc-Act-Bt-Chl-Ser-Carb,Mag-illm-Chromite-Pn-Po-Cpy,The rock composition and alteration is similar to Hb-Peridotite which is described in OVD021,,,Hb-Peridotite?,Ultramafic (Harzburgite/Dunite),4.23,,2.75,0.15,29.33,0.13,18.87,0.18,0.14,0.06,7.24,28.47,,0.29,,0.19,,0.01,92.32000000000002,1.2,16800,0.233,0.14,0.193,11,2.97,,42,,4.8,2.11,4.5,443,1113,24.74,6,,0,13.15,1427,,,0.05,101,9.69,,197,0.2,0.21,,0.1,59,,153,35,,2.2,1,0.3,4,4.13,0.5,,1,,5.6,10,3.3,8.1,1.04,4.8,1,0.38,1.12,0.17,1.25,0.21,0.55,0.09,0.6,0.09
33,41017,47,,OVD-009,161m,,,Gabbro,Khanlab,x,,,,,,Mineralized altered porphyritic medium-fine grained hornblende pyroxene melanocratic gabbronorite (Peridotite?) ,"Porphyritic, sub-ophitic, poikiloophitic","Serp pseudo aft Ol-Px-55-60%, Hb-15-20%, Alt Pl-10-15%, Bt-5%",Serp-Chl-Act-Bt-Ser-Carb,Mag-illm-Chromite-Pn-Po-Cpy,The rock composition and alteration is similar to Hb-Peridotite which is described in OVD021,,,Hb-Px Gabbronorite or Peridotite,Ultramafic (Harzburgite/Dunite),8.02,0.06,2.86,0.15,17.36,0.24,21.39,0.18,0.12,0.15,4.95,40.02,,0.63,,0.41,0.01,,97.17999999999999,3870,4165,0.044,0.04,0.053,2.51,4.43,,57,,1.1,2.04,1.2,220,1090,12.85,10,,28,13.2,1327,,,0.08,13,3.06,,156,0.5,0.42,,0.28,96,,102,68.7,,4,3,,1,0.98,1.1,2,1,,12.5,15,7.7,18.4,2.42,10.4,2.6,0.81,2.65,0.41,2.64,0.51,1.33,0.17,1.4,0.18
34,41018,41,,OVD-009,80.8m,,,Gabbro,Khanlab,x,,,,,,Porphyritic fine grained pyroxene-hornblende gabbro (Altered gabbro porphyry),"Nevadite porphyritic like, sub-ophitic, poikiloophitic","Alt Pl-55-60%, Hb-35-40%, Cpx-few, Bt-3-5%",Talc-Soss-Act-Chl-Ser-Carb,illm-Chromite-Tnt-Py-Cpy,generally similar rock as OVD009-17.2,,,Porphyritic Px-Hb Gabbro,Mafic (Pyroxenite),,,,,,,,,,,,,,,,,,,,210,36.3,0.001,0.01,0.001,,6.03,,187,0.6,,5.17,0.06,51.8,440,7.07,13.9,0.49,21,7.36,1233,0.66,2.3,0.0963,1.9,0.11,0.06,621,1.4,0.5,0.03,0.45,157,,79,87.3,,6.5,3.5,0.05,0.6,,,0.57,,0.26,19.7,31.7,13.1,30.9,,,,,,0.63,,,,,2,0.3
35,41019,39,,OVD-009,17.2m,,,Gabbro,Khanlab,x,,,,,,Porphyritic fine-grained pyroxene-hornblende gabbro (Altered gabbro porphyry) ,"Nevadite porphyritic, sub-ophitic, poikiloophitic","Alt Pl-55-60%, Hb-35-40%, Qtz-5-8%",Soss-Act-Mus-Ser-Chl-Carb,illm-Mag-Chromite-Tnt-Py-Cpy-Covelline,same rock as above,,,Porphyritic Px-Hb Gabbro,Mafic (Pyroxenite),,,,,,,,,,,,,,,,,,,,177,42.4,0.001,0.01,0.01,,7.62,2,142,0.6,,6.47,0.06,44.8,293,6.82,15.7,0.47,30,6.08,1074,0.73,2.26,0.0974,1.9,,,569,1,0.54,0.04,0.43,167,,69,72.8,,7.8,3,0.05,0.5,,,0.54,,0.21,17.5,29.7,12.1,29.7,,,,,,0.59,,,,,1.8,0.26
36,41020,43,,OVD-009,143m,,,Gabbro,Khanlab,x,,,,,,Mineralized porphyritic fine grained hornblende-olivine-pyroxene melanocratic gabbro,"Sub-ophitic, poikiloophitic","Hb-20-25%, Cpx-15-20%, Alt Ol-15-20%, Bt-5-10%",Serp-Talc-Act-Chl-Bt-Ser-Mus,illm-Mag-Pn-Chromite-Po-Cpy,,,,Ol-Gabbro or Hb-Perdidotite,Ultramafic (Harzburgite/Dunite),7.45,0.11,3.95,0.16,20.9,0.39,18.82,0.18,0.47,0.16,6.2,37.87,,0.54,0.01,0.6,,,98.35000000000001,4923,5553,0.046,0.04,0.048,2.74,4.24,,107,,1.4,2.97,1.3,300,1224,15.6,9,0.23,20,12.1,1345,,,0.07,29,4.81,,309,0.8,0.35,,0.28,94,,108,59.2,,6.7,2,,1,1.01,1.2,2,1,,11.3,14,8.4,19.8,2.57,10.6,2.6,0.8,2.67,0.38,2.3,0.47,1.13,0.17,1.2,0.16
37,41021,42,,OVD-009,126.7m,,,Gabbro,Khanlab,x,,,,,,"Schistose, carbonatized and intense altered gabbrodiorite-porphyry (Metasomatite by gabbrodiorite porphyry) ","Relict porphyritic, microgranoblast","Alt Pl-30-35%, Ser+Chl Pseudo-30-35%, ",Ser-Chl-Carb-Qtz,illm-Py-Tnt,Strong carbonatization occurred,,,Porphyritic Gabbrodiorite,Mafic (Pyroxenite),10.48,0.02,7.54,0.1,9.48,0.13,14.29,0.15,2.14,0.2,0.5,43.51,,0.64,,0.02,0.01,,89.85,500,231.99999999999997,0.001,0.01,0.001,,6.15,21,98,,,5.88,,71.1,738,7.27,12,,41,8.98,1154,,,0.1,10,0.24,,412,1.6,0.43,,0.53,118,,74,83.3,,2.2,3,,,,0.2,2,1,,16.3,19,13,28.6,3.6,16,3.4,1.13,3.37,0.52,3.03,0.61,1.47,0.28,1.7,0.23
38,41022,38,,OVD-009,11.3m,,,Gabbro,Khanlab,x,,,,,,Altered gabbrodiorite porphyry,"Porphyritic, sub-ophitic, poikiloophitic","Alt Pl-60-65%, Alt Hb-20-25%, Alt Bt-10-15%, Qtz-5-7%",Serp-Chl-Act-Ser-Leuc-Carb-Qtz,illm-Chromite-Py-Goethite-Hydrogoethite,"Hb are strongly altered to chlorite actinolite, sometimes completely replaced by serpentine and chlorite. ",,,Porphyritic Gabbrodiorite,Mafic (Pyroxenite),,,,,,,,,,,,,,,,,,,,140,30.1,0.001,0.01,0.44,0.19,7.26,6,278,0.7,,5.4,0.03,34.2,283,5.65,15.2,0.43,67,4.32,790,0.9,2.23,0.1036,3.2,,0.1,312,1.4,0.35,0.05,0.57,116,0.1,64,59,,9,2.4,0.04,0.4,,,0.5,,0.18,13.7,20.6,16.3,37.6,,,,,,0.49,,,,,1.3,0.18
39,41023,46,,OVD-009,151.6m,,,Gabbro,Khanlab,x,,,,,,Porphyritic fine grained pyroxene hornblende  gabbro (Altered gabbro porphyry),"Porphyritic, sub-ophitic, poikiloophitic","Alt Pl-55-60%, Hb-25-30%, Cpx-5-10%",Act-Chl-Epi-Mus-Ser-Carb-Qtz,illm-Tnt-Py-Cpy,,,,Porphyritic Px-Hb Gabbro,Mafic (Pyroxenite),13.7,0.05,6.32,0.06,12.53,0.67,9.7,0.16,2.66,0.19,4.17,45.14,,0.67,,0.3,0.01,,97,2254,2675,0.023,0.03,0.033,1.54,6.76,,148,,0.7,4.14,0.8,157,468,8.45,16,0.33,22,5.21,1072,,,0.08,11,2.31,,399,1,0.4,,0.5,112,,71,87.7,,11.1,3,,1,0.66,0.3,3,1,,16.9,18,13.3,30.3,3.96,17,3.7,1.19,3.74,0.53,3.43,0.68,1.51,0.27,1.9,0.24
40,41024,37,,OVD-008,90.5m,,,Gabbro,Khanlab,x,,,,,,Intense mineralized quartz diorite porphyry (Andesite-dacite),"Porphyritic, hypidiomorphic","Alt Pl-75-80%, Alt Bt-10-15%, Qtz-5-10%",Ser-Pelite-Chl-Mus-Epi-Qtz,Mag-Py-Po-Cpy,"Pl altered by sericite, carbonate, pelite. Intergranular space between Pl filled with Bt-muscovite pseudomorphs after mafic minerals",,,Porphyritic Qtz Diorite,Mafic (Pyroxenite),11.94,0.03,1.81,,29.55,0.67,2.69,0.12,3.67,0.09,7.23,38.28,,0.59,,0.08,0.01,,97.35000000000001,9086,12000,0.053,0.06,0.01,6.25,6.8,9,107,,3.7,1.36,3.7,397,61,20.17,17,0.51,65,1.41,786,3,,,101,10.98,,209,1.5,0.39,,0.97,110,3,116,27.7,,11.9,3,0.5,4,2.11,0.8,3,2,,20.6,14,7.1,17.3,2.57,10.7,3.1,0.77,2.95,0.54,3.68,0.66,2.55,0.35,2.1,0.32
41,41025,28,,OVD-007,58.2m,,,Gabbro,Khanlab,x,,,,,,Altered melanocratic microgabbro ,"Panidiomorphic, poikiloophitic","Cpx-40-45%, Alt Pl-40-45%, Hb-10-15%",Soss-Act-Chl-Epi-Ser,Mag-illm-Py-Po-Cpy,,,,Gabbro,Mafic (Pyroxenite),8.8,0.06,5.28,0.11,11.81,0.33,18.15,0.2,1.2,0.15,1.57,44.24,,0.54,,0.09,0.02,,93.09000000000002,953,381,0.007,0.01,0.012,1.18,5.2,,109,,,3.25,,109,1150,8.98,14,0.76,33,12.46,1292,,,0.08,42,0.83,0.3,314,0.7,0.45,,0.4,114,,94,75.2,,9.4,3,0.2,,0.15,2.4,2,3,,14.5,16,8.7,21.4,2.94,12.2,2.9,0.94,3.19,0.52,2.9,0.57,1.5,0.22,1.5,0.21
42,41026,29,,OVD-007,87.8m,,,Gabbro,Khanlab,x,,,,,,Altered gabbro porphyry ,"Porphyritic, sub-ophitic, poikiloophitic","Alt Pl-55-60%, Hb-35-40%, Bt-5-8%, Cpx-few, Qtz-1-3%",Talc-Act-Chl-Mus-Pelite-Serc-Carb,illm-Mag-Py-Cpy,Pl composition is intermediate to mafic calcic-plagioclase. ,,,Porphyritic Gabbro,Gabbroic Rocks,16.8,0.06,4.5,0.04,10.22,1.12,7.06,0.16,2.32,0.3,1.43,50.09,,1,,0.05,0.02,,96.16999999999999,620,597,0.013,0.01,0.01,0.33,9,9,222,,0.1,3.15,0.3,57.2,301,7.6,17,0.66,44,4.33,1186,,,0.13,16,0.73,0.2,553,1.7,0.66,,0.88,144,,95,136,,16.6,4,,1,0.16,1,3,2,,30.1,22,12.9,34.7,4.97,22,5.4,1.58,5.53,1.01,5.64,1.46,3.35,0.51,2.8,0.43
43,41027,22,,OVD-005,13.4m,,,Gabbro,Khanlab,x,,,,,,Fine and medium grained olivine-hornblende- pyroxene peridotite ,"Panidiomorphic, poikiloophitic","Hb-35-40%, Px-35-40%, Alt Ol-5-10%, Bt-5-7%",Serp-Talc-Iddingsite-Act-Chl-Carb-Geothite-Hydrogoethite,illm-Chromite-Mag,weathered and oxidized rock,,,Ol-Hb-Px Peridotite,Ultramafic (Harzburgite/Dunite),6.72,0.04,8.97,0.14,10.88,0.23,18.19,0.17,0.71,0.13,0.04,37.27,,0.51,,0.04,,,84.55000000000003,809,506,0.008,0.01,0.005,0.26,3.96,,165,,,7.19,,88.5,967,7.27,8,0.94,30,11.06,1154,,,0.05,7,0.01,,305,0.7,0.3,,0.73,81,,77,37.3,,4.7,2,,,0.07,1.5,1,1,,8.9,14,5.7,18.8,2.57,11.2,2.5,0.79,2.53,0.39,2.06,0.48,1.32,0.17,1.2,0.16
44,41028,31,,OVD-008,27.3m,,,Gabbro,Khanlab,x,,,,,,Porphyritic fine grained pyroxene-hornblende gabbro (Altered gabbro porphyry) ,"Nevaditic porphyritic, sub-ophitic groundmass, poikiloophitic","Alt Pl-55-60%, Hb-35-40%, Cpx-few, Bt-few, Qtz-few",Ser-Mus-Soss-Chl-Act-Carb,"Geothite, Hydrogoethite",Small Cpx relicts observed as an inclusion in Hb. Large porphyry like Cpx partially including Pl creating poikiloophitic texture. ,,,Porphyritic Px-Hb Gabbro,Mafic (Pyroxenite),13.55,0.04,6.21,0.06,9.36,0.71,9.83,0.16,2.97,0.24,,47.96,,0.69,,,,,92.47,204,31,0.001,0.01,0.01,0.12,7.61,,261,,,4.82,,46.7,498,6.57,16,0.77,17,5.65,1149,,,0.1,7,0.01,0.2,626,1.7,0.46,,0.31,133,1,66,93.1,,11.1,4,,,0.22,0.4,3,2,,20.6,24,16.4,39.8,4.89,21.3,4.7,1.43,4.76,0.71,4.1,0.82,2.33,0.33,2.3,0.32
45,41029,34,,OVD-008,60.3m,,,Gabbro,Khanlab,x,,,,,,Altered porphyritic fine grained pyroxene-hornblende melanocratic gabbro (Altered melanocratic gabbro porphyry) ,"Nevaditic porphyritic, sub-ophitic groundmass, poikiloophitic","Alt Pl-30-35%, Hb-45-50%, Cpx-15-20%",Ser-Soss-Chl-Act-Talc,Mag-illm-Py-Po-Cpy,"same as above sample. Plus, Cpx are not altered. Bt are completely replaced by Chl. ",,,Porphyritic Px-Hb Gabbro,Mafic (Pyroxenite),9.93,0.02,5.81,0.13,11.8,0.33,17.37,0.19,1.13,0.19,0.24,44.77,,0.65,,,0.02,,93.23,423,44,0.001,0.01,0.01,0.41,5.4,,152,,,4.27,,72.6,874,7.72,11,0.42,31,9.69,1299,,,0.08,8,0.06,0.1,399,1,0.39,,0.42,118,,75,99.7,,5.1,2,,,0.22,0.8,2,1,,12.6,23,9.5,24.6,3.02,14,3,0.96,3.36,0.43,2.84,0.56,1.47,0.2,1.4,0.23
46,41030,36,,OVD-008,88.9m,,,Gabbro,Khanlab,x,,,,,,Porphyritic fine grained pyroxene-hornblende melanocratic gabbro (Altered melanocratic gabbro porphyry) ,"Nevaditic porphyritic, sub-ophitic groundmass, poikiloophitic","Alt Pl-40-45%, Hb-35-40%, Px-15-20%, Bt-1-3%",Ser-Epi-Chl-Act-Talc-Carb,Mag-illm-Py-Cpy,"the rock is strongly mineralized and big sulphide blebs and semimassive, but the rock is Gabbro!. The sample needs to reanalysed",,,Porphyritic Px-Hb Gabbro,Mafic (Pyroxenite),10.32,0.05,5.11,0.1,15.63,0.41,13.2,0.17,1.55,0.27,4.17,43.22,,0.82,,0.05,,,95.88999999999999,2542,2592.9999999999995,0.018,0.02,0.01,1.33,6.18,,167,,0.4,3.78,0.7,175,588,10.27,13,0.34,38,7.63,1066,,,0.11,27,2.57,0.1,497,1.3,0.55,,0.57,123,,83,43.8,,6.1,3,,2,0.33,0.9,2,2,,20.8,17,12.1,29.3,4.21,17.5,4.5,1.13,3.88,0.61,3.86,0.67,2.52,0.33,1.9,0.27
47,41031,27,,OVD-007,55.9m,,,Gabbro,Khanlab,x,,,,,,Porphyritic fine grained pyroxene-hornblende gabbro (Altered gabbro porphyry) ,"Alt Pl-40-45%, Hb-40-45%, Cpx-10-15%, Bt-1-3%","Nevaditic porphyritic, sub-ophitic, poikiloophitic",Talc-Soss-Act-Chl-Epi-Ser-Carb,Mag-illm-Py,it was defined same as OVD008-88.9,,,Porphyritic Px-Hb Gabbro,Mafic (Pyroxenite),13.97,0.05,5.52,0.06,12.34,0.44,13.8,0.23,1.73,0.14,2.51,41.9,,0.46,,0.04,,,93.64999999999998,785,716,0.004,0.01,0.01,1.14,7.45,,343,,0.2,4.03,,88.7,476,9.07,16,0.78,39,8.55,1601,,,0.05,7,1.4,0.2,856,0.6,0.28,,0.39,198,,87,20.2,,7.3,1,,,0.23,0.5,1,4,,12.4,30,6.1,15.5,2.1,10.1,2.4,0.92,2.7,0.41,2.54,0.46,1.18,0.2,1.3,0.19
48,41032,32,,OVD-008,39.5m,,,Gabbro,Khanlab,x,,,,,,Altered porphyritic fine grained pyroxene-hornblende melanocratic gabbro (Altered melanocratic gabbro porphyry) ,"Nevaditic porphyritic, sub-ophitic groundmass, poikiloophitic","Alt Pl-30-35%, Hb-50-55%",Ser-Mus-Soss-Chl-Act-Carb,illm-Py-Po-Cpy,Hb crystals partially replaced by Act and talc. Some Act-Talc pseudomorphs could be formed from Opx. Sometimes those pseudomorphs includes Cpx relic agregates,,,Porphyritic Px-Hb Gabbro?,Mafic (Pyroxenite),12.69,0.03,7.01,0.09,10.45,0.61,12.21,0.17,2.28,0.21,0.17,46.44,,0.77,,,,,93.89999999999999,237,35,0.001,0.01,0.01,0.06,7.01,,228,,,5.36,,57.8,628,6.99,14,0.68,25,6.95,1248,,,0.09,6,0.12,0.2,638,1.3,0.5,,0.48,145,6,66,105,,8.3,3,,,0.52,0.5,2,2,,17.5,27,12.2,30.4,3.76,17.1,3.9,1.26,4.05,0.59,3.38,0.68,2.07,0.29,1.7,0.27
49,41033,45,,OVD-009,149.8m,,,Gabbro,Khanlab,x,,,,,,Altered gabbro porphyry,"Porphyritic, sub-ophitic, poikiloophitic","Alt Pl-50-55%, Hb-20-25%, Cpx-10-15%, Qtz-5%",Act-Chl-Epi-Ser-Carb-Qtz,illm-Tnt-Py-Cpy,,,,Porphyritic Gabbro,Mafic (Pyroxenite),13.44,0.03,5.56,0.1,12.25,0.63,12.78,0.18,2.54,0.19,2.81,43.98,,0.75,,0.2,0.02,,96.21,1432,1419,0.013,0.01,0.017,0.77,6.56,8,162,,0.2,3.63,0.6,116,601,8.22,14,0.32,27,7.03,1117,,,0.08,12,1.32,,375,0.8,0.43,,0.44,129,,78,81.3,,9,3,,1,0.3,0.5,2,1,,16.1,18,10.8,25.4,3.35,15.1,3,1.09,3.66,0.51,3.16,0.64,1.57,0.24,1.8,0.28
50,41034,49,,OVD-009,190.8m,,,Gabbro,Khanlab,x,,,,,,Porphyritic fine grained pyroxene-hornblende gabbro (Altered gabbro porphyry) ,"Porphyritic, sub-ophitic, poikiloophitic","Alt Pl-55-60%, Hb-30-35%, Cpx-5-10%",Ac-Chl-Epi-Ser-Carb-Qtz,illm-Chromite-Tnt-Py-Po-Cpy,,,,Porphyritic Px-Hb Gabbro,Ultramafic (Harzburgite/Dunite),7.09,0.08,3.61,0.13,19.79,0.33,20.06,0.17,0.7,0.15,5.41,37,,0.49,,0.5,0.01,,96.00999999999999,5333,9775,0.146,0.11,0.133,7.45,4.14,15,99,,3.2,2.64,3,254,961,14.72,9,0.15,19,12.75,1301,,,0.07,64,4.06,,319,0.5,0.33,,0.26,81,,114,58.9,,6.3,3,,3,2.69,0.8,2,1,,10,12,7.2,16.5,2.13,9.5,2.2,0.7,2.23,0.32,1.97,0.4,1.19,0.17,1,0.18
1,CRS01A-41.4,51,x,CRS01A,,,CRS01A-41.4,Metasedimentary with intense phyllic alteration ,,X,x,x,,,,Mineralized Amph-Pl gneiss (from diorite),,,,,,,,Amph-Pl Gneiss,,,,,,,,,,,,,,,,,,,,,93,1350,0.23,,,,7.36,1,319,0.1,0.3,0.12,6.01,67.6,338,13.78,12.4,0.09,32,6.62,917,2.7,0.07,0.005,30.2,4.36,0.07,18.7,0.3,0.18,0.32,0.51,218,0.4,1274,16.7,4,3.4,3.6,0.15,,0.43,2,0.7,,0.16,5.2,33,2.1,5.46,,,,,,0.13,,,,,0.8,0.12
2,CRS01A-53.4,52,x,CRS01A,,,CRS01A-53.4,Metasedimentary with intense phyllic alteration ,,X,x,x,,,,Mineralized qtz-actinolite-albite gneiss (after gabbrodiorite),,,,,,,,Qtz-Act-Ab Gneiss,,,,,,,,,,,,,,,,,,,,,83,3940,0.39,,,,6.89,,2583,0.1,0.22,0.1,6.8,65.5,256,13.1,11.8,0.12,24,6.34,827,5.53,0.08,0.005,26.2,2.94,0.36,90.2,0.3,0.17,0.6,0.56,206,0.3,1451,19.2,,3.4,2.6,0.17,0.3,0.24,2,0.58,,0.13,4,29.7,1.6,4.37,,,,,,0.12,,,,,0.5,0.1
3,CRS01A-61.3,53,x,CRS01A,,,CRS01A-61.3,Meta sediment with strong phyllic alteration as a vein like texture. There is Q+Py veinlets with chlorite halo. The phyllic alteration has a sericite halo. Py rich and with magnetitization,,X,x,x,,,,"Mineralized, cordierite-actinolite metasomatite",,,,,,,,Cor-Act Metasomatite,,,,,,,,,,,,,,,,,,,,,59,1470,0.17,,,,5.42,3,623,0.1,0.18,2.52,1.54,50.8,175,11.66,8.7,0.38,18,7.23,1645,8.31,0.08,0.005,23.8,3.85,0.25,67.9,0.2,0.13,0.35,0.99,167,3.6,555,16,3,8.4,2.2,0.17,0.6,1.96,,0.54,,0.12,6.8,22.4,2.5,4.8,,,,,,0.16,,,,,0.7,0.12
4,CRS01A-81,54,x,CRS01A,,,CRS01A-81,Meta sedimentary. Primary magnetite alteration with Pyrrhotite,,X,x,,,,,"Mineralized, spinel-cordierite-actinolite metasomatite (micro-schist)",,,,,,,,Spi-Cor-Act Metasomatite,,,,,,,,,,,,,,,,,,,,,94,1640,0.05,,,,7.25,1,308,0.1,0.19,0.11,0.17,78.2,375,11.93,14,0.11,31,7.39,1124,0.95,0.08,0.005,7.7,3.05,0.18,18.4,0.9,0.19,0.42,0.31,252,0.5,185,21.3,5,12.7,3.3,0.08,0.3,0.25,2,0.73,,0.2,7.2,40.5,1.4,4.32,,,,,,0.16,,,,,1,0.16
5,CRS01A-90.5,55,x,CRS01A,,,CRS01A-90.5,Meta sedimentary. Primary magnetite pyrrhotite alteration replaced by late phyllic alteration,,X,x,,,,,"Mineralized, silicic altered biotite-chlorite serpentinite",,,,,,,,Bt-Chl Serpentinite,,,,,,,,,,,,,,,,,,,,,60,3880,0.27,,,,5.29,2,1183,0.1,0.55,0.06,0.46,69.3,210,11.41,9.1,0.25,27,3.63,560,4.71,0.07,0.005,24.4,4.94,0.07,20.7,0.8,0.12,0.43,0.3,161,0.6,177,18.2,10,13,1.7,0.14,,0.96,2,0.67,,0.12,4.5,27.7,0.9,2.42,,,,,,0.1,,,,,0.7,0.12
6,CRS01A-104.4,56,x,CRS01A,,,CRS01A-104.4,Meta sedimentary. Primary magnetite pyrrhotite alteration replaced by late phyllic alteration,,X,x,x,,,,"Mineralized, quartz vein with carbonate",,,,,,,,Qtz-carb vein,,,,,,,,,,,,,,,,,,,,,60,2880,0.19,,,,3.8,2,9828,,0.33,0.1,0.48,49.1,151,12.6,8.2,0.12,21,2.95,605,14.2,0.05,0.005,29.7,6.53,0.17,169,,0.11,0.46,0.31,135,0.5,123,12,8,4,1.6,0.13,,0.7,1,0.41,,0.06,3.2,18.8,0.7,2.12,,,,,,0.06,,,,,0.5,0.07
7,CRS01A-111.8,57,,CRS01A,,,CRS01A-111.8,Porphyritic rhyolite. with weakly sericitic alteration on the micro fractures. Py can be seen as a trace,,X,x,,,,,Plagio-rhyolite (Plagio-granite porphyry),,,,,,,,Plagio-rhyolite porphyry,,,,,,,,,,,,,,,,,,,,,12,42.9,0.01,,,,7.87,2,436,2.7,0.21,0.67,0.04,2.1,16,1.61,20.9,0.61,9,0.81,317,0.35,4.47,0.0426,42.9,0.03,0.11,100,4.7,0.15,0.46,1.96,18,0.6,44,94.5,,5.4,7.1,0.04,1.3,,,3.01,,0.49,4.3,3.2,15.7,33.3,,,,,,0.21,,,,,0.3,0.05
8,CRS01A-114.8,58,x,CRS01A,,,CRS01A-114.8,"Metasediment with strong altered to APHY, ASER, APYR. cut by multiple PY veinlets",,X,x,x,,,,"Mineralized, silicified cordierite-serpentine-actinolite metasomatite",,,,,,,,Cor-Serp-Act Metasomatite,,,,,,,,,,,,,,,,,,,,,77,3970,0.19,,,,7.42,2,544,0.4,0.36,0.17,0.71,79.4,278,13.64,12.2,0.42,38,5.28,981,17.1,0.14,0.005,19.3,5.43,,26,1.2,0.16,0.55,0.71,226,5.5,351,20.8,17,14.9,3.2,0.16,,1.07,3,1.09,,0.38,6.6,37.2,2,4.7,,,,,,0.15,,,,,1.1,0.19
9,CRS01A-124.1,59,x,CRS01A,,,CRS01A-124.1,Meta sedimentary. Primary magnetite pyrrhotite alteration replaced by late phyllic alteration,,X,x,,,,,"Mineralized, silicified serpentine-actinolite-cordierite metasomatite",,,,,,,,Cor-Serp-Act Metasomatite,,,,,,,,,,,,,,,,,,,,,68,1739.9999999999998,0.24,,,,7.24,2,680,0.1,0.41,0.24,0.52,48.9,194,10.9,11.9,0.37,42,6.34,864,7.27,0.17,0.005,22.1,4.5,,60.7,0.6,0.13,0.84,0.42,217,0.5,331,18.9,9,12.7,1.7,0.13,,0.5,3,0.69,,0.14,6.2,35.8,1.2,3.25,,,,,,0.14,,,,,1,0.16
10,CRS01A-184.32,60,x,CRS01A,,,CRS01A-184.32,"MMS with intense APHY alteration. ASER can be seen on the fractures, mineralization mostly Py with poorly disseminated CPY. ",,X,x,,,,,"Mineralized, silicified serpentine-chlorite-cordierite metasomatite",,,,,,,,Serp-Chl-Cord Metasomatite,,,,,,,,,,,,,,,,,,,,,128,2140,0.14,,,,4.54,5,261,0.1,0.3,0.56,0.15,107,379,11.49,13,0.37,51,7.21,1071,3.44,0.14,0.005,9.6,3.21,,36.8,0.3,0.17,0.61,0.23,244,0.5,69,13.9,14,13.6,2.7,0.06,,0.38,2,0.48,,0.13,6,34,1.3,3.2,,,,,,0.13,,,,,0.9,0.14
11,CRS01A-187.8,61,x,CRS01A,,,CRS01A-187.8,"Intensely APHY altered MMS with A type veins on the 188.35m, 2 veins with 3mm thickness. also with PY  vein and veinlets.",,X,x,x,,,,"Mineralized, silicified cordierite-serpentine-chlorite metasomatite",,,,,,,,Cord-Serp-Chl Metasomatite,,,,,,,,,,,,,,,,,,,,,112,4890,0.19,,,,4.25,5,71,0.1,0.53,0.19,0.47,122,428,12.43,13.2,0.24,47,5.93,1046,1.73,0.16,0.005,9.8,3.83,0.05,32.2,0.5,0.17,0.52,0.29,253,0.3,64,16.2,19,9.6,3.1,0.06,,0.43,2,0.6,,0.16,6,35.5,1.3,3.04,,,,,,0.13,,,,,1,0.16
12,CRS01A-188.4,62,x,CRS01A,,,CRS01A-188.4,"Intensely APHY altered MMS with A type veins on the 188.35m, 2 veins with 3mm thickness. also with PY  vein and veinlets.",,X,x,,,,,"Strongly brecciated, silicified, carbonate altered, mineralized chlorite-serpentine metasomatite",,,,,,,,Chl-Serp Metasomatite,,,,,,,,,,,,,,,,,,,,,81,6730,0.18,,,3,7.87,7,72,0.2,0.62,0.2,0.66,90.1,382,13.76,13.6,0.32,53,7.02,1316,1.39,0.13,0.005,8.6,5.7,0.06,23.9,0.7,0.15,0.73,0.19,236,0.9,78,17.7,21,11.4,2.2,0.07,,0.4,2,0.58,,0.16,5.6,33.6,1.1,2.22,,,,,,0.13,,,,,0.9,0.15
13,OVD010-97.7,63,,OVD010,,,OVD010-97.7,"Grey colored diorite enriched with pyrite. The diorite strongly altered by chlorite, carbonate and epidote alteration.",,x,,,,,,"Strongly altered, gabbrodiorite porphyry (albite-chlorite-actinolite metasomatite after gabbrodiorite)","Relict, porphyry like, sub-ophitic","Ab+Carb Pseudo aft Pl-55-60%, Chlorite Pseudo - 35-40%",Ser-Carb-Chl-Leuc-Qtz,Py-Cpy,Strong metasomatized diorite? Or gabbrodiorite? This is small dyke through pre-cambrian sediment,,,Alb-Chl-Act Metasom after Gabbrodiorite,Gabbroic Rocks,,,,,,,,,,,,,,,,,,,,131,106,0.001,0.01,0.005,,8.82,6,42,0.5,0.08,6.63,0.07,42.2,441,9.08,19.7,0.12,136,5.59,1799,0.62,1.71,0.1026,2.8,0.83,0.16,480,2.4,0.73,,1.06,312,0.7,95,93.3,,2.1,3.2,0.08,1.1,0.05,,3.21,1,0.27,18.7,41.6,12.4,31.7,2.13,9.5,2.2,0.7,2.23,0.72,1.97,0.4,1.19,0.17,1.8,0.24
14,OVD010-226.3,64,,OVD010,,,OVD010-226.3,dark grey colored siltstone and sandstone interbedding,,x,,,,,,Serpentine-carbonate-actinolite-chlorite metasomatite (after gabbro or ultramafic pluton),"Granonematoblast, relict panidiomorphic","Qtz+Carb+Serp Pseudo-55-60%, Chlorite Pseudo-35-40%",Qtz-Carb-Serp-Chl,Tnt-Py,Strong metasomatized gabbro? This is small dyke through pre-cambrian sediment,,,Serp-Carb-Act-Chl Metasom after Gabbro,Gabbroic Rocks,,,,,,,,,,,,,,,,,,,,43,82.5,0.003,0.01,0.002,,9.5,7,271,0.9,0.04,1.81,0.09,24.1,91,6.41,19.8,1.21,75,1.94,1173,0.57,3.65,0.0461,5.2,1.12,0.38,304,0.8,0.58,0.12,0.37,162,0.3,91,80.9,,10.3,2.6,0.07,1,0.05,,2.53,,0.17,15,24.9,3,8.01,,,,,,0.47,,,,,1.8,0.25
15,OVD010-305.6,65,,OVD010,,,OVD010-305.6,"Carbonatic gabbro with dissiminated py, (may be gabbrodiorite?). Strong carbonate alteration",,X,,,,,,Fine to medium grained amphibole gabbrodiorite,"Sub-ophitic, prysmatic","Alt Pl-65-70%, Hb-25-30%",Ser-Pelite-Chl-Qtz-Carb,Tnt-Py-Cpy,"The rock's major mineral is Plagioclase (???), Hb filled interstitial space between Pl crystals.  ",,,Diorite?,Gabbroic Rocks,,,,,,,,,,,,,,,,,,,,238,47.3,0.004,0.01,0.003,3,8.57,6,287,0.6,0.04,5.28,0.06,33.7,311,5.43,15.4,0.38,80,5.23,966,0.34,2.16,0.0798,1.9,0.59,0.29,864,1.8,0.41,0.02,0.63,166,0.1,54,65.5,,6,2.1,0.05,0.5,,2,1.71,,0.16,14.5,24.7,11.7,28.1,,,,,,0.47,,,,,1.2,0.2
16,OVD011-101.5,66,,OVD011,,,OVD011-101.5,gabbro carbonatized,,X,,,,,,Altered qtz microdiorite,"Relict, poikiloophitic","Alt Pl-50-55%, Alt Hb-30-35%, Qtz-8-10%, Leuc-1-3%",Ser-Pelite-Soss-Act-Chl-Carb,Tnt-Py,Altered fg qtz-diorite,,,Qtz Micro-Diorite,,,,,,,,,,,,,,,,,,,,,462,65.4,0.001,0.01,0.001,,6.37,65,62,1.3,,7.72,0.11,54.4,1162,7.04,12.8,0.31,50,9.68,1357,0.82,0.72,0.1376,4.3,0.02,0.33,461,2,0.37,0.03,1.09,240,0.3,79,58.5,,3.4,2.1,0.03,0.6,0.07,,1.88,2,,11.7,29.5,13.9,34.7,3.32,15.7,4.1,1.23,4.7,0.47,4.97,0.97,2.97,0.44,1.1,0.16
17,OVD011-107.4,67,,OVD011,,,OVD011-107.4,Metasedimentary,,x,,,,,,"Mineralized, silicified, carbonate altered siltstone","Blastoaleuropelitic, microlepidoblast",Clayey micaseous agregate-75-80%,Qtz-Carb-Ser-Chl,Po-Cpy,Metasomatized siltstone,,,Siltstone,,,,,,,,,,,,,,,,,,,,,59,90.4,0.001,0.01,0.001,,9.66,5,89,0.8,,9.5,0.09,25.4,133,6.28,17.2,0.31,40,2.51,1833,1.13,2.67,0.1028,7.1,1.09,0.22,486,1.3,0.55,0.03,1.22,173,0.5,81,83.4,,5.2,3,0.05,0.8,0.11,,2.76,2,0.07,19.7,27.6,10.1,24,2.96,13.2,2.7,1.13,2.9,0.59,2.74,0.54,1.44,0.2,2.2,0.32
18,OVD011-109.1,68,,OVD011,,,OVD011-109.1,Spotted rock,,X,,,,,,"Weakly mineralized, chlorite-sericite phyllite after siltstone","Microlepidoblast, blastoaleurolitic, schistous, spotty","Sericite-40-45%, Chlorite-45-50%",Ser-Chl-Carb,Illm-Py-Cpy,Metasomatized siltstone,,,Chl-Ser Phyllite,,,,,,,,,,,,,,,,,,,,,64,90.4,0.001,0.01,0.001,,10.37,6,173,0.9,,8.98,0.06,24.7,159,6.94,19.2,0.8,65,2.38,2117,0.67,2.7,0.0636,2.4,0.41,0.2,774,1.4,0.58,0.07,1.57,186,0.4,90,82,,12.1,3.8,0.06,0.8,0.13,,2.92,2,0.09,18.5,30.3,9.3,19.1,1.19,5.8,1.5,0.57,1.77,0.56,2.05,0.4,1.17,0.17,2.2,0.34
19,OVD011-109.6,69,,OVD011,,,OVD011-109.6,Spotted rock,,X,,,,,,"Carbonate altered, fine grained, Ksp-qtz sandy meta-siltstone","Microlepidoblast, Schistous","Qtz-15-20%, Fsp-5-10%, clayey-sericite-chlorite agregate-70-75%",Qtz-Carb,Tnt-Py,Chl-Ser Phyllite,,,Ksp-Qtz Meta-Siltstone,,,,,,,,,,,,,,,,,,,,,51,94.1,0.001,0.01,0.001,,10.28,6,169,0.9,,5.34,0.1,26.3,95,6.26,18.7,1.05,64,1.91,1205,0.83,3.14,0.1093,9.3,1.54,0.16,653,1.4,0.55,0.11,1.16,185,0.4,89,67.4,,18.9,2.7,0.06,0.9,0.16,,2.28,1,0.07,20.6,27.8,9.7,23.4,2.86,12.5,2.8,0.94,2.72,0.67,2.64,0.48,1.3,0.2,2.3,0.33
20,OVD011-126.5,70,,OVD011,,,OVD011-126.5,Mineralized gabbro with pyrrhotite,,X,,,,,,"Weakly carbonate altered, minerlized sandy siltstone",Cryptolepidoblast,"Qtz-15-20%, Fsp-5%, clayey-sericite-chlorite agregate-75-80%",Qtz-Carb,Tnt-Py-Cpy,Chl-Ser Phyllite. Cut by qtz-carb very fine veins which has Py-Cpy,,,Sandy Siltstone,,,,,,,,,,,,,,,,,,,,,910,858,0.01,0.01,0.014,,6.54,13,107,0.9,0.04,7.06,0.17,71,857,7.2,13.3,0.38,37,8.48,1281,0.72,1.05,0.1076,4.5,0.6,7.14,464,1.7,0.48,0.04,0.85,191,0.2,74,72.9,,6,3.2,0.05,0.8,0.12,,2.4,2,0.07,13.5,26.5,12.5,32.2,3.32,16.1,4,1.11,4.6,0.52,4.76,0.95,2.58,0.38,1.4,0.21
21,OVD011-132.8,71,,OVD011,,,OVD011-132.8,Gabbro,,X,,,,,,"Mineralized, altered, fine grained melanocratic Ol-Amph gabbro","Poikiloophitic, ophitic","Hb-30-35%, Serp+Talc Pseudo aft Ol and Px-35-40%, Pl-15-20%, Bt-5%",Serp-Soss-Talc-Act-Carb,Chromite-Mag-Po-Cpy,,,,Ol-Hb Gabbro,Mafic (Pyroxenite),,,,,,,,,,,,,,,,,,,,553,228,0.001,0.01,0.004,,7.58,5,254,0.8,,4.74,0.11,65.9,504,6.85,14.9,0.52,48,8.24,1318,0.54,1.45,0.1151,3.6,0.27,0.27,559,2,0.48,0.06,0.78,159,0.3,82,98.1,,8.5,4.7,0.06,0.9,0.08,2,2.52,1,0.28,18.9,25.7,15.9,39.6,2.88,13.1,3.7,1.09,3.42,0.62,4.09,0.88,2.59,0.4,2,0.29
22,OVD011-189.2,72,,OVD011,,,OVD011-189.2,Unmineralized gabbro,,X,,,,,,"Strongly altered, fine to medium grained, Amph-Peridotite",Panidiomorphic,"Hb-35-40%, Serp+Talc Pseudo aft Ol and Opx-30-35%, Alt Px-20-25%",Amph-Serp-Talc-Act-Carb,Chromite-Mag-Py,"Primary peridotite's Px and Ol affected by amphibolitization, which is why the amphibole became dominant in the rock. ",,,Ol-Hb Peridotite,Mafic (Pyroxenite),,,,,,,,,,,,,,,,,,,,506,105,0.001,0.01,0.005,,6.29,3,12,1.2,,6.19,0.07,62.4,910,7.12,12.1,0.12,53,10.17,1300,0.48,0.28,0.1105,3.6,0.19,,248,2.2,0.34,,1.03,189,0.4,65,64,,0.7,2.2,0.04,0.6,,,1.81,,0.12,11.5,31.3,13.4,34.3,,,,,,0.47,,,,,1,0.16
23,OVD014-35.9-36.1,73,,OVD014,,,OVD014-35.9-36.1,Spotted rock,,X,,,,,,Garnet-carbonate metasomatite (Skarn),"Porphyroblast, granoblast","Carbonate-50-55%, Garnet-30-35%, Qtz-10-15%",,,Skarnization,,,Skarn,,,,,,,,,,,,,,,,,,,,,14,38.2,0.002,0.01,0.002,,8.44,3,140,0.8,0.06,1.28,0.09,17,22,6.02,23.8,0.8,78,1.92,1192,0.45,2.59,0.071,6.3,0.13,,461,1.1,0.5,0.08,0.83,118,0.3,103,72.9,,14.3,2.4,0.08,1.1,,,2.4,,0.17,25.3,31.2,8.7,23.2,,,,,,0.8,,,,,2.9,0.41
24,OVD014-88.3,74,,OVD014,,,OVD014-88.3,Dolerite,,x,,,,,,Strong metasomatized diorite porphyry,"Porphyritic, microhypidiomorphic","Pl-70-75%, Alt Mafic minerals-20-25%, Bt-3-5%, Qtz-1-3%",Ser-Pelite-Chl-Musc-Carb,Chromite-Po-Cpy,,,,Diorite?,,,,,,,,,,,,,,,,,,,,,42,76.5,0.001,0.01,0.002,,10.35,4,171,0.6,,4.86,0.1,26.3,84,7.12,19.6,0.64,48,2.11,1075,0.47,3.95,0.0962,5.3,0.67,0.06,543,1.3,0.5,0.06,0.59,171,0.3,90,43.8,,9.2,2.1,0.07,0.8,0.06,,1.64,,0.18,16.2,28.8,7.3,17.4,,,,,,0.53,,,,,1.6,0.27
25,OVD014-89.8 (A),75,,OVD014,,,OVD014-89.8 (A),Gabbro carbonatized. Unmineralized,,X,,,,,,"Altered, fine to medium grained, Pyroxene-Amphibole Gabbro","Ophitic, sub-ophitic","Alt Pl-40-45%, Hb-35-40%, Alt Cpx-10-15%, Serp Pseu aft Ol-5-10%",Serp-Epi-Chl-Ser-Pelite,Mag-Titanite-Py-Cpy,"Zonal Pl are altered by ser+epi at the center. Sometimes small Pl crystals are included in Hb creating poikilitic texture. Hb also
includes Cpx relict. Serpentine+chlorite pseudomorphs could be after Olivine. ",,,Px-Amph Gabbro,Gabbroic Rocks,,,,,,,,,,,,,,,,,,,,83,118,0.013,0.01,0.001,,8.89,4,135,0.7,,9.29,0.13,25.9,138,6.33,16.5,0.34,24,2.92,1538,0.62,3.34,0.1009,6.2,0.55,0.11,646,1.7,0.58,0.02,0.78,153,0.2,74,110,,4.8,4.3,0.07,1.1,0.05,,3.17,,0.31,24,24.3,13.1,29.6,,,,,,0.71,,,,,2.5,0.4
26,OVD014-89.8 (B),76,,OVD014,,,OVD014-89.8 (B),Gabbro not carbonatized or weakly carbonatized. ,,X,,,,,,"Carbonate altered, albite altered, epidote-pyroxene-garnet-carbonate Skarn",,"Ga-25-30%, Cpx-15-20%, Carb-15-20%, Epi-5-10%, Pl-10-15%",,Carb+Ab,Skarnization,,,Ep-Cpx-Ga-Carb Skarn,,,,,,,,,,,,,,,,,,,,,83,118,0.013,0.01,0.001,,8.89,4,135,0.7,,9.29,0.13,25.9,138,6.33,16.5,0.34,24,2.92,1538,0.62,3.34,0.1009,6.2,0.55,0.11,646,1.7,0.58,0.02,0.78,153,0.2,74,110,,4.8,4.3,0.07,1.1,0.05,,3.17,,0.31,24,24.3,13.1,29.6,,,,,,0.71,,,,,2.5,0.4
27,OVD014-95.8-95.9,77,,OVD014,,,OVD014-95.8-95.9,"Weakly mineralized gabbro, with PYH, CPY can be seen rarely, mineralization is sparsely. ",,X,,,,,,"Mineralized, altered, fine to medium grained, inequigranular, Px-Amph melanocratic Gabbro","Hypidiomorph, sub-ophitic, ophitic","Alt Pl-25-30%, Hb-35-40%, Alt Cpx-5-10%, Serp Pseu aft Ol-15-20%",Serp-Talc-Epi-Chl-Ser-Carb-Qtz,Mag-Py-Po-Cpy,,,,Px-Amph Gabbro,Mafic (Pyroxenite),,,,,,,,,,,,,,,,,,,,650,369,0.007,0.01,0.004,,7.31,1,161,0.6,,5.39,0.15,68.7,549,7.55,11.9,0.4,33,9.3,1217,0.57,1.63,0.082,3,0.48,0.1,426,1,0.52,0.04,0.33,133,,72,103,,4.7,3.5,0.05,0.8,0.06,,2.44,,0.2,16.2,21.8,9.4,22.1,,,,,,0.48,,,,,1.5,0.23
28,OVD014-102.3,78,,OVD014,,,OVD014-102.3,"Mineralized, altered gabbro",,X,,,,,,"Mineralized, strong metasomatized, fine to edium grained Peridotite","Relict, panidiomorph, granolepidoblast","Talc+Chl+Serp Pseu-55-60%, Alt Hb-20-25%, Alt Px-5-10%",Carb+Qtz,Chromite-Mag-Py-Pn-Po-Cpy,,,,Peridotite,Ultramafic (Harzburgite/Dunite),,,,,,,,,,,,,,,,,,,,6370,6590,0.025,0.08,0.086,3,4.67,32,9,0.3,0.61,6.71,1.41,307,486,14.09,9.6,0.01,39,6.96,1041,1.53,0.02,0.0457,15,5,0.15,182,0.8,0.25,0.07,0.27,97,0.2,122,35.2,10,0.9,1.9,0.16,1.5,1.05,,0.81,2,0.14,8.9,10.8,6.2,16,4.13,18.2,4.1,1.28,4.62,0.32,3.49,0.77,1.85,0.3,0.7,0.1
29,OVD014-109.6,79,,OVD014,,,OVD014-109.6,Dolerite,,x,,,,,,"Weakly mineralized, carbonate-actinolite-chlorite metasomatite after gabbrodiorite","Micronematoblast, relict, hypidiomorphic","Act-30-35%, Chl-45-50%, Carb-10-15%, Qtz-1-3%, Ilm-1-2%",Act-Chl-Qtz-Carb-Leucogsen,Chromite-Ilm-Py,Metasomatite. Under the strong metasomatic alteration the rock completely altered. Protolith is assumed to be Gabbrodiorite or Diorite,,,Carb-Act-Chl Metasom after Gabbrodiorite,,,,,,,,,,,,,,,,,,,,,412,126,0.001,0.01,0.008,,6.53,,110,1.2,0.07,5.81,0.08,52.8,981,7.37,12.8,0.49,49,9.57,1405,0.82,0.79,0.124,3.9,0.61,0.22,240,2.8,0.43,0.05,1.15,232,0.2,66,81.4,,5.5,2.6,0.05,0.7,,,2.33,2,0.17,14.4,29.4,17.5,39.5,3.46,15.2,3.6,1.13,3.76,0.56,3.17,0.64,1.74,0.25,1.3,0.2
30,OVD015-94.82,80,,OVD015,,,OVD015-94.82,Spotted rock,,X,,,,,,Chlorite-sericite phyllite (micro-schist),"Microlepidoblast, Schistous","Ser-60-65%, Chl-35-40%, Titanite-1-3%",Ser-Chl-Tnt,Tnt-Cpy,,,,Chl-Ser Phyllite,Gabbroic Rocks,,,,,,,,,,,,,,,,,,,,88,103,0.001,0.01,0.001,,8.33,6,225,1,0.06,0.97,0.04,30.1,172,8.34,20.9,1.23,89,2.98,1224,0.43,1.73,0.1835,10.5,0.54,0.19,416,1.6,0.54,0.12,1.01,188,0.4,109,83.6,,15.1,4.7,0.08,1.1,,1,2.96,,0.31,17.3,30.5,8.2,22.2,,,,,,0.71,,,,,2.1,0.33
31,OVD015-102.4,81,,OVD015,,,OVD015-102.4,Unmineralized gabbro. Carbonate altered.,,X,,,,,,Fine grained amph-gabbrodiorite,"Poikilophitic, sub-ophitic, massive","Alt Pl-55+60%, Hb-25-30%, Qtz-1-3%",Ser-Pelite-Chl-Carb,Chromite-Tnt-Py-Cpy,"The rock is carbonate altered, creating 0.1-1mm wide carbonate lenses and veins. Those carbonate lenses and veins contain ore minerals. 
Plus ore minerals usually assocated with chlorite, carbonates. ",,,Amph-Gabbrodiorite,,,,,,,,,,,,,,,,,,,,,91,60.1,0.001,0.01,0.001,,6.6,14,154,0.7,,5.14,0.05,37.7,322,6.4,15.6,0.58,77,3.87,949,3.4,1.98,0.1305,2.4,0.21,0.32,548,1.8,0.59,0.06,0.58,188,,72,64.3,,12.2,3.8,0.06,0.7,,1,2.33,2,0.25,17,29.1,15.1,35,3.41,14.4,3.6,1.07,3.77,0.62,3.21,0.74,1.78,0.29,1.6,0.25
32,OVD015-105.1-105.2,82,,OVD015,,,OVD015-105.1-105.2,Fresh gabbro. With traces of PYH and CPY,,X,,,,,,Fine grained Bt-Qtz Diorite (micro-diorite),"Hypidiomorphic, sub-ophitic, massive","Alt Pl-55-60%, Bt-20-25%, Qtz-1-3%",Ser-Pelite-Chl-Carb-Hydrogoeth,Tnt-Py,This rock is dyke that cut the gabbrodiorite,,,Bt-Qtz Micro-Diorite,,,,,,,,,,,,,,,,,,,,,141,40.8,0.001,0.01,0.001,,6.31,2,164,0.6,,5.78,0.06,46.3,407,6.42,16.3,0.49,37,5.63,1141,0.42,2.05,0.1339,2.3,0.15,0.15,623,1.8,0.63,0.05,0.57,186,,74,72.1,,9.5,4.4,0.06,0.8,,,2.74,2,0.27,20.2,30.5,15,34.7,1.28,5.6,1.5,0.64,1.96,0.64,1.94,0.46,1.18,0.19,2,0.29
33,OVD015-116.1,83,,OVD015,,,OVD015-116.1,Weak mineralized and carbonatized gabbro,,X,,,,,,Strong carbonate altered Gabbrodiorite porphyry,"Porphyry like, poikiloophitic, massive","Alt Pl-55-60%, Carb+serp+chl Pseud aft 
Ol-Hb-30-35%, Bt-5-10%, Qtz-1-3%",(Chl-Serp-Carb)-Qtz-Leuc-Ruth,Ilm-Chromite-Py-Po-Cpy,"Ore minerals mainly associated with carbonatization, carbonate chloritization and carbonate veinlets. ",,,Gabbrodiorite Porphyry,,,,,,,,,,,,,,,,,,,,,265,205,0.002,0.01,0.002,,5.44,12,184,0.6,,5.38,0.09,47.5,450,6.69,15.2,0.48,48,5.54,1069,0.18,1.76,0.099,2.3,0.21,0.28,526,1.5,0.39,0.04,0.54,145,,74,68.1,,8,2.2,0.05,0.6,,,1.78,2,0.18,13.2,22.1,13.1,30.6,6.05,26.1,6.7,2,7.18,0.46,5.62,1.14,3.06,0.43,1.3,0.18
34,OVD015-140.6,84,,OVD015,,,OVD015-140.6,Mineralized gabbro,,X,,,,,,"Weakly mineralized, altered, melanocratic Gabbro porphyry (Porphyry like, weakly mineralized, altered melanocratic gabbro","Nevadite-porphyritic, poikiloophitic, ","Alt Pl-25-30%, Hb-30-35%, 
Talc+Serp Pseudo aft Ol and Px-30-35%, Bt-5%, Qtz-1-3%",Serp-Soss-Talc-Act-Carb-Qtz,Ilm-Chromite-Mag-Po-Cpy,,,,Olivine Gabbro,Ultramafic (Harzburgite/Dunite),,,,,,,,,,,,,,,,,,,,805,525,0.008,0.01,0.004,,4.48,2,123,0.5,0.1,3.41,0.12,80,864,8.54,11.6,0.22,40,11.72,1183,0.33,1.35,0.0805,4.2,0.44,0.06,403,1.1,0.48,,0.39,130,,82,90.1,,2.4,1.8,0.05,0.8,0.07,,2.11,2,0.08,16.9,18.4,10.5,25.4,2.73,12,2.8,0.89,3.15,0.54,2.77,0.55,1.51,0.2,1.7,0.26
35,OVD015-158.7,85,,OVD015,,,OVD015-158.7,Mineralized gabbro,,X,,,,,,"Weakly mineralized, altered, fine to medium grained, melanocratic Gabbro (Amph-Peridotite)","Poikilophitic, ophitic, relict panidiomorphic","Hb-35-40%, Serp+Talc Pseudo aft Ol-40-45%, Pl-10%, Bt-3-5%",Serp-Soss-Talc-Chl-Act-Carb (few),Chromite-ilm-Mag-Py-Po-Cpy,"Hb rarely, weakly altered by Act and Bt. Those altered part includes smaller Pl crystals creating poiklitic texture and this altered Hb also replaced 
talc-serpentine pseudomorph after Olivine's crystal by outer rim. That talc-serpentine pseudomorph, sometimes, is formed by pyroxene. ",,,Amph-Peridotite,Mafic (Pyroxenite),,,,,,,,,,,,,,,,,,,,615,146,0.002,0.01,0.002,,5.45,3,191,0.6,,3.67,0.08,82.9,697,8.41,11.7,0.52,44,12.78,1373,0.44,1.24,0.097,2,0.16,0.07,549,1.2,0.44,0.12,0.37,126,,88,72.5,,10.2,2.9,0.04,0.7,,2,1.97,2,0.16,18.2,19.5,10.3,26.3,2.82,12.3,2.8,0.89,3.2,0.48,2.93,0.52,1.55,0.21,1.5,0.23
36,OVD015-165.5,86,,OVD015,,,OVD015-165.5,Mineralized gabbro,,X,,,,,,"Weakly mineralized, altered, fine to medium grained Amph-Peridotite","Poikilitic, relict panidiomorphic","Talc+Serp Pseudo aft Ol and Px-40-45%, Hb-35-40%, Ol-8-10%, Pl-8-10%,
Bt-5-8%",Serp-Soss-Talc-Chl-Act,Chromite-illm-Mag-Py-Po-Cpy,Same as OVD015-158.7,,,Amph-Peridotite,Ultramafic (Harzburgite/Dunite),,,,,,,,,,,,,,,,,,,,745,313,0.005,0.01,0.003,,4.84,6,173,0.4,,3.31,0.1,85.4,594,8.55,10,0.63,49,13.75,1386,0.15,0.89,0.0875,1,0.19,0.14,394,1,0.38,0.12,0.37,113,,86,66.3,,11.9,2.4,0.04,0.6,0.06,3,1.65,1,0.13,14.2,17.3,8.7,22.1,4.12,18.1,4.4,1.27,4.02,0.39,4.34,0.98,2.37,0.38,1.3,0.19
40,OVD015-175.4,87,,OVD015,,,OVD015-175.4,Mineralized gabbro,,X,,,,,,"Weakly mineralized, altered, fine to medium grained Px-Amph Gabbrodiorite","Hypidiormorphic, sub-ophitic","Alt Pl-60-65%, Hb-15-20%, Cpx-15-20%, Alt Bt-5%, ",Serp-Pelite-Act-Chl-Epi-Carb,illm-Py-Po-Cpy,,,,Px-Amph Gabbrodiorite,Mafic (Pyroxenite),,,,,,,,,,,,,,,,,,,,420,401,0.002,0.01,0.004,,6.49,5,259,0.6,0.08,7.5,0.25,57.2,690,6.49,14.4,0.65,18,6.37,1148,0.31,2.48,0.0934,6.8,0.6,0.1,509,0.9,0.57,0.03,0.35,155,0.2,62,91.9,,7,3.5,0.1,1.5,0.09,,2.61,2,0.23,22.3,37,9,22.7,4.19,18.3,4.2,1.41,4.42,0.58,3.64,0.69,2.1,0.29,1.7,0.26
37,OVD015-175.5 (A),88,,OVD015,,,OVD015-175.5 (A),Mineralized and unmineralized gabbro contact. Unmineralized is xenolith,,X,,,,,,"Strong mineralized, altered, fine to medium grained Amph-Peridotite 
(contains weakly mineralized, altered, fine to medium grained Px-Amph Gabbrodiorite lens)","Porphyry like, hypidiomorphic, poikiloophitic, ophitic","Talc+Serp Pseudo aft Ol and Px-40-45%, Hb-35-40%, Ol-8-10%, Pl-8-10%,
Bt-5-8%",Ser-Pelite-Act-Chl,Mag-Chromite-Py-Po-Cpy,"Sample composed of 3 rock types' parts. The main host intrusive is Hb-Peridotite, It contains 2 different rocks composed of different mineral 
composition. Ore minerals evenly disseminated through rock and associated with mafic phase. ",,,Amph-Peridotite,Mafic (Pyroxenite),,,,,,,,,,,,,,,,,,,,872,819,0.004,0.01,0.008,,6.24,1,146,0.7,0.08,4.14,0.31,79.1,676,8.95,15,0.5,24,9.45,1328,0.35,1.54,0.1215,3.5,0.8,0.12,297,1.1,0.75,0.03,0.45,174,0.2,91,101,,6.5,4.8,0.11,1.9,0.17,,2.76,2,0.27,24.5,20.6,10.6,27.2,4.02,17.6,3.9,1.23,4.1,0.63,3.51,0.7,1.94,0.29,1.9,0.29
38,OVD015-175.5 (B),89,,OVD015,,,OVD015-175.5 (B),Unmineralized xenolith gabbro,,X,,,,,,"Weakly mineralized, altered, fine to medium grained Px-Amph Gabbrodiorite","Hypidiomorphic, sub-ophitic ","Alt Pl-60-65%, Hb-20-25%, Alt Px-10-15%, Alt Bt-5%",Ser-Pelite-Act-Chl-Carb,illm-Py-Po-Cpy,,,,Px-Amph Gabbrodiorite,Mafic (Pyroxenite),,,,,,,,,,,,,,,,,,,,872,819,0.004,0.01,0.008,,6.24,1,146,0.7,0.08,4.14,0.31,79.1,676,8.95,15,0.5,24,9.45,1328,0.35,1.54,0.1215,3.5,0.8,0.12,297,1.1,0.75,0.03,0.45,174,0.2,91,101,,6.5,4.8,0.11,1.9,0.17,,2.76,2,0.27,24.5,20.6,10.6,27.2,4.02,17.6,3.9,1.23,4.1,0.63,3.51,0.7,1.94,0.29,1.9,0.29
39,OVD015-177.4,90,,OVD015,,,OVD015-177.4,Mineralized gabbro,,X,,,,,,"Strong mineralized, altered, fine to medium grained Amph-Peridotite","Poikiloophitic, relict panidiomorphic","Talc+Serp Pseudo aft Ol and Px-40-45%, Hb-35-40%, Pl-10-15%, Bt-5-8%",Serp-Soss-Talc-Chl-Act,Chromite-Mag-Py-Po-Cpy,,,,Amph-Peridotite,Ultramafic (Harzburgite/Dunite),,,,,,,,,,,,,,,,,,,,4070,4670,0.046,0.04,0.052,2,4.44,1,90,0.5,1.1,2.8,1.03,210,814,13.4,10.1,0.39,20,11.55,1242,0.47,0.75,0.0765,15.8,3.71,0.08,213,0.7,0.41,0.08,0.28,110,,100,70.2,6,5.9,3.1,0.12,1.7,1.01,1,1.91,2,0.2,15.8,16.7,7.1,18,4.16,18.3,4,1.28,4.08,0.42,3.61,0.72,2.13,0.29,1.3,0.2
41,OVD020-60.6,91,,OVD020,,,OVD020-60.6,"Same gabbroic rock as intersected in the top of the OVD-012. Unmineralized gabbro. Medium to Coarse grained, phaneritic, weak to moderately sericite+chlorite altered (plus biotite?, it is ambiguous), weak to moderate magnetic gabbro. The texture: the rock mostly composed of mafic minerals Hb, Bt (60-70%), Plagioclase (30-40%) and trace pyrites. Mafic minerals create coarse patchy, crowded texture of irregular shaped chlorite altered dark green colored Hb and platy brownish Bt crystals. Plagioclases are green sericite altered, smaller in size. Locally plagioclase crysalt preserved its prysmatic crystal shape. Mostly plagioclase crystal structure destroyed becoming anhedral to subhedral. The difference in this gabbro package from the gabbro intersected in drillhole OVD012 is the presentage of the mafic minerals. Here, it contains little greater mafic minerals than OVD012's unmineralized gabbro. At the bottom part of the gabbro, there is 3m interval with Py, Po and Cpy mineralization. There were no visual contact between mineralized part and unmineralized part. ",,X,,,,,,"Weakly mineralized, altered melanocratic gabbro porphyry","Nevadite-porphyritic, poikiloophitic, 
hypidiomorphic","Pl-30-35%, Hb-30-35%, Alt Ol-20-25%, Bt-5-10%, Qtz-1-3%",Serp-Soss-Talc-Act-Carb,Illm-Chromite-Mag-Po-Cpy,,,,Olivine Gabbro Porphyry,Gabbroic Rocks,,,,,,,,,,,,,,,,,,,,190,45.3,0.004,0.01,0.001,,8.5,2,174,0.8,,5.26,0.05,44.6,406,7.06,14.7,0.66,20,6.64,1209,0.23,2.01,0.1084,1.8,0.09,0.05,503,1.4,0.58,0.04,0.5,172,,76,81.6,,8.8,3.7,0.05,0.5,,,2.16,,0.29,18.6,24.7,12.6,29.9,,,,,,0.56,,,,,1.8,0.28
42,OVD020-101.4,92,,OVD020,,,OVD020-101.4,Very weakly mineralized? Gabbro,,X,,,,,,"Weakly mineralized, altered, melanocratic Gabbro porphyry (Porphyry like melanocratic Gabbro)","Porphyry like, poikiloophitic, hypidiomorphic","Pl-30-35%, Hb-30-35%,
Serp and Talc Pseudo aft Ol-20-25%, Bt-5-10%, Qtz-1-3%",Serp-Soss-Talc-Act-Carb,illm-Chromite-Mag-Py-Po-Cpy,,,,Olivine Gabbro Porphyry,Gabbroic Rocks,,,,,,,,,,,,,,,,,,,,936,928,0.012,0.01,0.01,,8.11,5,153,0.8,0.13,3.67,0.3,83.2,529,7.5,15.1,0.42,37,7.34,968,0.62,2.02,0.1035,3.5,0.98,0.21,452,2.1,0.53,0.07,0.61,154,,80,78.7,4,6.7,3.7,0.07,0.9,0.19,,2.36,,0.26,16.5,24.7,14.2,35.5,,,,,,0.57,,,,,1.6,0.25
43,OVD020-124.2,93,,OVD020,,,OVD020-124.2,Spotted rock,,X,,,,,,Garnet-Qtz-Carbonate metamorphic rock,,,,,,,,Ga-Qtz-Carb Metamorphic rock,Gabbroic Rocks,,,,,,,,,,,,,,,,,,,,28,48.2,0.003,0.01,0.002,,8.89,,208,1,,2.46,0.16,19.2,53,6.11,19.3,1.14,79,2,1145,0.38,2.38,0.1349,7.6,0.62,0.14,474,1.7,0.33,0.1,0.71,162,0.3,108,88.7,,19.4,1.6,0.09,1.1,,1,2.59,,0.13,27.5,28.1,9.6,26.4,,,,,,0.85,,,,,2.6,0.39
44,OVD21-42.3,94,,OVD21,,,OVD21-42.3,"Mineralaized gabbro with high ACHL, ASIL alterations. There are 1 cm thick micro breccia vein. vein containing Cal, PY, SER and CHL. Some minerals that can not be identified cemented within the vein.  PYH near the vein has been altered to hematite. The breccia vein between 28.95-29.15m. 
Color mineral content of the gabbro more than 70%",,X,,,x,,,"Mineralized, metasomatized medium grained Amph-peridotite 
(melanocratic Gabbro?)","Hypidiomorph, poikilitic","Px-15-20%, Hb-20-25%, Alt Ol-15-20%",Serp-Soss-Talk-Act-Bt,Chromite-Mag-Pn-Po-Cpy-PGE?,"Pyroxenes are Opx and Cpx. Serpentine partially replaced Px. Hb sometimes Bt, partially, sometimes strongly replaced Px.
Ol also associated with Px and replaced by Serp+Mag.Hb weakly replaced by Act, and sometimes Bt in outer rim.
Pl are few and formed between major Px and Hb coarse crystals as interstitial space filling.  Sometimes Po replaced by Millerite.
Cpy usually repaced the Po. Sometimes Cpy look alike Po. ",,,Amph-Peridotite,Ultramafic (Harzburgite/Dunite),,,,,,,,,,,,,,,,,,,,3430,3550,0.04,0.03,0.03,2.2,3.2,5,90,0.5,2,2.27,1.1,212,942,12.75,10,0.26,10,14.85,1345,1,0.67,0.061,19,2.6,5,230,20,0.3,10,10,81,10,101,,,,,,,,,,,,,12,10,,,,,,,,,,,,,
45,OVD21-61,95,,OVD21,,,OVD21-61,Weakly mineralized gabbro,,X,,,,,,,,,,,,,,,Ultramafic (Harzburgite/Dunite),,,,,,,,,,,,,,,,,,,,3340,2960,0.05,0.03,0.03,1.7,3.48,5,80,0.5,2,2.27,1.2,207,943,12.4,10,0.26,20,15.05,1370,1,0.65,0.06,18,2.42,5,229,20,0.31,10,10,81,10,101,,,,,,,,,,,,,12,10,,,,,,,,,,,,,
46,OVD21-76.6,96,,OVD21,,,OVD21-76.6,Weakly mineralized gabbro,,X,,,,,,"Mineralized, serpentinitized, fine to medium grained Amph-peridotite","Relict, Hypidiomorph, Poikilitic, Sidernitleg","Serp aft Ol+Px-40-45%, Hb-20-25%
Alt Pl-5%, Alt Cpx-5-10%, Bt-3-5%",Serp-Soss-Talc-Act-Bt,Mag-Py-Pn-Po-Cpy,"Serp+Ol and Serp+Px are replaced by Hb and Bt by outer rim. Sometimes Ol and Px are included in large Hb crystals as poikilitic texture.
Hb are replaced by Act and Bt by outer rim. Pl are few and formed interstitial space filling texture between Ol and Px crystals.
Ore minerals: Po is dominant and it replaced Mag and Pn, but is replaced by Cpy. Cpy usually replaced Po.  ",,,Amph-Peridotite,Ultramafic (Harzburgite/Dunite),,,,,,,,,,,,,,,,,,,,3320,2960,0.03,0.03,0.02,1.8,3.67,5,70,0.5,2,1.92,0.9,211,955,12.45,10,0.26,30,14.55,1280,1,0.47,0.063,16,2.58,5,155,20,0.34,10,10,87,10,82,,,,,,,,,,,,,13,10,,,,,,,,,,,,,
47,OVD21-94.4,97,,OVD21,,,OVD21-94.4,Minerlized gabbro,,X,,,,,,"Mineralized, serpentinitized, fine to medium grained Amph-peridotite","Relict, Hypidiomorph, Poikilitic, Sidernitleg","Serp aft Ol+Px-40-45%, Hb-15-20%
Alt Pl-8-10%, Alt Cpx-5-10%, Bt-5-10%",Serp-Soss-Talc-Iddinsite-Act-Bt,Mag-Pn-Po-Cpy,"Same as OVD21-76.6, plus Serpentine+Talc+Bt+Fucsite+Iddinsite pseudomorphs formed after strong alteration of Ol and Px. 
Serpentine altered Ol and Px latter strongly replaced by Amph and Bt by outer rim. Sometimes there are Ol & Px relicts. 
Hb are weakly replaced by Act, Bt and Fucsite by outer rim. ",,,Amph-Peridotite,Ultramafic (Harzburgite/Dunite),,,,,,,,,,,,,,,,,,,,3850,3220,0.03,0.03,0.03,1.4,3.9,5,80,0.5,2,2.2,0.9,244,818,13,10,0.25,20,12.1,1240,1,0.52,0.068,10,2.99,5,435,20,0.4,10,10,98,10,94,,,,,,,,,,,,,13,10,,,,,,,,,,,,,
48,OVD21-107,98,,OVD21,,,OVD21-107,Contact of massif sulphide and strong mineralized gabbro,,X,,,x,,,"Mineralized, altered, fine to medium grained Px-Bt-Amph gabbro","Relict, Hypidiomorph, Poikilitic","Alt Pl-40-45%, Hb-20-25%, Alt Cpx-5%, Serp aft Ol-5-8%, Bt-5-10%",Serp-Epi-Act-Chl,Mag-Pn-Po-Cpy,"The rock is Pl dominated. Pl are zonal and replaced by epi, act and sericite at central part. Hb are replaced by Bt in outer rim, and includes Cpx small agregates, sometimes includes Pl small crystals as poikilitic texture. Bt are strongly altered, sometimes completely, to Epi, Chl. Bt usually replaced Hb and sometimes associated with ore minerals. Also, in some observation, Ol could be replaced by Cpx? ",,,Px-Bt-Amph Gabbro,Ultramafic (Harzburgite/Dunite),6.42,0.01,2.26,0.11,37.04,0.26,11.75,0.21,1.28,0.19,20.1,27.65,0.02,0.99,,,,,108.28999999999999,9800,15200,0.05,0.09,0.1,7,3.4,5,110,0.7,3,1.5,2.2,433,572,26,10,0.2,10,6.77,1565,1,0.83,0.076,19,8.73,5,190,20,0.59,10,10,236,10,187,,,,,,,,,,,,,9,10,,,,,,,,,,,,,
49,OVD21-116.1,99,,OVD21,,,OVD21-116.1,Strong mineralized gabbro,,X,,,x,,,"Mineralized, serpentinitized, fine to medium grained Amph-peridotite","Relict, Hypidiomorph, Poikilitic, Sidernitleg","Serp aft Ol+Px-40-45%, Hb-15-20%
Alt Pl-5-10%, Alt Cpx-5-10%, Bt-5-10%",Serp-Soss-Talc-Iddinsite-Act-Bt,Mag-Pn-Po-Cpy-Sph,"Same as OVD21-76.6. Difference, however, Ol and Px replaced by serpentine, yet, not completely pseudomorphosed as it in OVD021-76.6. In other words, serpentinization was not strong as it was in those samples. Talc, biotite and fucsites are weakly associated with serpentinization.",,,Amph-Peridotite,Ultramafic (Harzburgite/Dunite),3.94,,2.18,0.18,33.43,0.14,18.45,0.15,0.45,0.08,15.25,27.86,0.02,0.29,,,,,102.42,11050,14750,0.11,0.13,0.16,8.3,2.07,5,30,0.5,4,1.44,3.7,505,883,24.1,10,0.11,10,10.6,1120,1,0.25,0.029,59,9.92,5,137,20,0.17,10,10,57,10,141,,,,,,,,,,,,,8,10,,,,,,,,,,,,,
50,OVD21-121,100,,OVD21,,,OVD21-121,Strong mineralized gabbro,,X,,,x,,,,,,,,,,,,Ultramafic (Harzburgite/Dunite),4.39,,2.53,0.18,32.21,0.15,19,0.16,0.63,0.08,19.9,28.98,0.02,0.3,,,,,108.53,11550,12450.000000000002,0.11,0.11,0.13,6.6,2.35,5,40,0.5,2,1.74,3,488,857,23.2,10,0.12,10,11.25,1205,1,0.37,0.031,77,9.05,5,180,20,0.18,10,10,59,10,135,,,,,,,,,,,,,9,10,,,,,,,,,,,,,
51,OVD21-146.9,101,,OVD21,,,OVD21-146.9,Minerlized gabbro,,X,,,,,,"Mineralized, serpentinitized, fine to medium grained Amph-Peridotite","Relict, Hypidiomorph, Poikilitic, Sidernitleg","Serp aft Ol+Px-45-50%, Hb-20-25%, Alt Pl-1-3%, Bt-10-15%, ",Serp-Soss-Talc-Iddingsite-Act-Bt,Mag-Pn-Po-Cpy,Same as OVD021-76.6. Here in this rock Ol and Px mostly replaced by serpentine completely creating serpentine pseudormorph,,,Amph-Peridotite,Ultramafic (Harzburgite/Dunite),,,,,,,,,,,,,,,,,,,,2980,2990,0.04,0.04,0.07,1.5,4.65,5,40,0.5,2,3.95,1.2,177,713,10.9,10,0.09,40,11.55,1345,1,0.48,0.086,10,2.41,5,206,20,0.46,10,10,109,10,99,,,,,,,,,,,,,15,10,,,,,,,,,,,,,
52,OVD21-148.8,102,,OVD21,,,OVD21-148.8,Minerlized gabbro,,X,,,,,,"Mineralized, serpentinitized, fine to medium grained Amph-Peridotite",,"Serp aft Ol+Px-45-50%, Hb-20-25%, Alt Pl-1-3%, Bt-10-15%, ",,,,,,Amph-Peridotite,Ultramafic (Harzburgite/Dunite),,,,,,,,,,,,,,,,,,,,2100,2010.0000000000002,0.04,0.03,0.04,1.3,5,6,110,0.6,2,3.97,0.7,139,724,9.63,10,0.2,40,11.4,1385,1,0.75,0.093,11,1.38,5,360,20,0.49,10,10,117,10,91,,,,,,,,,,,,,17,10,,,,,,,,,,,,,
53,OVD21-165.2,103,,OVD21,,,OVD21-165.2,Weakly mineralized gabbro,,X,,,,,,"Mineralized, altered gabbro porphyry",,,,,,,,Gabbro Porphyry,Mafic (Pyroxenite),,,,,,,,,,,,,,,,,,,,506,606,0.01,0.01,0.01,0.5,7.58,10,370,0.7,2,5.47,0.5,57,358,6.56,10,0.5,30,6.09,1145,1,2.45,0.105,8,0.57,5,868,20,0.55,10,10,141,10,70,,,,,,,,,,,,,21,20,,,,,,,,,,,,,
54,SC04-168.3,104,,SC04,,,SC04-168.3,Spotted rock with pyrite enrichment,,X,,,,,,"Mineralized, chlorite-sericite micro-schist","Microgranolepidoblast, schistous, Spotty","Sericite-55-60%,Chlorite-25-30%, Qtz-8-10%, Titanite-8-10%",Ser-Chl-Qtz-Carb,Tnt-Py-Cpy,,,,Chl-Ser Micro-Schist,,,,,,,,,,,,,,,,,,,,,140,107,0.001,0.01,0.003,,9.5,6,187,1.3,0.12,3.05,0.05,40.9,253,7.62,20.4,0.87,86,3.96,1094,1.43,1.63,0.1218,5,3.54,0.73,520,1.9,0.41,0.1,0.93,179,0.8,95,76.9,,15,6,0.03,1.3,,1,2.51,,2.21,19,29.5,13.5,35.9,,,,,,0.61,,,,,2.1,0.3
55,SC04-171,105,,SC04,,,SC04-171,Porphyritic basalt?,,X,,,,,,"Carbonatized, silicified metasomatized andesite","Porphyritic, mendal","Alt Pl-55-60%, Alt Mafic minerals-10-15%, Sphene-1-3%",Ser-Chl-Act-Carb-Qtz,Py-Po-Cpy,Ore minerals associated and included in Qtz-Carbonate mendals. ,,,Andesite,,,,,,,,,,,,,,,,,,,,,194,130,0.003,0.01,0.001,,8.59,7,112,1.1,0.28,4.86,0.05,40,274,6.07,17,0.12,75,5.08,993,1.27,2.26,0.1726,5.3,2.47,1.12,723,2,0.59,,1.03,185,1.6,78,92.1,,2.1,6.3,0.05,2.7,,,2.8,,2.3,18.2,21.4,18.6,49,,,,,,0.64,,,,,1.8,0.28
56,SC04-280.7,106,,SC04,,,SC04-280.7,High magnetic diorite dyke,,X,,,,,,"Mineralized, alkalic qtz diorite porphyry","Porphyritic, micro-hypidiomorphic","Alt Pl-55-60%, Alt Mafic minerals-20-25%, Qtz-5-8%, Ksp-3-5%, illm-3-5%, Tnt-1%",Ser-Epi-Chl-Ruth-Act-Carb,illm-Py-Po-Cpy,,,,Alkalic Qtz Diorite Porphyry,,,,,,,,,,,,,,,,,,,,,194,130,0.003,0.01,0.001,,8.59,7,112,1.1,0.28,4.86,0.05,40,274,6.07,17,0.12,75,5.08,993,1.27,2.26,0.1726,5.3,2.47,1.12,723,2,0.59,,1.03,185,1.6,78,92.1,,2.1,6.3,0.05,2.7,,,2.8,,2.3,18.2,21.4,18.6,49,,,,,,0.64,,,,,1.8,0.28
1,47130,,x,OVD024,13.7,13.8,OVD024-13.7,Spotted rock,,x,,,,,,,,,,,,,,,,,,,,,,,,,,,,,,,,,,,,,,,,,,,,,,,,,,,,,,,,,,,,,,,,,,,,,,,,,,,,,,,,,,,,,,,,,,,,,,,,
2,47131,,x,OVD024,18.6,18.7,OVD024-18.6,Gabbro,,,,,,,,,,,,,,,,,,,,,,,,,,,,,,,,,,,,,,,,,,,,,,,,,,,,,,,,,,,,,,,,,,,,,,,,,,,,,,,,,,,,,,,,,,,,,,,,,,
3,47132,,x,OVD024,30.4,30.5,OVD024-30.4,Spotted rock,,x,,,,,,,,,,,,,,,,,,,,,,,,,,,,,,,,,,,,,,,,,,,,,,,,,,,,,,,,,,,,,,,,,,,,,,,,,,,,,,,,,,,,,,,,,,,,,,,,
4,47133,,x,OVD024,34.6,34.7,OVD024-34.6,Spotted rock,,x,,,,,,,,,,,,,,,,,,,,,,,,,,,,,,,,,,,,,,,,,,,,,,,,,,,,,,,,,,,,,,,,,,,,,,,,,,,,,,,,,,,,,,,,,,,,,,,,
5,47134,,x,OVD024,42.2,42.3,OVD024-42.2,Breccia,,,,,,,,,,,,,,,,,,,,,,,,,,,,,,,,,,,,,,,,,,,,,,,,,,,,,,,,,,,,,,,,,,,,,,,,,,,,,,,,,,,,,,,,,,,,,,,,,,
6,47135,,x,OVD024,50.8,50.9,OVD024-50.8,Gabbro Mineralized,,,,,,,,,,,,,,,,,,,,,,,,,,,,,,,,,,,,,,,,,,,,,,,,,,,,,,,,,,,,,,,,,,,,,,,,,,,,,,,,,,,,,,,,,,,,,,,,,,
7,47136,,x,OVD024,54,54.1,OVD024-54,Spotted rock,,,,,,,,,,,,,,,,,,,,,,,,,,,,,,,,,,,,,,,,,,,,,,,,,,,,,,,,,,,,,,,,,,,,,,,,,,,,,,,,,,,,,,,,,,,,,,,,,,
8,47137,,x,OVD024,73.5,73.6,OVD024-73.5,Spotted rock,,,,,,,,,,,,,,,,,,,,,,,,,,,,,,,,,,,,,,,,,,,,,,,,,,,,,,,,,,,,,,,,,,,,,,,,,,,,,,,,,,,,,,,,,,,,,,,,,,
9,47138,,x,OVD024,78,78.1,OVD024-78,Gabbro Mineralized,,x,,,,,,,,,,,,,,,,,,,,,,,,,,,,,,,,,,,,,,,,,,,,,,,,,,,,,,,,,,,,,,,,,,,,,,,,,,,,,,,,,,,,,,,,,,,,,,,,
10,47139,,x,OVD024,86.9,87,OVD024-86.9,Gabbro Mineralized,,x,,,,,,,,,,,,,,,,,,,,,,,,,,,,,,,,,,,,,,,,,,,,,,,,,,,,,,,,,,,,,,,,,,,,,,,,,,,,,,,,,,,,,,,,,,,,,,,,
11,47140,,x,OVD024,107.8,107.9,OVD024-107.8,Gabbro Mineralized,,x,,,,,,,,,,,,,,,,,,,,,,,,,,,,,,,,,,,,,,,,,,,,,,,,,,,,,,,,,,,,,,,,,,,,,,,,,,,,,,,,,,,,,,,,,,,,,,,,
12,47141,,x,OVD024,148.3,148.4,OVD024-148.3,Gabbro Mineralized,,x,,,,,,,,,,,,,,,,,,,,,,,,,,,,,,,,,,,,,,,,,,,,,,,,,,,,,,,,,,,,,,,,,,,,,,,,,,,,,,,,,,,,,,,,,,,,,,,,
13,47142,,x,OVD024,160.5,160.6,OVD024-160.5,Breccia ,,,,,,,,,,,,,,,,,,,,,,,,,,,,,,,,,,,,,,,,,,,,,,,,,,,,,,,,,,,,,,,,,,,,,,,,,,,,,,,,,,,,,,,,,,,,,,,,,,
14,47143,,x,OVD025,32.6,32.7,OVD025-32.6,Sandstone,,x,,,,,,,,,,,,,,,,,,,,,,,,,,,,,,,,,,,,,,,,,,,,,,,,,,,,,,,,,,,,,,,,,,,,,,,,,,,,,,,,,,,,,,,,,,,,,,,,
15,47144,,x,OVD025,37.7,37.8,OVD025-37.7,Gabbro Mineralized,,x,,,,,,,,,,,,,,,,,,,,,,,,,,,,,,,,,,,,,,,,,,,,,,,,,,,,,,,,,,,,,,,,,,,,,,,,,,,,,,,,,,,,,,,,,,,,,,,,
16,47145,,x,OVD025,43.2,43.3,OVD025-43.2,Dolerite,,x,,,,,,,,,,,,,,,,,,,,,,,,,,,,,,,,,,,,,,,,,,,,,,,,,,,,,,,,,,,,,,,,,,,,,,,,,,,,,,,,,,,,,,,,,,,,,,,,
17,47146,,x,OVD025,45.3,45.4,OVD025-45.3,Gabbro Mineralized S,,x,,,x,,,,,,,,,,,,,,,,,,,,,,,,,,,,,,,,,,,,,,,,,,,,,,,,,,,,,,,,,,,,,,,,,,,,,,,,,,,,,,,,,,,,,,,,,,,,,
18,47147,,x,OVD025,46.9,47,OVD025-46.9,Gabbro Mineralized,,x,,,,,,,,,,,,,,,,,,,,,,,,,,,,,,,,,,,,,,,,,,,,,,,,,,,,,,,,,,,,,,,,,,,,,,,,,,,,,,,,,,,,,,,,,,,,,,,,
19,47148,,x,OVD025,53.15,53.25,OVD025-53.15,Dolerite,,x,,,,,,,,,,,,,,,,,,,,,,,,,,,,,,,,,,,,,,,,,,,,,,,,,,,,,,,,,,,,,,,,,,,,,,,,,,,,,,,,,,,,,,,,,,,,,,,,
20,47149,,x,OVD025,55.4,55.5,OVD025-55.4,Dolerite,,x,,,,,,,,,,,,,,,,,,,,,,,,,,,,,,,,,,,,,,,,,,,,,,,,,,,,,,,,,,,,,,,,,,,,,,,,,,,,,,,,,,,,,,,,,,,,,,,,
21,47150,,x,OVD025,57.4,57.5,OVD025-57.4,Dolerite,,x,,,,,,,,,,,,,,,,,,,,,,,,,,,,,,,,,,,,,,,,,,,,,,,,,,,,,,,,,,,,,,,,,,,,,,,,,,,,,,,,,,,,,,,,,,,,,,,,
22,47151,,x,OVD025,58.55,58.65,OVD025-58.55,Sandstone,,x,,,,,,,,,,,,,,,,,,,,,,,,,,,,,,,,,,,,,,,,,,,,,,,,,,,,,,,,,,,,,,,,,,,,,,,,,,,,,,,,,,,,,,,,,,,,,,,,
23,47152,,x,OVD025,61.4,61.5,OVD025-61.4,Tuff sandstone ,,x,,,,,,,,,,,,,,,,,,,,,,,,,,,,,,,,,,,,,,,,,,,,,,,,,,,,,,,,,,,,,,,,,,,,,,,,,,,,,,,,,,,,,,,,,,,,,,,,
24,47153,,x,OVD025,51.3,51.4,OVD025-51.3,Massive Sulphide,,x,,,x,,,,,,,,,,,,,,,,,,,,,,,,,,,,,,,,,,,,,,,,,,,,,,,,,,,,,,,,,,,,,,,,,,,,,,,,,,,,,,,,,,,,,,,,,,,,,
25,47154,,x,OVD022,8.7,8.9,OVD022-8.7,Breccia,,x,,,,,,,,,,,,,,,,,,,,,,,,,,,,,,,,,,,,,,,,,,,,,,,,,,,,,,,,,,,,,,,,,,,,,,,,,,,,,,,,,,,,,,,,,,,,,,,,
26,47155,,x,OVD022,36.9,37,OVD022-36.9,Gabbro mineralized,,x,,,,,,,,,,,,,,,,,,,,,,,,,,,,,,,,,,,,,,,,,,,,,,,,,,,,,,,,,,,,,,,,,,,,,,,,,,,,,,,,,,,,,,,,,,,,,,,,
27,47156,,x,OVD022,45.4,45.5,OVD022-45.4,Gabbro mineralized,,x,,,,,,,,,,,,,,,,,,,,,,,,,,,,,,,,,,,,,,,,,,,,,,,,,,,,,,,,,,,,,,,,,,,,,,,,,,,,,,,,,,,,,,,,,,,,,,,,
28,47157,,x,OVD022,55.6,55.7,OVD022-55.6,Gabbro mineralized,,x,,,,,,,,,,,,,,,,,,,,,,,,,,,,,,,,,,,,,,,,,,,,,,,,,,,,,,,,,,,,,,,,,,,,,,,,,,,,,,,,,,,,,,,,,,,,,,,,
29,47158,,x,OVD022,65.7,65.8,OVD022-65.7,Gabbro mineralized,,x,,,,,,,,,,,,,,,,,,,,,,,,,,,,,,,,,,,,,,,,,,,,,,,,,,,,,,,,,,,,,,,,,,,,,,,,,,,,,,,,,,,,,,,,,,,,,,,,
30,47159,,x,OVD022,89.05,89.15,OVD022-89.05,Gabbro mineralized,,x,,,,,,,,,,,,,,,,,,,,,,,,,,,,,,,,,,,,,,,,,,,,,,,,,,,,,,,,,,,,,,,,,,,,,,,,,,,,,,,,,,,,,,,,,,,,,,,,
31,47160,,x,OVD022,96.25,96.35,OVD022-96.25,Gabbro mineralized,,x,,,,,,,,,,,,,,,,,,,,,,,,,,,,,,,,,,,,,,,,,,,,,,,,,,,,,,,,,,,,,,,,,,,,,,,,,,,,,,,,,,,,,,,,,,,,,,,,
32,47161,,x,OVD022,99.25,99.35,OVD022-99.25,Dolerite,,x,,,,,,,,,,,,,,,,,,,,,,,,,,,,,,,,,,,,,,,,,,,,,,,,,,,,,,,,,,,,,,,,,,,,,,,,,,,,,,,,,,,,,,,,,,,,,,,,
33,47162,,x,OVD022,105.6,105.7,OVD022-105.6,Gabbro mineralized,,x,,,,,,,,,,,,,,,,,,,,,,,,,,,,,,,,,,,,,,,,,,,,,,,,,,,,,,,,,,,,,,,,,,,,,,,,,,,,,,,,,,,,,,,,,,,,,,,,
34,47163,,x,OVD022,112.3,112.4,OVD022-112.3,Dolerite,,x,,,,,,,,,,,,,,,,,,,,,,,,,,,,,,,,,,,,,,,,,,,,,,,,,,,,,,,,,,,,,,,,,,,,,,,,,,,,,,,,,,,,,,,,,,,,,,,,
35,47164,,x,OVD022,124.2,124.3,OVD022-124.2,Spotted rock,,x,,,,,,,,,,,,,,,,,,,,,,,,,,,,,,,,,,,,,,,,,,,,,,,,,,,,,,,,,,,,,,,,,,,,,,,,,,,,,,,,,,,,,,,,,,,,,,,,
36,47165,,x,OVD022,136.8,136.9,OVD022-136.8,Spotted rock,,x,,,,,,,,,,,,,,,,,,,,,,,,,,,,,,,,,,,,,,,,,,,,,,,,,,,,,,,,,,,,,,,,,,,,,,,,,,,,,,,,,,,,,,,,,,,,,,,,
37,47166,,x,OVD022,145,146,OVD022-145,Gabbro Mineralized s,,x,,,,,,,,,,,,,,,,,,,,,,,,,,,,,,,,,,,,,,,,,,,,,,,,,,,,,,,,,,,,,,,,,,,,,,,,,,,,,,,,,,,,,,,,,,,,,,,,
38,47167,,x,OVD022,163.8,163.9,OVD022-163.8,Siltstone,,x,,,,,,,,,,,,,,,,,,,,,,,,,,,,,,,,,,,,,,,,,,,,,,,,,,,,,,,,,,,,,,,,,,,,,,,,,,,,,,,,,,,,,,,,,,,,,,,,
39,47168,,,OVD023,15.65,15.75,OVD023-15.65,Gabbro Mineralized,,x,,,,,,,,,,,,,,,,,,,,,,,,,,,,,,,,,,,,,,,,,,,,,,,,,,,,,,,,,,,,,,,,,,,,,,,,,,,,,,,,,,,,,,,,,,,,,,,,
40,47169,,,OVD023,29.8,29.9,OVD023-29.8,Dolerite,,x,,,,,,,,,,,,,,,,,,,,,,,,,,,,,,,,,,,,,,,,,,,,,,,,,,,,,,,,,,,,,,,,,,,,,,,,,,,,,,,,,,,,,,,,,,,,,,,,
41,47170,,,OVD023,34.3,34.4,OVD023-34.3,Gabbro mineralized M,,x,,,,,,,,,,,,,,,,,,,,,,,,,,,,,,,,,,,,,,,,,,,,,,,,,,,,,,,,,,,,,,,,,,,,,,,,,,,,,,,,,,,,,,,,,,,,,,,,
42,47171,,,OVD023,65.7,65.8,OVD023-65.7,Gabbro Mineralized M,,x,,,,,,,,,,,,,,,,,,,,,,,,,,,,,,,,,,,,,,,,,,,,,,,,,,,,,,,,,,,,,,,,,,,,,,,,,,,,,,,,,,,,,,,,,,,,,,,,
43,47172,,,OVD023,83.8,83.9,OVD023-83.8,Gabbro Mineralized M,,x,,,,,,,,,,,,,,,,,,,,,,,,,,,,,,,,,,,,,,,,,,,,,,,,,,,,,,,,,,,,,,,,,,,,,,,,,,,,,,,,,,,,,,,,,,,,,,,,
44,47173,,,OVD023,124.5,124.6,OVD023-124.5,Spotted rock,,x,,,,,,,,,,,,,,,,,,,,,,,,,,,,,,,,,,,,,,,,,,,,,,,,,,,,,,,,,,,,,,,,,,,,,,,,,,,,,,,,,,,,,,,,,,,,,,,,
45,47174,,,OVD023,135.4,135.5,OVD023-135.4,Breccia,,x,,,,,,,,,,,,,,,,,,,,,,,,,,,,,,,,,,,,,,,,,,,,,,,,,,,,,,,,,,,,,,,,,,,,,,,,,,,,,,,,,,,,,,,,,,,,,,,,
46,47175,,,OVD023,142.8,142.9,OVD023-142.8,Siltstone,,x,,,,,,,,,,,,,,,,,,,,,,,,,,,,,,,,,,,,,,,,,,,,,,,,,,,,,,,,,,,,,,,,,,,,,,,,,,,,,,,,,,,,,,,,,,,,,,,,
47,47176,,,OVD023,144,114.1,OVD023-144,Gabbro Mineralized P,,x,,,,,,,,,,,,,,,,,,,,,,,,,,,,,,,,,,,,,,,,,,,,,,,,,,,,,,,,,,,,,,,,,,,,,,,,,,,,,,,,,,,,,,,,,,,,,,,,
48,47177,,x,OVD026,14.9,15.1,OVD026-15,Gabbro mineralized,,x,,,,,,,,,,,,,,,,,,,,,,,,,,,,,,,,,,,,,,,,,,,,,,,,,,,,,,,,,,,,,,,,,,,,,,,,,,,,,,,,,,,,,,,,,,,,,,,,
49,47178,,,OVD026,16.4,16.6,OVD026-16.5,Gabbro mineralized,,x,,,,,,,,,,,,,,,,,,,,,,,,,,,,,,,,,,,,,,,,,,,,,,,,,,,,,,,,,,,,,,,,,,,,,,,,,,,,,,,,,,,,,,,,,,,,,,,,
50,47179,,x,OVD026,19.9,20.1,OVD026-20,Gabbro mineralized,,x,,,,,,,,,,,,,,,,,,,,,,,,,,,,,,,,,,,,,,,,,,,,,,,,,,,,,,,,,,,,,,,,,,,,,,,,,,,,,,,,,,,,,,,,,,,,,,,,
51,47180,,x,OVD026,32.699999999999996,32.9,OVD026-32.8,Hydrothermal altered gabbro,,x,,,,,,,,,,,,,,,,,,,,,,,,,,,,,,,,,,,,,,,,,,,,,,,,,,,,,,,,,,,,,,,,,,,,,,,,,,,,,,,,,,,,,,,,,,,,,,,,
52,47181,,x,OVD026,42.3,42.5,OVD026-42.4,Gabbro mineralized,,x,,,,,,,,,,,,,,,,,,,,,,,,,,,,,,,,,,,,,,,,,,,,,,,,,,,,,,,,,,,,,,,,,,,,,,,,,,,,,,,,,,,,,,,,,,,,,,,,
53,47182,,x,OVD026,51.1,51.300000000000004,OVD026-51.2,Gabbro mineralized,,x,,,,,,,,,,,,,,,,,,,,,,,,,,,,,,,,,,,,,,,,,,,,,,,,,,,,,,,,,,,,,,,,,,,,,,,,,,,,,,,,,,,,,,,,,,,,,,,,
54,47183,,x,OVD026,61.699999999999996,61.9,OVD026-61.8,Gabbro mineralized,,x,,,x,,,,,,,,,,,,,,,,,,,,,,,,,,,,,,,,,,,,,,,,,,,,,,,,,,,,,,,,,,,,,,,,,,,,,,,,,,,,,,,,,,,,,,,,,,,,,
55,47184,,x,OVD026,71.7,71.89999999999999,OVD026-71.8,Gabbro mineralized,,x,,,,,,,,,,,,,,,,,,,,,,,,,,,,,,,,,,,,,,,,,,,,,,,,,,,,,,,,,,,,,,,,,,,,,,,,,,,,,,,,,,,,,,,,,,,,,,,,
56,47185,,x,OVD026,84.10000000000001,84.3,OVD026-84.2,Gabbro mineralized,,x,,,,,,,,,,,,,,,,,,,,,,,,,,,,,,,,,,,,,,,,,,,,,,,,,,,,,,,,,,,,,,,,,,,,,,,,,,,,,,,,,,,,,,,,,,,,,,,,
57,47186,,x,OVD026,91.7,91.89999999999999,OVD026-91.8,Dense dissemination,,x,,,,,,,,,,,,,,,,,,,,,,,,,,,,,,,,,,,,,,,,,,,,,,,,,,,,,,,,,,,,,,,,,,,,,,,,,,,,,,,,,,,,,,,,,,,,,,,,
58,47187,,x,OVD026,92.80000000000001,93,OVD026-92.9,Dense dissemination,,x,,,,,,,,,,,,,,,,,,,,,,,,,,,,,,,,,,,,,,,,,,,,,,,,,,,,,,,,,,,,,,,,,,,,,,,,,,,,,,,,,,,,,,,,,,,,,,,,
59,47189,,x,OVD026,96.10000000000001,96.3,OVD026-96.2,Net textured,,x,,,x,,,,,,,,,,,,,,,,,,,,,,,,,,,,,,,,,,,,,,,,,,,,,,,,,,,,,,,,,,,,,,,,,,,,,,,,,,,,,,,,,,,,,,,,,,,,,
60,47192,,x,OVD026,100.9,101.1,OVD026-101,Net textured,,x,,,x,,,,,,,,,,,,,,,,,,,,,,,,,,,,,,,,,,,,,,,,,,,,,,,,,,,,,,,,,,,,,,,,,,,,,,,,,,,,,,,,,,,,,,,,,,,,,
61,47188,,x,OVD026,104.9,105.1,OVD026-105,Massive sulphide top contact,,x,,,,,,,,,,,,,,,,,,,,,,,,,,,,,,,,,,,,,,,,,,,,,,,,,,,,,,,,,,,,,,,,,,,,,,,,,,,,,,,,,,,,,,,,,,,,,,,,
62,47191,,x,OVD026,105.4,105.6,OVD026-105.5,Massive sulphide,,x,,,x,,,,,,,,,,,,,,,,,,,,,,,,,,,,,,,,,,,,,,,,,,,,,,,,,,,,,,,,,,,,,,,,,,,,,,,,,,,,,,,,,,,,,,,,,,,,,
63,47190,,x,OVD026,106.7,106.89999999999999,OVD026-106.8,Massive sulphide bottom contact,,x,,,x,,,,,,,,,,,,,,,,,,,,,,,,,,,,,,,,,,,,,,,,,,,,,,,,,,,,,,,,,,,,,,,,,,,,,,,,,,,,,,,,,,,,,,,,,,,,,
64,47193,,x,OVD026,110.9,111.1,OVD026-111,Gabbro mineralized,,x,,,,,,,,,,,,,,,,,,,,,,,,,,,,,,,,,,,,,,,,,,,,,,,,,,,,,,,,,,,,,,,,,,,,,,,,,,,,,,,,,,,,,,,,,,,,,,,,
65,47194,,x,OVD027,52.1,52.300000000000004,OVD027-52.2,Gabbro mineralized,,x,,,,,,,,,,,,,,,,,,,,,,,,,,,,,,,,,,,,,,,,,,,,,,,,,,,,,,,,,,,,,,,,,,,,,,,,,,,,,,,,,,,,,,,,,,,,,,,,
66,47195,,x,OVD027,64,64.2,OVD027-64.1,Altered mineralized gabbro,,x,,,,,,,,,,,,,,,,,,,,,,,,,,,,,,,,,,,,,,,,,,,,,,,,,,,,,,,,,,,,,,,,,,,,,,,,,,,,,,,,,,,,,,,,,,,,,,,,
67,47196,,x,OVD027,67.5,67.69999999999999,OVD027-67.6,Altered mineralized gabbro,,x,,,,,,,,,,,,,,,,,,,,,,,,,,,,,,,,,,,,,,,,,,,,,,,,,,,,,,,,,,,,,,,,,,,,,,,,,,,,,,,,,,,,,,,,,,,,,,,,
68,47198,,x,OVD027,78.9,79.1,OVD027-79,Semi massive,,x,,,,,,,,,,,,,,,,,,,,,,,,,,,,,,,,,,,,,,,,,,,,,,,,,,,,,,,,,,,,,,,,,,,,,,,,,,,,,,,,,,,,,,,,,,,,,,,,
69,47197,,x,OVD027,79.60000000000001,79.8,OVD027-79.7,Gabbro mineralized,,x,,,,,,,,,,,,,,,,,,,,,,,,,,,,,,,,,,,,,,,,,,,,,,,,,,,,,,,,,,,,,,,,,,,,,,,,,,,,,,,,,,,,,,,,,,,,,,,,
70,47199,,x,OVD027,94.30000000000001,94.5,OVD027-94.4,Gabbro mineralized,,x,,,x,,,,,,,,,,,,,,,,,,,,,,,,,,,,,,,,,,,,,,,,,,,,,,,,,,,,,,,,,,,,,,,,,,,,,,,,,,,,,,,,,,,,,,,,,,,,,
71,47200,,,OVD027,98,98.19999999999999,OVD027-98.1,Massive sulphide top contact,,x,,,,,,,,,,,,,,,,,,,,,,,,,,,,,,,,,,,,,,,,,,,,,,,,,,,,,,,,,,,,,,,,,,,,,,,,,,,,,,,,,,,,,,,,,,,,,,,,
72,47091,,x,OVD027,98.9,99.1,OVD027-99,Massive sulphide,,x,,,x,,,,,,,,,,,,,,,,,,,,,,,,,,,,,,,,,,,,,,,,,,,,,,,,,,,,,,,,,,,,,,,,,,,,,,,,,,,,,,,,,,,,,,,,,,,,,
73,47092,,,OVD027,109.7,109.89999999999999,OVD027-109.8,Gabbro mineralized,,x,,,,,,,,,,,,,,,,,,,,,,,,,,,,,,,,,,,,,,,,,,,,,,,,,,,,,,,,,,,,,,,,,,,,,,,,,,,,,,,,,,,,,,,,,,,,,,,,
74,47093,,x,OVD027,116.7,116.89999999999999,OVD027-116.8,Gabbro mineralized,,x,,,,,,,,,,,,,,,,,,,,,,,,,,,,,,,,,,,,,,,,,,,,,,,,,,,,,,,,,,,,,,,,,,,,,,,,,,,,,,,,,,,,,,,,,,,,,,,,
75,47094,,,OVD027,120.30000000000001,120.5,OVD027-120.4,Gabbro mineralized,,x,,,,,,,,,,,,,,,,,,,,,,,,,,,,,,,,,,,,,,,,,,,,,,,,,,,,,,,,,,,,,,,,,,,,,,,,,,,,,,,,,,,,,,,,,,,,,,,,
76,47095,,x,OVD027,134.9,135.1,OVD027-135,Gabbro mineralized,,x,,,,,,,,,,,,,,,,,,,,,,,,,,,,,,,,,,,,,,,,,,,,,,,,,,,,,,,,,,,,,,,,,,,,,,,,,,,,,,,,,,,,,,,,,,,,,,,,
77,47096,,x,OVD028,16.7,16.900000000000002,OVD028-16.8,Gabbro mineralized,,x,,,,,,,,,,,,,,,,,,,,,,,,,,,,,,,,,,,,,,,,,,,,,,,,,,,,,,,,,,,,,,,,,,,,,,,,,,,,,,,,,,,,,,,,,,,,,,,,
78,47097,,,OVD028,21.099999999999998,21.3,OVD028-21.2,Gabbro mineralized,,x,,,,,,,,,,,,,,,,,,,,,,,,,,,,,,,,,,,,,,,,,,,,,,,,,,,,,,,,,,,,,,,,,,,,,,,,,,,,,,,,,,,,,,,,,,,,,,,,
79,47098,,x,OVD028,23.4,23.6,OVD028-23.5,Diabase,,x,,,,,,,,,,,,,,,,,,,,,,,,,,,,,,,,,,,,,,,,,,,,,,,,,,,,,,,,,,,,,,,,,,,,,,,,,,,,,,,,,,,,,,,,,,,,,,,,
80,47099,,x,OVD028,26.799999999999997,27,OVD028-26.9,Breccia,,x,,,,,,,,,,,,,,,,,,,,,,,,,,,,,,,,,,,,,,,,,,,,,,,,,,,,,,,,,,,,,,,,,,,,,,,,,,,,,,,,,,,,,,,,,,,,,,,,
81,47100,,x,OVD028,28.799999999999997,29,OVD028-28.9,Gabbro mineralized,,x,,,,,,,,,,,,,,,,,,,,,,,,,,,,,,,,,,,,,,,,,,,,,,,,,,,,,,,,,,,,,,,,,,,,,,,,,,,,,,,,,,,,,,,,,,,,,,,,
82,OVD028-38,,x,OVD028,37.9,38.1,OVD028-38,Gravely sandstone,,x,,,,,,,,,,,,,,,,,,,,,,,,,,,,,,,,,,,,,,,,,,,,,,,,,,,,,,,,,,,,,,,,,,,,,,,,,,,,,,,,,,,,,,,,,,,,,,,,
83,OVD029-4,,,OVD029,3.9,4.1,OVD029-4,Granodiorite,,x,,,,,,,,,,,,,,,,,,,,,,,,,,,,,,,,,,,,,,,,,,,,,,,,,,,,,,,,,,,,,,,,,,,,,,,,,,,,,,,,,,,,,,,,,,,,,,,,
84,OVD029-129.4,,,OVD029,129.35,129.45,OVD029-129.4,Gabbro,,x,,,,,,,,,,,,,,,,,,,,,,,,,,,,,,,,,,,,,,,,,,,,,,,,,,,,,,,,,,,,,,,,,,,,,,,,,,,,,,,,,,,,,,,,,,,,,,,,
85,OVD029-122.4,,,OVD029,122.35,122.45,OVD029-122.4,Gabbro,,x,,,,,,,,,,,,,,,,,,,,,,,,,,,,,,,,,,,,,,,,,,,,,,,,,,,,,,,,,,,,,,,,,,,,,,,,,,,,,,,,,,,,,,,,,,,,,,,,
