ioGAS number,Rock type,Al2O3 %,BaO %,CaO %,Cr2O3 %,Fe2O3 %,K2O %,MgO %,MnO %,Na2O %,P2O5 %,SO3 %,SiO2 %,SrO %,TiO2 %,PbO %,CuO %,V2O5 %,ZnO %,Ni PPM,Cu PPM,Au PPM,Pt PPM,Pd PPM,Ag PPM,Al %,As PPM,Ba PPM,Be PPM,Bi PPM,Ca %,Cd PPM,Co PPM,Cr PPM,Fe %,Ga PPM,K %,Li PPM,Mg %,Mn PPM,Mo PPM,Na %,P %,Pb PPM,S %,Sb PPM,Sr PPM,Th PPM,Ti %,Tl PPM,U PPM,V PPM,W PPM,Zn PPM,Zr PPM,Se PPM,Rb PPM,Nb PPM,In PPM,Sn PPM,Te PPM,Cs PPM,Hf PPM,Ge PPM,Ta PPM,Y PPM,Sc PPM,La PPM,Ce PPM,Pr PPM,Nd PPM,Sm PPM,Eu PPM,Gd PPM,Tb PPM,Dy PPM,Ho PPM,Er PPM,Tm PPM,Yb PPM,Lu PPM
1,Gossan,,,,,,,,,,,,,,,,,,,316,5986,0.131,0.12,0.11,8.34,0.24,,11,,0.3,3.81,0.8,43.6,80,10,,,0,0.09,124,3,,,,0.21,,129,,,,4.36,7,1,,5.1,,,,,,2.78,,,,,1.1,,,,,0.6,,,0.17,,0.13,,0.09,,0.1,
2,Gossan,,,,,,,,,,,,,,,,,,,2060,243400,0.114,0.16,0.17,23.2,1,,26,,2.4,4.27,2.1,234,202,22.4,,,0,0.14,270,5,,,52,2.97,,217,,0.03,,3.87,27,1,36,1.4,,,,0.3,4,2.15,,,1,,2.1,,1.1,3.9,0.41,1.7,0.4,0.15,0.55,0.08,0.47,0.11,0.23,,0.2,
3,Gossan,,,,,,,,,,,,,,,,,,,2060,243400,0.114,0.16,0.17,23.2,1,,26,,2.4,4.27,2.1,234,202,22.4,,,0,0.14,270,5,,,52,2.97,,217,,0.03,,3.87,27,1,36,1.4,,,,0.3,4,2.15,,,1,,2.1,,1.1,3.9,0.41,1.7,0.4,0.15,0.55,0.08,0.47,0.11,0.23,,0.2,
4,Phyllite,15.71,0.26,2.28,0.04,18.26,0.32,5.13,0.15,1.6,0.15,0.1,44.74,,0.76,,0.79,0.03,,6397,7756.999999999999,0.064,0.02,0.018,1.46,7.97,13,193,,0.3,1.5,0.3,278,235,10.59,17,,44,3.07,1063,,,0.04,19,0.03,0.2,829,1.6,0.4,,2.59,199,,147,43.2,,2.6,2,,1,0.34,1.3,2,3,,11.4,34,9.6,22.4,3.06,14.4,3.3,1.1,3.08,0.47,2.6,0.48,1.32,0.23,1.5,0.24
5,Diabase,18.11,0.05,1.83,0.02,10.93,1.33,4.39,0.17,2.5,0.17,0.1,51.59,,1.1,,0.05,0.04,,355,662,0.005,0.01,0.004,0.68,9.96,6,218,,,1.35,0.3,40,137,7.43,21,0.94,68,2.74,1322,,,0.07,9,0.02,0.4,338,1.5,0.67,,1.02,222,,111,94.1,,21.5,5,,2,0.09,0.9,3,2,,26.2,33,10.8,23.1,3.24,15.6,3.8,1.31,4.67,0.74,4.81,0.96,2.85,0.39,2.7,0.47
6,Bt-Amph Gabbro,9.27,0.07,9.53,0.13,11.06,0.37,15.31,0.18,0.83,0.18,0.3,38.12,,0.76,,0.08,0.02,,983,861,0.017,0.02,0.018,0.45,5.05,,129,,0.1,7.03,0.3,96,811,6.51,10,,70,9.75,1264,,,0.08,9,0.12,0.1,353,0.6,0.46,,0.77,103,,60,22.6,,3.6,3,,,0.19,1.3,2,1,,13.4,17,9.4,21.4,2.86,12.5,2.8,0.94,2.72,0.41,2.64,0.48,1.3,0.2,1.3,0.18
7,Diabase,11.23,0.05,8.48,0.1,11.18,0.53,13.86,0.19,1.66,0.24,2.64,41.17,,0.92,,0.08,0.03,,881,919,0.021,0.02,0.017,0.76,5.99,,224,,0.2,6.08,0.3,87.4,623,7.31,12,,41,8.53,1362,,,0.09,12,1.41,0.1,444,0.9,0.53,,0.73,135,,79,23.5,,4.1,4,,,0.22,0.8,3,2,,18.6,21,12.3,27.9,3.66,16.2,3.5,1.13,3.93,0.58,3.55,0.69,1.85,0.25,1.9,0.26
8,Alkalic Bt Diorite,10.98,0.15,1.4,0.03,30.37,0.51,4.54,0.17,1.6,0.12,9.89,32.27,,0.59,,0.67,0.02,,1.19,8698,0.122,0.2,0.216,4.17,5.52,9,105,,1.8,0.84,1.8,542,195,19.33,11,,42,2.94,1084,,,0.03,42,14.66,0.5,220,0.8,0.33,,0.55,113,,97,13.1,,5.4,3,0.2,2,2.1,0.9,2,2,,13.6,18,7.5,16.2,2.06,9.5,2.3,0.7,2.59,0.41,2.71,0.52,1.4,0.21,1.5,0.24
9,Amph Gabbro,7.43,,3.6,0.18,18.38,0.14,16.41,0.15,0.51,0.15,0.23,39.77,,0.69,,1.03,0.01,0.02,3378,5019,0.038,0.03,0.041,2.86,4.27,,64,,1.3,2.37,0.8,178,1076,12.52,9,0.24,25,10.23,991,,,0.04,28,0.1,0.2,258,0.8,0.39,,1.7,97,,106,64,,1.8,3,,2,0.9,0.8,2,1,,12.6,15,8.1,19,2.67,11.9,2.7,0.88,2.71,0.46,2.58,0.52,1.41,0.21,1.2,0.19
10,Amph Gabbro,10.6,,4.28,0.1,15.52,0.37,15.09,0.17,1.3,0.26,4.51,42.08,,0.89,,0.49,0.02,0.02,3441,4213,0.052,0.06,0.063,3.11,5.74,,147,,1.4,2.83,1.5,175,658,10.97,13,0.17,22,9.46,1208,,,0.09,17,2.75,0.2,290,1.7,0.51,,0.49,126,,97,95.3,,4,3,,2,1.02,0.2,2,2,,17.4,18,12.9,29.1,3.93,17.2,3.7,1.2,3.79,0.57,3.36,0.65,1.78,0.25,1.8,0.23
11,,13.75,,4.7,0.06,13.98,0.52,10.18,0.17,2.35,0.26,4.17,44,,1.09,,0.33,0.03,0.02,2455,2769,0.026,0.03,0.03,1.81,7.4,24,182,,0.6,3.1,0.9,149,392,9.61,17,0.27,24,6.11,1253,,,0.09,17,2.46,0.3,400,1.6,0.61,,0.69,149,,113,118,,6.1,5,,2,0.37,0.4,3,2,,21,23,13.8,31,4.24,18.5,4,1.3,4.75,0.65,4.08,0.81,2.17,0.32,2.2,0.31
12,Amph Gabbro,,,,,,,,,,,,,,,,,,,102,91.79999999999998,0.001,0.01,0.005,,7.99,7,158,0.9,,0.39,0.04,30.4,171,8.25,22.8,1.36,71,3.15,1020,0.27,1.58,0.0322,3.4,0.28,0.11,146,0.5,0.23,0.1,0.6,172,0.3,69,22.9,,11.5,1.6,0.04,0.3,,,1.07,,0.11,6.3,28.8,2.5,6.65,,,,,,0.26,,,,,1.1,0.17
13,Diabase,,,,,,,,,,,,,,,,,,,68.3,98.6,0.003,0.01,0.004,0.22,7.83,6,224,1,0.07,0.92,0.09,28.3,106,7.3,21.5,1.57,76,2.44,1040,0.7,2.19,0.0591,7.6,0.99,0.27,427,1.2,0.39,0.14,0.96,188,0.3,108,86.1,,26.1,2.6,0.09,0.9,,1,2.86,,0.17,15.8,27.4,8,18.7,,,,,,0.52,,,,,2,0.3
14,Phyllite,,,,,,,,,,,,,,,,,,,13.1,66,0.002,0.01,0.002,0.17,8.31,5,85,0.6,0.05,5.59,0.07,17.9,24,6.86,17.4,0.63,81,1.95,2596,0.46,2.72,0.0817,5.7,0.29,0.13,348,1,0.64,0.06,0.65,187,0.4,102,98,,13.5,2,0.08,0.9,,,3.11,,0.14,28.7,25.3,8.8,21.1,,,,,,0.83,,,,,2.9,0.42
15,Schist,,,,,,,,,,,,,,,,,,,65.5,90.4,0.002,0.01,0.003,0.13,9,5,231,0.8,0.06,3.55,0.09,26.7,150,6.88,20.1,1.14,86,2.68,1107,0.42,2.5,0.0558,8.2,0.71,0.21,456,1.7,0.49,0.11,0.98,159,0.4,89,91.6,,21.5,3.1,0.06,0.8,,,2.89,,0.21,22.4,30.7,10,23.3,,,,,,0.66,,,,,2.3,0.33
16,Schist,,,,,,,,,,,,,,,,,,,37.4,66.2,0.001,0.01,0.003,0.15,8.86,4,164,0.6,0.04,2.53,0.09,21.7,82,6.89,19.3,0.84,89,2,1112,0.31,4.14,0.0375,4.6,0.71,0.22,336,0.7,0.55,0.08,0.36,166,0.3,96,66.7,,7.5,2.2,0.06,0.9,,,2.35,,0.15,16.1,24.3,3.9,9.99,,,,,,0.51,,,,,1.9,0.25
17,Px-Hb Gabbro,12.2,0.05,5.87,0.09,11.59,0.33,14.15,0.18,2.05,0.25,1.73,45.04,,1.02,,0.07,,,1257,1098,0.012,0.01,0.013,0.53,6.84,,157,,0.3,4.31,0.5,104,655,9.04,14,0.2,23,8.97,1283,,,0.11,9,0.89,0.2,460,1.4,0.63,,0.49,147,,97,90.6,,3.9,5,,,0.26,0.3,3,2,,22,23,14.4,30.6,4.03,18,4.5,1.4,4.82,0.66,3.9,0.84,2.18,0.34,2,0.31
18,Amph Gabbro,11.38,0.12,5.13,0.09,14.31,0.32,13.59,0.17,1.62,0.25,4.16,41.86,,0.92,,0.15,,,2793,3680,0.037,0.04,0.048,2.48,6.49,,154,,1,3.83,1,152,653,11.34,14,0.17,25,8.81,1264,,,0.1,14,2.87,,390,1.1,0.58,,0.46,138,,100,90.3,,3.9,5,,2,0.83,0.4,3,2,,19.9,22,11.9,28.3,3.73,16.5,4.2,1.23,4.32,0.6,3.34,0.78,2.21,0.3,1.9,0.3
19,Amph Gabbro,10.62,0.04,5.54,0.07,14.27,0.21,8.71,0.13,1.74,0.21,2.52,47.86,,0.86,,0.17,0.03,,1607,1704,0.048,0.03,0.041,1.19,6.65,,132,,0.5,4.04,1.1,107,485,10.69,12,0.3,25,6.1,935,,,0.08,14,1.23,0.2,411,0.9,0.5,,0.46,124,,77,91.3,,1.9,4,,,0.9,0.9,2,2,,15.7,22,9.2,21.7,2.8,12.9,3.2,1.06,3.42,0.51,3.1,0.61,1.59,0.24,1.6,0.22
20,Amph Gabbro,,,,,,,,,,,,,,,,,,,567,224,0.002,0.01,0.004,0.22,12.53,13,289,1,0.09,0.61,0.34,40.2,138,8.27,22.2,1.78,94,2.66,888,3.36,1.49,0.077,8.2,0.49,0.39,468,1.1,0.5,0.21,1.63,191,0.6,107,73.2,4,21.3,3.2,0.09,1,0.09,2,2.26,,0.22,13.3,30.2,5.3,13.4,,,,,,0.46,,,,,1.8,0.26
21,Amph-Opx Gabbro,,,,,,,,,,,,,,,,,,,40.7,25.4,0.01,0.01,0.001,0.43,8.85,,572,1.4,,4.67,0.09,22.7,64,6.05,20.1,1.19,26,2.45,986,0.54,3.13,0.2711,7.8,0.26,0.08,1220,5.1,0.84,0.06,1.4,175,0.3,95,166,,13.1,8.5,0.06,1.2,,,5.39,,0.48,25.5,16.4,45.1,103,,,,,,0.97,,,,,2.1,0.32
22,Ol-Hb-Px Peridotite,6.72,0.04,8.97,0.14,10.88,0.23,18.19,0.17,0.71,0.13,0.04,37.27,,0.51,,0.04,,,809,506,0.008,0.01,0.005,0.26,3.96,,165,,,7.19,,88.5,967,7.27,8,0.94,30,11.06,1154,,,0.05,7,0.01,,305,0.7,0.3,,0.73,81,,77,37.3,,4.7,2,,,0.07,1.5,1,1,,8.9,14,5.7,18.8,2.57,11.2,2.5,0.79,2.53,0.39,2.06,0.48,1.32,0.17,1.2,0.16
23,Amph Gabbro,5.94,0.07,3.03,0.17,16.41,0.32,24.62,0.19,0.59,0.18,4.33,38.32,,0.46,,0.09,0.01,,3195,2952,0.024,0.02,0.029,1.98,3.56,,172,,0.8,2.42,0.7,195,1372,12.34,8,0.84,15,14.98,1378,,,0.06,22,2.55,,234,0.5,0.32,,0.12,79,,103,38,,5.2,2,,,0.51,1.1,1,1,,7.8,13,4.1,15.2,2.06,9.4,2.1,0.71,2.05,0.33,1.97,0.4,1.2,0.14,1,0.15
24,Amph Gabbro,6.73,0.14,3.63,0.15,16.32,0.36,23.59,0.2,0.72,0.11,4.23,39.35,,0.53,,0.16,,,2468,2682,0.028,0.02,0.027,1.96,3.69,,115,,0.8,2.74,0.5,173,961,10.83,8,0.78,24,13.82,1259,2,,0.05,234,2.55,0.2,271,0.7,0.3,,0.2,65,,97,51.1,,5.3,2,,1,0.57,1.1,1,1,,9.2,13,4.6,16.1,2.15,9.9,2.1,0.69,2.65,0.35,2.06,0.41,1.17,0.14,1.1,0.18
25,Amph Gabbro,9,0.06,4.96,0.13,12.66,0.49,19.19,0.19,0.88,0.2,1.8,42.36,,0.73,,0.05,,,1330,2302,0.009,0.01,0.016,0.55,5.25,9,139,,0.3,3.97,,118,933,9.8,11,0.49,43,12,1352,17,,0.07,25,0.9,1.1,381,0.7,0.45,,0.24,98,1,201,79,,8.2,3,,,0.18,2,2,1,,12.4,16,5.7,19.5,2.7,12.1,3,0.92,3.41,0.47,2.91,0.62,1.58,0.22,1.5,0.22
26,Hb-Px Gabbro or Peridotite,5.83,,3.65,0.17,15.27,0.39,22.76,0.22,0.49,0.13,2.98,39.95,,0.5,,0.06,,,2108,1739,0.021,0.02,0.021,1.35,3.74,,112,,0.5,2.76,0.5,157,1298,11.83,10,0.9,18,14.95,1383,,,0.05,13,1.52,0.3,288,0.5,0.31,,0.42,89,,109,39.6,,7.4,2,,,0.32,1,1,3,,10.6,11,6.4,15.5,2.12,8.8,2,0.61,2.15,0.33,1.97,0.36,1,0.13,1,0.16
27,Porphyritic Px-Hb Gabbro,13.97,0.05,5.52,0.06,12.34,0.44,13.8,0.23,1.73,0.14,2.51,41.9,,0.46,,0.04,,,785,716,0.004,0.01,0.01,1.14,7.45,,343,,0.2,4.03,,88.7,476,9.07,16,0.78,39,8.55,1601,,,0.05,7,1.4,0.2,856,0.6,0.28,,0.39,198,,87,20.2,,7.3,1,,,0.23,0.5,1,4,,12.4,30,6.1,15.5,2.1,10.1,2.4,0.92,2.7,0.41,2.54,0.46,1.18,0.2,1.3,0.19
28,Gabbro,8.8,0.06,5.28,0.11,11.81,0.33,18.15,0.2,1.2,0.15,1.57,44.24,,0.54,,0.09,0.02,,953,381,0.007,0.01,0.012,1.18,5.2,,109,,,3.25,,109,1150,8.98,14,0.76,33,12.46,1292,,,0.08,42,0.83,0.3,314,0.7,0.45,,0.4,114,,94,75.2,,9.4,3,0.2,,0.15,2.4,2,3,,14.5,16,8.7,21.4,2.94,12.2,2.9,0.94,3.19,0.52,2.9,0.57,1.5,0.22,1.5,0.21
29,Porphyritic Gabbro,16.8,0.06,4.5,0.04,10.22,1.12,7.06,0.16,2.32,0.3,1.43,50.09,,1,,0.05,0.02,,620,597,0.013,0.01,0.01,0.33,9,9,222,,0.1,3.15,0.3,57.2,301,7.6,17,0.66,44,4.33,1186,,,0.13,16,0.73,0.2,553,1.7,0.66,,0.88,144,,95,136,,16.6,4,,1,0.16,1,3,2,,30.1,22,12.9,34.7,4.97,22,5.4,1.58,5.53,1.01,5.64,1.46,3.35,0.51,2.8,0.43
30,Schistous shale,,,,,,,,,,,,,,,,,,,37.1,79.6,0.002,0.01,0.001,,8.25,6,85,0.7,,5.78,0.07,21.2,49,6.48,17.7,0.48,80,2.37,2335,0.62,3,0.0984,4.3,0.32,0.14,386,1,0.64,0.05,0.7,192,0.4,95,91.3,,8.6,2.3,0.07,0.9,,,3.04,,0.44,28.5,22.3,9.6,23.7,,,,,,0.8,,,,,2.9,0.44
31,Porphyritic Px-Hb Gabbro,13.55,0.04,6.21,0.06,9.36,0.71,9.83,0.16,2.97,0.24,,47.96,,0.69,,,,,204,31,0.001,0.01,0.01,0.12,7.61,,261,,,4.82,,46.7,498,6.57,16,0.77,17,5.65,1149,,,0.1,7,0.01,0.2,626,1.7,0.46,,0.31,133,1,66,93.1,,11.1,4,,,0.22,0.4,3,2,,20.6,24,16.4,39.8,4.89,21.3,4.7,1.43,4.76,0.71,4.1,0.82,2.33,0.33,2.3,0.32
32,Porphyritic Px-Hb Gabbro,12.69,0.03,7.01,0.09,10.45,0.61,12.21,0.17,2.28,0.21,0.17,46.44,,0.77,,,,,237,35,0.001,0.01,0.01,0.06,7.01,,228,,,5.36,,57.8,628,6.99,14,0.68,25,6.95,1248,,,0.09,6,0.12,0.2,638,1.3,0.5,,0.48,145,6,66,105,,8.3,3,,,0.52,0.5,2,2,,17.5,27,12.2,30.4,3.76,17.1,3.9,1.26,4.05,0.59,3.38,0.68,2.07,0.29,1.7,0.27
33,Porphyritic Gabbrodiorite,12.67,0.03,7.23,0.09,10.47,0.63,12.53,0.17,1.94,0.2,0.14,46.93,,0.76,,,0.01,,278,34,0.001,0.01,0.01,,7.21,,229,,,5.66,,62.7,712,7.49,15,0.66,22,7.64,1321,,,0.09,9,0.1,0.1,632,1.2,0.5,,0.36,144,,68,84,,8.6,3,,,0.2,0.5,2,2,,16.9,27,11.9,29.7,3.76,16.8,3.7,1.23,4.11,0.57,3.41,0.67,1.92,0.25,1.8,0.26
34,Porphyritic Px-Hb Gabbro,9.93,0.02,5.81,0.13,11.8,0.33,17.37,0.19,1.13,0.19,0.24,44.77,,0.65,,,0.02,,423,44,0.001,0.01,0.01,0.41,5.4,,152,,,4.27,,72.6,874,7.72,11,0.42,31,9.69,1299,,,0.08,8,0.06,0.1,399,1,0.39,,0.42,118,,75,99.7,,5.1,2,,,0.22,0.8,2,1,,12.6,23,9.5,24.6,3.02,14,3,0.96,3.36,0.43,2.84,0.56,1.47,0.2,1.4,0.23
35,Ol-Amph Gabbro,7.91,0.02,4.13,0.16,19.64,0.39,17.74,0.18,1.02,0.17,5.43,39.66,,0.63,,0.15,0.01,,3576,5492,0.053,0.04,0.01,3.24,4.7,,120,,1.7,3.05,1.7,250,901,13.32,9,0.31,20,10.37,1166,,,0.07,38,3.88,,308,1.4,0.38,,0.38,100,,101,69.9,,5.3,2,,2,0.93,0.6,1,1,,14.5,13,9.2,22.1,3.12,12.7,3.5,0.87,2.67,0.46,2.51,0.51,1.69,0.21,1.4,0.2
36,Porphyritic Px-Hb Gabbro,10.32,0.05,5.11,0.1,15.63,0.41,13.2,0.17,1.55,0.27,4.17,43.22,,0.82,,0.05,,,2542,2592.9999999999995,0.018,0.02,0.01,1.33,6.18,,167,,0.4,3.78,0.7,175,588,10.27,13,0.34,38,7.63,1066,,,0.11,27,2.57,0.1,497,1.3,0.55,,0.57,123,,83,43.8,,6.1,3,,2,0.33,0.9,2,2,,20.8,17,12.1,29.3,4.21,17.5,4.5,1.13,3.88,0.61,3.86,0.67,2.52,0.33,1.9,0.27
37,Porphyritic Qtz Diorite,11.94,0.03,1.81,,29.55,0.67,2.69,0.12,3.67,0.09,7.23,38.28,,0.59,,0.08,0.01,,9086,12000,0.053,0.06,0.01,6.25,6.8,9,107,,3.7,1.36,3.7,397,61,20.17,17,0.51,65,1.41,786,3,,,101,10.98,,209,1.5,0.39,,0.97,110,3,116,27.7,,11.9,3,0.5,4,2.11,0.8,3,2,,20.6,14,7.1,17.3,2.57,10.7,3.1,0.77,2.95,0.54,3.68,0.66,2.55,0.35,2.1,0.32
38,Porphyritic Gabbrodiorite,,,,,,,,,,,,,,,,,,,140,30.1,0.001,0.01,0.44,0.19,7.26,6,278,0.7,,5.4,0.03,34.2,283,5.65,15.2,0.43,67,4.32,790,0.9,2.23,0.1036,3.2,,0.1,312,1.4,0.35,0.05,0.57,116,0.1,64,59,,9,2.4,0.04,0.4,,,0.5,,0.18,13.7,20.6,16.3,37.6,,,,,,0.49,,,,,1.3,0.18
39,Porphyritic Px-Hb Gabbro,,,,,,,,,,,,,,,,,,,177,42.4,0.001,0.01,0.01,,7.62,2,142,0.6,,6.47,0.06,44.8,293,6.82,15.7,0.47,30,6.08,1074,0.73,2.26,0.0974,1.9,,,569,1,0.54,0.04,0.43,167,,69,72.8,,7.8,3,0.05,0.5,,,0.54,,0.21,17.5,29.7,12.1,29.7,,,,,,0.59,,,,,1.8,0.26
40,Amph-Opx Gabbro,,,,,,,,,,,,,,,,,,,203,44.2,0.001,0.01,0.001,,7.26,3,174,0.6,,5.77,0.07,51.1,417,7.25,15.4,0.45,20,7.15,1269,0.63,2.38,0.1167,1.6,0.09,,673,1.2,0.63,0.02,0.53,167,,78,84.6,,6.4,3.7,0.05,0.6,,,0.58,,0.22,20.7,29.1,13.9,34.2,,,,,,0.66,,,,,2.1,0.3
41,Porphyritic Px-Hb Gabbro,,,,,,,,,,,,,,,,,,,210,36.3,0.001,0.01,0.001,,6.03,,187,0.6,,5.17,0.06,51.8,440,7.07,13.9,0.49,21,7.36,1233,0.66,2.3,0.0963,1.9,0.11,0.06,621,1.4,0.5,0.03,0.45,157,,79,87.3,,6.5,3.5,0.05,0.6,,,0.57,,0.26,19.7,31.7,13.1,30.9,,,,,,0.63,,,,,2,0.3
42,Porphyritic Gabbrodiorite,10.48,0.02,7.54,0.1,9.48,0.13,14.29,0.15,2.14,0.2,0.5,43.51,,0.64,,0.02,0.01,,500,231.99999999999997,0.001,0.01,0.001,,6.15,21,98,,,5.88,,71.1,738,7.27,12,,41,8.98,1154,,,0.1,10,0.24,,412,1.6,0.43,,0.53,118,,74,83.3,,2.2,3,,,,0.2,2,1,,16.3,19,13,28.6,3.6,16,3.4,1.13,3.37,0.52,3.03,0.61,1.47,0.28,1.7,0.23
43,Hb-Ol-Px Gabbro,7.45,0.11,3.95,0.16,20.9,0.39,18.82,0.18,0.47,0.16,6.2,37.87,,0.54,0.01,0.6,,,4923,5553,0.046,0.04,0.048,2.74,4.24,,107,,1.4,2.97,1.3,300,1224,15.6,9,0.23,20,12.1,1345,,,0.07,29,4.81,,309,0.8,0.35,,0.28,94,,108,59.2,,6.7,2,,1,1.01,1.2,2,1,,11.3,14,8.4,19.8,2.57,10.6,2.6,0.8,2.67,0.38,2.3,0.47,1.13,0.17,1.2,0.16
44,Pophyritic Gabbrodiorite,13.44,0.03,5.56,0.1,12.25,0.63,12.78,0.18,2.54,0.19,2.81,43.98,,0.75,,0.2,0.02,,1432,1419,0.013,0.01,0.017,0.77,6.56,8,162,,0.2,3.63,0.6,116,601,8.22,14,0.32,27,7.03,1117,,,0.08,12,1.32,,375,0.8,0.43,,0.44,129,,78,81.3,,9,3,,1,0.3,0.5,2,1,,16.1,18,10.8,25.4,3.35,15.1,3,1.09,3.66,0.51,3.16,0.64,1.57,0.24,1.8,0.28
45,Porphyritic Gabbro,13.44,0.03,5.56,0.1,12.25,0.63,12.78,0.18,2.54,0.19,2.81,43.98,,0.75,,0.2,0.02,,1432,1419,0.013,0.01,0.017,0.77,6.56,8,162,,0.2,3.63,0.6,116,601,8.22,14,0.32,27,7.03,1117,,,0.08,12,1.32,,375,0.8,0.43,,0.44,129,,78,81.3,,9,3,,1,0.3,0.5,2,1,,16.1,18,10.8,25.4,3.35,15.1,3,1.09,3.66,0.51,3.16,0.64,1.57,0.24,1.8,0.28
46,Porphyritic Px-Hb Gabbro,13.7,0.05,6.32,0.06,12.53,0.67,9.7,0.16,2.66,0.19,4.17,45.14,,0.67,,0.3,0.01,,2254,2675,0.023,0.03,0.033,1.54,6.76,,148,,0.7,4.14,0.8,157,468,8.45,16,0.33,22,5.21,1072,,,0.08,11,2.31,,399,1,0.4,,0.5,112,,71,87.7,,11.1,3,,1,0.66,0.3,3,1,,16.9,18,13.3,30.3,3.96,17,3.7,1.19,3.74,0.53,3.43,0.68,1.51,0.27,1.9,0.24
47,Hb-Px Gabbronorite or Peridotite,8.02,0.06,2.86,0.15,17.36,0.24,21.39,0.18,0.12,0.15,4.95,40.02,,0.63,,0.41,0.01,,3870,4165,0.044,0.04,0.053,2.51,4.43,,57,,1.1,2.04,1.2,220,1090,12.85,10,,28,13.2,1327,,,0.08,13,3.06,,156,0.5,0.42,,0.28,96,,102,68.7,,4,3,,1,0.98,1.1,2,1,,12.5,15,7.7,18.4,2.42,10.4,2.6,0.81,2.65,0.41,2.64,0.51,1.33,0.17,1.4,0.18
48,Hb-Px Gabbronorite,4.23,,2.75,0.15,29.33,0.13,18.87,0.18,0.14,0.06,7.24,28.47,,0.29,,0.19,,0.01,1.2,16800,0.233,0.14,0.193,11,2.97,,42,,4.8,2.11,4.5,443,1113,24.74,6,,0,13.15,1427,,,0.05,101,9.69,,197,0.2,0.21,,0.1,59,,153,35,,2.2,1,0.3,4,4.13,0.5,,1,,5.6,10,3.3,8.1,1.04,4.8,1,0.38,1.12,0.17,1.25,0.21,0.55,0.09,0.6,0.09
49,Porphyritic Px-Hb Gabbro,7.09,0.08,3.61,0.13,19.79,0.33,20.06,0.17,0.7,0.15,5.41,37,,0.49,,0.5,0.01,,5333,9775,0.146,0.11,0.133,7.45,4.14,15,99,,3.2,2.64,3,254,961,14.72,9,0.15,19,12.75,1301,,,0.07,64,4.06,,319,0.5,0.33,,0.26,81,,114,58.9,,6.3,3,,3,2.69,0.8,2,1,,10,12,7.2,16.5,2.13,9.5,2.2,0.7,2.23,0.32,1.97,0.4,1.19,0.17,1,0.18
50,Hb-Px Gabbronorite,7.65,0.02,5.3,0.15,13.74,0.35,20.36,0.21,0.44,0.2,3.65,40.31,,0.67,,0.17,0.02,,1857,1509,0.03,0.02,0.03,0.8,4.38,13,69,,0.3,3.73,0.5,136,950,10.14,10,,41,12.53,1506,,,0.08,6,1.56,,328,0.6,0.39,,0.37,93,,95,67.7,,8.4,3,,,0.31,1.7,2,2,,13.5,14,8.9,20.7,2.7,12.3,2.6,0.89,2.95,0.4,2.8,0.56,1.27,0.24,1.4,0.21
51,Amph-Pl Gneiss,,,,,,,,,,,,,,,,,,,93,1350,0.23,,,,7.36,1,319,0.1,0.3,0.12,6.01,67.6,338,13.78,12.4,0.09,32,6.62,917,2.7,0.07,0.005,30.2,4.36,0.07,18.7,0.3,0.18,0.32,0.51,218,0.4,1274,16.7,4,3.4,3.6,0.15,,0.43,2,0.7,,0.16,5.2,33,2.1,5.46,,,,,,0.13,,,,,0.8,0.12
52,Qtz-Act-Ab Gneiss,,,,,,,,,,,,,,,,,,,83,3940,0.39,,,,6.89,,2583,0.1,0.22,0.1,6.8,65.5,256,13.1,11.8,0.12,24,6.34,827,5.53,0.08,0.005,26.2,2.94,0.36,90.2,0.3,0.17,0.6,0.56,206,0.3,1451,19.2,,3.4,2.6,0.17,0.3,0.24,2,0.58,,0.13,4,29.7,1.6,4.37,,,,,,0.12,,,,,0.5,0.1
53,Cor-Act Metasomatite,,,,,,,,,,,,,,,,,,,59,1470,0.17,,,,5.42,3,623,0.1,0.18,2.52,1.54,50.8,175,11.66,8.7,0.38,18,7.23,1645,8.31,0.08,0.005,23.8,3.85,0.25,67.9,0.2,0.13,0.35,0.99,167,3.6,555,16,3,8.4,2.2,0.17,0.6,1.96,,0.54,,0.12,6.8,22.4,2.5,4.8,,,,,,0.16,,,,,0.7,0.12
54,Spi-Cor-Act Metasomatite,,,,,,,,,,,,,,,,,,,94,1640,0.05,,,,7.25,1,308,0.1,0.19,0.11,0.17,78.2,375,11.93,14,0.11,31,7.39,1124,0.95,0.08,0.005,7.7,3.05,0.18,18.4,0.9,0.19,0.42,0.31,252,0.5,185,21.3,5,12.7,3.3,0.08,0.3,0.25,2,0.73,,0.2,7.2,40.5,1.4,4.32,,,,,,0.16,,,,,1,0.16
55,Bt-Chl Serpentinite,,,,,,,,,,,,,,,,,,,60,3880,0.27,,,,5.29,2,1183,0.1,0.55,0.06,0.46,69.3,210,11.41,9.1,0.25,27,3.63,560,4.71,0.07,0.005,24.4,4.94,0.07,20.7,0.8,0.12,0.43,0.3,161,0.6,177,18.2,10,13,1.7,0.14,,0.96,2,0.67,,0.12,4.5,27.7,0.9,2.42,,,,,,0.1,,,,,0.7,0.12
56,Qtz-carb vein,,,,,,,,,,,,,,,,,,,60,2880,0.19,,,,3.8,2,9828,,0.33,0.1,0.48,49.1,151,12.6,8.2,0.12,21,2.95,605,14.2,0.05,0.005,29.7,6.53,0.17,169,,0.11,0.46,0.31,135,0.5,123,12,8,4,1.6,0.13,,0.7,1,0.41,,0.06,3.2,18.8,0.7,2.12,,,,,,0.06,,,,,0.5,0.07
57,Plagio-rhyolite porphyry,,,,,,,,,,,,,,,,,,,12,42.9,0.01,,,,7.87,2,436,2.7,0.21,0.67,0.04,2.1,16,1.61,20.9,0.61,9,0.81,317,0.35,4.47,0.0426,42.9,0.03,0.11,100,4.7,0.15,0.46,1.96,18,0.6,44,94.5,,5.4,7.1,0.04,1.3,,,3.01,,0.49,4.3,3.2,15.7,33.3,,,,,,0.21,,,,,0.3,0.05
58,Cor-Serp-Act Metasomatite,,,,,,,,,,,,,,,,,,,77,3970,0.19,,,,7.42,2,544,0.4,0.36,0.17,0.71,79.4,278,13.64,12.2,0.42,38,5.28,981,17.1,0.14,0.005,19.3,5.43,,26,1.2,0.16,0.55,0.71,226,5.5,351,20.8,17,14.9,3.2,0.16,,1.07,3,1.09,,0.38,6.6,37.2,2,4.7,,,,,,0.15,,,,,1.1,0.19
59,Cor-Serp-Act Metasomatite,,,,,,,,,,,,,,,,,,,68,1739.9999999999998,0.24,,,,7.24,2,680,0.1,0.41,0.24,0.52,48.9,194,10.9,11.9,0.37,42,6.34,864,7.27,0.17,0.005,22.1,4.5,,60.7,0.6,0.13,0.84,0.42,217,0.5,331,18.9,9,12.7,1.7,0.13,,0.5,3,0.69,,0.14,6.2,35.8,1.2,3.25,,,,,,0.14,,,,,1,0.16
60,Serp-Chl-Cord Metasomatite,,,,,,,,,,,,,,,,,,,128,2140,0.14,,,,4.54,5,261,0.1,0.3,0.56,0.15,107,379,11.49,13,0.37,51,7.21,1071,3.44,0.14,0.005,9.6,3.21,,36.8,0.3,0.17,0.61,0.23,244,0.5,69,13.9,14,13.6,2.7,0.06,,0.38,2,0.48,,0.13,6,34,1.3,3.2,,,,,,0.13,,,,,0.9,0.14
61,Cord-Serp-Chl Metasomatite,,,,,,,,,,,,,,,,,,,112,4890,0.19,,,,4.25,5,71,0.1,0.53,0.19,0.47,122,428,12.43,13.2,0.24,47,5.93,1046,1.73,0.16,0.005,9.8,3.83,0.05,32.2,0.5,0.17,0.52,0.29,253,0.3,64,16.2,19,9.6,3.1,0.06,,0.43,2,0.6,,0.16,6,35.5,1.3,3.04,,,,,,0.13,,,,,1,0.16
62,Chl-Serp Metasomatite,,,,,,,,,,,,,,,,,,,81,6730,0.18,,,3,7.87,7,72,0.2,0.62,0.2,0.66,90.1,382,13.76,13.6,0.32,53,7.02,1316,1.39,0.13,0.005,8.6,5.7,0.06,23.9,0.7,0.15,0.73,0.19,236,0.9,78,17.7,21,11.4,2.2,0.07,,0.4,2,0.58,,0.16,5.6,33.6,1.1,2.22,,,,,,0.13,,,,,0.9,0.15
63,Alb-Chl-Act Metasom after Gabbrodiorite,,,,,,,,,,,,,,,,,,,131,106,0.001,0.01,0.005,,8.82,6,42,0.5,0.08,6.63,0.07,42.2,441,9.08,19.7,0.12,136,5.59,1799,0.62,1.71,0.1026,2.8,0.83,0.16,480,2.4,0.73,,1.06,312,0.7,95,93.3,,2.1,3.2,0.08,1.1,0.05,,3.21,1,0.27,18.7,41.6,12.4,31.7,2.13,9.5,2.2,0.7,2.23,0.72,1.97,0.4,1.19,0.17,1.8,0.24
64,Serp-Carb-Act-Chl Metasom after Gabbro,,,,,,,,,,,,,,,,,,,43,82.5,0.003,0.01,0.002,,9.5,7,271,0.9,0.04,1.81,0.09,24.1,91,6.41,19.8,1.21,75,1.94,1173,0.57,3.65,0.0461,5.2,1.12,0.38,304,0.8,0.58,0.12,0.37,162,0.3,91,80.9,,10.3,2.6,0.07,1,0.05,,2.53,,0.17,15,24.9,3,8.01,,,,,,0.47,,,,,1.8,0.25
65,Amph-Gabbrodiorite,,,,,,,,,,,,,,,,,,,238,47.3,0.004,0.01,0.003,3,8.57,6,287,0.6,0.04,5.28,0.06,33.7,311,5.43,15.4,0.38,80,5.23,966,0.34,2.16,0.0798,1.9,0.59,0.29,864,1.8,0.41,0.02,0.63,166,0.1,54,65.5,,6,2.1,0.05,0.5,,2,1.71,,0.16,14.5,24.7,11.7,28.1,,,,,,0.47,,,,,1.2,0.2
66,Qtz Micro-Diorite,,,,,,,,,,,,,,,,,,,462,65.4,0.001,0.01,0.001,,6.37,65,62,1.3,,7.72,0.11,54.4,1162,7.04,12.8,0.31,50,9.68,1357,0.82,0.72,0.1376,4.3,0.02,0.33,461,2,0.37,0.03,1.09,240,0.3,79,58.5,,3.4,2.1,0.03,0.6,0.07,,1.88,2,,11.7,29.5,13.9,34.7,3.32,15.7,4.1,1.23,4.7,0.47,4.97,0.97,2.97,0.44,1.1,0.16
67,Siltstone,,,,,,,,,,,,,,,,,,,59,90.4,0.001,0.01,0.001,,9.66,5,89,0.8,,9.5,0.09,25.4,133,6.28,17.2,0.31,40,2.51,1833,1.13,2.67,0.1028,7.1,1.09,0.22,486,1.3,0.55,0.03,1.22,173,0.5,81,83.4,,5.2,3,0.05,0.8,0.11,,2.76,2,0.07,19.7,27.6,10.1,24,2.96,13.2,2.7,1.13,2.9,0.59,2.74,0.54,1.44,0.2,2.2,0.32
68,Chl-Ser Phyllite,,,,,,,,,,,,,,,,,,,64,90.4,0.001,0.01,0.001,,10.37,6,173,0.9,,8.98,0.06,24.7,159,6.94,19.2,0.8,65,2.38,2117,0.67,2.7,0.0636,2.4,0.41,0.2,774,1.4,0.58,0.07,1.57,186,0.4,90,82,,12.1,3.8,0.06,0.8,0.13,,2.92,2,0.09,18.5,30.3,9.3,19.1,1.19,5.8,1.5,0.57,1.77,0.56,2.05,0.4,1.17,0.17,2.2,0.34
69,Ksp-Qtz Meta-Siltstone,,,,,,,,,,,,,,,,,,,51,94.1,0.001,0.01,0.001,,10.28,6,169,0.9,,5.34,0.1,26.3,95,6.26,18.7,1.05,64,1.91,1205,0.83,3.14,0.1093,9.3,1.54,0.16,653,1.4,0.55,0.11,1.16,185,0.4,89,67.4,,18.9,2.7,0.06,0.9,0.16,,2.28,1,0.07,20.6,27.8,9.7,23.4,2.86,12.5,2.8,0.94,2.72,0.67,2.64,0.48,1.3,0.2,2.3,0.33
70,Sandy Siltstone,,,,,,,,,,,,,,,,,,,910,858,0.01,0.01,0.014,,6.54,13,107,0.9,0.04,7.06,0.17,71,857,7.2,13.3,0.38,37,8.48,1281,0.72,1.05,0.1076,4.5,0.6,7.14,464,1.7,0.48,0.04,0.85,191,0.2,74,72.9,,6,3.2,0.05,0.8,0.12,,2.4,2,0.07,13.5,26.5,12.5,32.2,3.32,16.1,4,1.11,4.6,0.52,4.76,0.95,2.58,0.38,1.4,0.21
71,Ol-Amph Gabbro,,,,,,,,,,,,,,,,,,,553,228,0.001,0.01,0.004,,7.58,5,254,0.8,,4.74,0.11,65.9,504,6.85,14.9,0.52,48,8.24,1318,0.54,1.45,0.1151,3.6,0.27,0.27,559,2,0.48,0.06,0.78,159,0.3,82,98.1,,8.5,4.7,0.06,0.9,0.08,2,2.52,1,0.28,18.9,25.7,15.9,39.6,2.88,13.1,3.7,1.09,3.42,0.62,4.09,0.88,2.59,0.4,2,0.29
72,Amph-Peridotite,,,,,,,,,,,,,,,,,,,506,105,0.001,0.01,0.005,,6.29,3,12,1.2,,6.19,0.07,62.4,910,7.12,12.1,0.12,53,10.17,1300,0.48,0.28,0.1105,3.6,0.19,,248,2.2,0.34,,1.03,189,0.4,65,64,,0.7,2.2,0.04,0.6,,,1.81,,0.12,11.5,31.3,13.4,34.3,,,,,,0.47,,,,,1,0.16
73,Skarn,,,,,,,,,,,,,,,,,,,14,38.2,0.002,0.01,0.002,,8.44,3,140,0.8,0.06,1.28,0.09,17,22,6.02,23.8,0.8,78,1.92,1192,0.45,2.59,0.071,6.3,0.13,,461,1.1,0.5,0.08,0.83,118,0.3,103,72.9,,14.3,2.4,0.08,1.1,,,2.4,,0.17,25.3,31.2,8.7,23.2,,,,,,0.8,,,,,2.9,0.41
74,Diorite Porphyry,,,,,,,,,,,,,,,,,,,42,76.5,0.001,0.01,0.002,,10.35,4,171,0.6,,4.86,0.1,26.3,84,7.12,19.6,0.64,48,2.11,1075,0.47,3.95,0.0962,5.3,0.67,0.06,543,1.3,0.5,0.06,0.59,171,0.3,90,43.8,,9.2,2.1,0.07,0.8,0.06,,1.64,,0.18,16.2,28.8,7.3,17.4,,,,,,0.53,,,,,1.6,0.27
75,Px-Amph Gabbro,,,,,,,,,,,,,,,,,,,83,118,0.013,0.01,0.001,,8.89,4,135,0.7,,9.29,0.13,25.9,138,6.33,16.5,0.34,24,2.92,1538,0.62,3.34,0.1009,6.2,0.55,0.11,646,1.7,0.58,0.02,0.78,153,0.2,74,110,,4.8,4.3,0.07,1.1,0.05,,3.17,,0.31,24,24.3,13.1,29.6,,,,,,0.71,,,,,2.5,0.4
76,Ep-Cpx-Ga-Carb Skarn,,,,,,,,,,,,,,,,,,,83,118,0.013,0.01,0.001,,8.89,4,135,0.7,,9.29,0.13,25.9,138,6.33,16.5,0.34,24,2.92,1538,0.62,3.34,0.1009,6.2,0.55,0.11,646,1.7,0.58,0.02,0.78,153,0.2,74,110,,4.8,4.3,0.07,1.1,0.05,,3.17,,0.31,24,24.3,13.1,29.6,,,,,,0.71,,,,,2.5,0.4
77,Px-Amph Gabbro,,,,,,,,,,,,,,,,,,,650,369,0.007,0.01,0.004,,7.31,1,161,0.6,,5.39,0.15,68.7,549,7.55,11.9,0.4,33,9.3,1217,0.57,1.63,0.082,3,0.48,0.1,426,1,0.52,0.04,0.33,133,,72,103,,4.7,3.5,0.05,0.8,0.06,,2.44,,0.2,16.2,21.8,9.4,22.1,,,,,,0.48,,,,,1.5,0.23
78,Peridotite,,,,,,,,,,,,,,,,,,,6370,6590,0.025,0.08,0.086,3,4.67,32,9,0.3,0.61,6.71,1.41,307,486,14.09,9.6,0.01,39,6.96,1041,1.53,0.02,0.0457,15,5,0.15,182,0.8,0.25,0.07,0.27,97,0.2,122,35.2,10,0.9,1.9,0.16,1.5,1.05,,0.81,2,0.14,8.9,10.8,6.2,16,4.13,18.2,4.1,1.28,4.62,0.32,3.49,0.77,1.85,0.3,0.7,0.1
79,Carb-Act-Chl Metasom after Gabbrodiorite,,,,,,,,,,,,,,,,,,,412,126,0.001,0.01,0.008,,6.53,,110,1.2,0.07,5.81,0.08,52.8,981,7.37,12.8,0.49,49,9.57,1405,0.82,0.79,0.124,3.9,0.61,0.22,240,2.8,0.43,0.05,1.15,232,0.2,66,81.4,,5.5,2.6,0.05,0.7,,,2.33,2,0.17,14.4,29.4,17.5,39.5,3.46,15.2,3.6,1.13,3.76,0.56,3.17,0.64,1.74,0.25,1.3,0.2
80,Chl-Ser Phyllite,,,,,,,,,,,,,,,,,,,88,103,0.001,0.01,0.001,,8.33,6,225,1,0.06,0.97,0.04,30.1,172,8.34,20.9,1.23,89,2.98,1224,0.43,1.73,0.1835,10.5,0.54,0.19,416,1.6,0.54,0.12,1.01,188,0.4,109,83.6,,15.1,4.7,0.08,1.1,,1,2.96,,0.31,17.3,30.5,8.2,22.2,,,,,,0.71,,,,,2.1,0.33
81,Amph-Gabbrodiorite,,,,,,,,,,,,,,,,,,,91,60.1,0.001,0.01,0.001,,6.6,14,154,0.7,,5.14,0.05,37.7,322,6.4,15.6,0.58,77,3.87,949,3.4,1.98,0.1305,2.4,0.21,0.32,548,1.8,0.59,0.06,0.58,188,,72,64.3,,12.2,3.8,0.06,0.7,,1,2.33,2,0.25,17,29.1,15.1,35,3.41,14.4,3.6,1.07,3.77,0.62,3.21,0.74,1.78,0.29,1.6,0.25
82,Bt-Qtz Micro-Diorite,,,,,,,,,,,,,,,,,,,141,40.8,0.001,0.01,0.001,,6.31,2,164,0.6,,5.78,0.06,46.3,407,6.42,16.3,0.49,37,5.63,1141,0.42,2.05,0.1339,2.3,0.15,0.15,623,1.8,0.63,0.05,0.57,186,,74,72.1,,9.5,4.4,0.06,0.8,,,2.74,2,0.27,20.2,30.5,15,34.7,1.28,5.6,1.5,0.64,1.96,0.64,1.94,0.46,1.18,0.19,2,0.29
83,Gabbrodiorite Porphyry,,,,,,,,,,,,,,,,,,,265,205,0.002,0.01,0.002,,5.44,12,184,0.6,,5.38,0.09,47.5,450,6.69,15.2,0.48,48,5.54,1069,0.18,1.76,0.099,2.3,0.21,0.28,526,1.5,0.39,0.04,0.54,145,,74,68.1,,8,2.2,0.05,0.6,,,1.78,2,0.18,13.2,22.1,13.1,30.6,6.05,26.1,6.7,2,7.18,0.46,5.62,1.14,3.06,0.43,1.3,0.18
84,Melanocratic Gabbro,,,,,,,,,,,,,,,,,,,805,525,0.008,0.01,0.004,,4.48,2,123,0.5,0.1,3.41,0.12,80,864,8.54,11.6,0.22,40,11.72,1183,0.33,1.35,0.0805,4.2,0.44,0.06,403,1.1,0.48,,0.39,130,,82,90.1,,2.4,1.8,0.05,0.8,0.07,,2.11,2,0.08,16.9,18.4,10.5,25.4,2.73,12,2.8,0.89,3.15,0.54,2.77,0.55,1.51,0.2,1.7,0.26
85,Amph-Peridotite,,,,,,,,,,,,,,,,,,,615,146,0.002,0.01,0.002,,5.45,3,191,0.6,,3.67,0.08,82.9,697,8.41,11.7,0.52,44,12.78,1373,0.44,1.24,0.097,2,0.16,0.07,549,1.2,0.44,0.12,0.37,126,,88,72.5,,10.2,2.9,0.04,0.7,,2,1.97,2,0.16,18.2,19.5,10.3,26.3,2.82,12.3,2.8,0.89,3.2,0.48,2.93,0.52,1.55,0.21,1.5,0.23
86,Amph-Peridotite,,,,,,,,,,,,,,,,,,,745,313,0.005,0.01,0.003,,4.84,6,173,0.4,,3.31,0.1,85.4,594,8.55,10,0.63,49,13.75,1386,0.15,0.89,0.0875,1,0.19,0.14,394,1,0.38,0.12,0.37,113,,86,66.3,,11.9,2.4,0.04,0.6,0.06,3,1.65,1,0.13,14.2,17.3,8.7,22.1,4.12,18.1,4.4,1.27,4.02,0.39,4.34,0.98,2.37,0.38,1.3,0.19
87,Px-Amph Gabbrodiorite,,,,,,,,,,,,,,,,,,,420,401,0.002,0.01,0.004,,6.49,5,259,0.6,0.08,7.5,0.25,57.2,690,6.49,14.4,0.65,18,6.37,1148,0.31,2.48,0.0934,6.8,0.6,0.1,509,0.9,0.57,0.03,0.35,155,0.2,62,91.9,,7,3.5,0.1,1.5,0.09,,2.61,2,0.23,22.3,37,9,22.7,4.19,18.3,4.2,1.41,4.42,0.58,3.64,0.69,2.1,0.29,1.7,0.26
88,Amph-Peridotite,,,,,,,,,,,,,,,,,,,872,819,0.004,0.01,0.008,,6.24,1,146,0.7,0.08,4.14,0.31,79.1,676,8.95,15,0.5,24,9.45,1328,0.35,1.54,0.1215,3.5,0.8,0.12,297,1.1,0.75,0.03,0.45,174,0.2,91,101,,6.5,4.8,0.11,1.9,0.17,,2.76,2,0.27,24.5,20.6,10.6,27.2,4.02,17.6,3.9,1.23,4.1,0.63,3.51,0.7,1.94,0.29,1.9,0.29
89,Px-Amph Gabbrodiorite,,,,,,,,,,,,,,,,,,,872,819,0.004,0.01,0.008,,6.24,1,146,0.7,0.08,4.14,0.31,79.1,676,8.95,15,0.5,24,9.45,1328,0.35,1.54,0.1215,3.5,0.8,0.12,297,1.1,0.75,0.03,0.45,174,0.2,91,101,,6.5,4.8,0.11,1.9,0.17,,2.76,2,0.27,24.5,20.6,10.6,27.2,4.02,17.6,3.9,1.23,4.1,0.63,3.51,0.7,1.94,0.29,1.9,0.29
90,Amph-Peridotite,,,,,,,,,,,,,,,,,,,4070,4670,0.046,0.04,0.052,2,4.44,1,90,0.5,1.1,2.8,1.03,210,814,13.4,10.1,0.39,20,11.55,1242,0.47,0.75,0.0765,15.8,3.71,0.08,213,0.7,0.41,0.08,0.28,110,,100,70.2,6,5.9,3.1,0.12,1.7,1.01,1,1.91,2,0.2,15.8,16.7,7.1,18,4.16,18.3,4,1.28,4.08,0.42,3.61,0.72,2.13,0.29,1.3,0.2
91,Melanocratic Gabbro Porphyry,,,,,,,,,,,,,,,,,,,190,45.3,0.004,0.01,0.001,,8.5,2,174,0.8,,5.26,0.05,44.6,406,7.06,14.7,0.66,20,6.64,1209,0.23,2.01,0.1084,1.8,0.09,0.05,503,1.4,0.58,0.04,0.5,172,,76,81.6,,8.8,3.7,0.05,0.5,,,2.16,,0.29,18.6,24.7,12.6,29.9,,,,,,0.56,,,,,1.8,0.28
92,Melanocratic Gabbro Porphyry,,,,,,,,,,,,,,,,,,,936,928,0.012,0.01,0.01,,8.11,5,153,0.8,0.13,3.67,0.3,83.2,529,7.5,15.1,0.42,37,7.34,968,0.62,2.02,0.1035,3.5,0.98,0.21,452,2.1,0.53,0.07,0.61,154,,80,78.7,4,6.7,3.7,0.07,0.9,0.19,,2.36,,0.26,16.5,24.7,14.2,35.5,,,,,,0.57,,,,,1.6,0.25
93,Ga-Qtz-Carb Metamorphic rock,,,,,,,,,,,,,,,,,,,28,48.2,0.003,0.01,0.002,,8.89,,208,1,,2.46,0.16,19.2,53,6.11,19.3,1.14,79,2,1145,0.38,2.38,0.1349,7.6,0.62,0.14,474,1.7,0.33,0.1,0.71,162,0.3,108,88.7,,19.4,1.6,0.09,1.1,,1,2.59,,0.13,27.5,28.1,9.6,26.4,,,,,,0.85,,,,,2.6,0.39
94,Amph-Peridotite,,,,,,,,,,,,,,,,,,,3430,3550,0.04,0.03,0.03,2.2,3.2,5,90,0.5,2,2.27,1.1,212,942,12.75,10,0.26,10,14.85,1345,1,0.67,0.061,19,2.6,5,230,20,0.3,10,10,81,10,101,,,,,,,,,,,,,12,10,,,,,,,,,,,,,
95,,,,,,,,,,,,,,,,,,,,3340,2960,0.05,0.03,0.03,1.7,3.48,5,80,0.5,2,2.27,1.2,207,943,12.4,10,0.26,20,15.05,1370,1,0.65,0.06,18,2.42,5,229,20,0.31,10,10,81,10,101,,,,,,,,,,,,,12,10,,,,,,,,,,,,,
96,Amph-Peridotite,,,,,,,,,,,,,,,,,,,3320,2960,0.03,0.03,0.02,1.8,3.67,5,70,0.5,2,1.92,0.9,211,955,12.45,10,0.26,30,14.55,1280,1,0.47,0.063,16,2.58,5,155,20,0.34,10,10,87,10,82,,,,,,,,,,,,,13,10,,,,,,,,,,,,,
97,Amph-Peridotite,,,,,,,,,,,,,,,,,,,3850,3220,0.03,0.03,0.03,1.4,3.9,5,80,0.5,2,2.2,0.9,244,818,13,10,0.25,20,12.1,1240,1,0.52,0.068,10,2.99,5,435,20,0.4,10,10,98,10,94,,,,,,,,,,,,,13,10,,,,,,,,,,,,,
98,Px-Bt-Amph Gabbro,6.42,0.01,2.26,0.11,37.04,0.26,11.75,0.21,1.28,0.19,20.1,27.65,0.02,0.99,,,,,9800,15200,0.05,0.09,0.1,7,3.4,5,110,0.7,3,1.5,2.2,433,572,26,10,0.2,10,6.77,1565,1,0.83,0.076,19,8.73,5,190,20,0.59,10,10,236,10,187,,,,,,,,,,,,,9,10,,,,,,,,,,,,,
99,Amph-Peridotite,3.94,,2.18,0.18,33.43,0.14,18.45,0.15,0.45,0.08,15.25,27.86,0.02,0.29,,,,,11050,14750,0.11,0.13,0.16,8.3,2.07,5,30,0.5,4,1.44,3.7,505,883,24.1,10,0.11,10,10.6,1120,1,0.25,0.029,59,9.92,5,137,20,0.17,10,10,57,10,141,,,,,,,,,,,,,8,10,,,,,,,,,,,,,
100,,4.39,,2.53,0.18,32.21,0.15,19,0.16,0.63,0.08,19.9,28.98,0.02,0.3,,,,,11550,12450.000000000002,0.11,0.11,0.13,6.6,2.35,5,40,0.5,2,1.74,3,488,857,23.2,10,0.12,10,11.25,1205,1,0.37,0.031,77,9.05,5,180,20,0.18,10,10,59,10,135,,,,,,,,,,,,,9,10,,,,,,,,,,,,,
101,Amph-Peridotite,,,,,,,,,,,,,,,,,,,2980,2990,0.04,0.04,0.07,1.5,4.65,5,40,0.5,2,3.95,1.2,177,713,10.9,10,0.09,40,11.55,1345,1,0.48,0.086,10,2.41,5,206,20,0.46,10,10,109,10,99,,,,,,,,,,,,,15,10,,,,,,,,,,,,,
102,Amph-Peridotite,,,,,,,,,,,,,,,,,,,2100,2010.0000000000002,0.04,0.03,0.04,1.3,5,6,110,0.6,2,3.97,0.7,139,724,9.63,10,0.2,40,11.4,1385,1,0.75,0.093,11,1.38,5,360,20,0.49,10,10,117,10,91,,,,,,,,,,,,,17,10,,,,,,,,,,,,,
103,Gabbro Porphyry,,,,,,,,,,,,,,,,,,,506,606,0.01,0.01,0.01,0.5,7.58,10,370,0.7,2,5.47,0.5,57,358,6.56,10,0.5,30,6.09,1145,1,2.45,0.105,8,0.57,5,868,20,0.55,10,10,141,10,70,,,,,,,,,,,,,21,20,,,,,,,,,,,,,
104,Chl-Ser Micro-Schist,,,,,,,,,,,,,,,,,,,140,107,0.001,0.01,0.003,,9.5,6,187,1.3,0.12,3.05,0.05,40.9,253,7.62,20.4,0.87,86,3.96,1094,1.43,1.63,0.1218,5,3.54,0.73,520,1.9,0.41,0.1,0.93,179,0.8,95,76.9,,15,6,0.03,1.3,,1,2.51,,2.21,19,29.5,13.5,35.9,,,,,,0.61,,,,,2.1,0.3
105,Andesite,,,,,,,,,,,,,,,,,,,194,130,0.003,0.01,0.001,,8.59,7,112,1.1,0.28,4.86,0.05,40,274,6.07,17,0.12,75,5.08,993,1.27,2.26,0.1726,5.3,2.47,1.12,723,2,0.59,,1.03,185,1.6,78,92.1,,2.1,6.3,0.05,2.7,,,2.8,,2.3,18.2,21.4,18.6,49,,,,,,0.64,,,,,1.8,0.28
106,Alkalic Qtz Diorite Porphyry,,,,,,,,,,,,,,,,,,,194,130,0.003,0.01,0.001,,8.59,7,112,1.1,0.28,4.86,0.05,40,274,6.07,17,0.12,75,5.08,993,1.27,2.26,0.1726,5.3,2.47,1.12,723,2,0.59,,1.03,185,1.6,78,92.1,,2.1,6.3,0.05,2.7,,,2.8,,2.3,18.2,21.4,18.6,49,,,,,,0.64,,,,,1.8,0.28
